State,District,lgd_district_code,pc11_district_id,pc11_state_id,female_literacy_pct,scst_pct,agri_worker_pct,total_population,total_households,poverty_rate,poverty_log,night_lights_log
Andaman And Nicobar Islands,Nicobars,603,638,35,61.650636053366426,64.27718364909613,1.0672469174178842,36842,9288,0.22977314560839,0.2068297179094751,0.0246836923674538
Andaman And Nicobar Islands,North And Middle Andaman,632,639,35,69.96412803532009,0.7178234230139113,2.812681229460661,105597,26199,0.2127499019404686,0.1928904272860168,0.035845772371911
Andaman And Nicobar Islands,South Andamans,602,640,35,76.19769256442869,1.7178826078558171,1.99950716372725,238142,59064,0.0634623441356821,0.0615299475425145,0.1838755879779755
Andhra Pradesh,Ananthapuramu,502,553,28,48.22277307994979,18.065064045704787,38.88667613289633,4081148,968160,0.0722770124103594,0.0697844363664622,0.3828357050743813
Andhra Pradesh,Chittoor,503,554,28,56.77367961379364,22.638009383660624,36.237343189695856,4174064,1039953,0.0501798547103344,0.0489614397012591,0.5619834841202599
Andhra Pradesh,East Godavari,505,545,28,60.80782849855761,22.47569794206619,50.23027634877985,5154296,1428528,0.0709239811071894,0.0685218095880912,0.6020771801798234
Andhra Pradesh,Guntur,506,548,28,54.170691523528866,24.642841287095067,49.1647066978236,4887813,1296609,0.0740480761170549,0.0714347586947332,0.6468686293900381
Andhra Pradesh,Krishna,510,547,28,62.69975906912951,22.21471298300482,46.5986963732494,4517398,1243293,0.0658157639053278,0.0637404814498351,0.7674679387279997
Andhra Pradesh,Kurnool,511,552,28,43.7283416640354,20.248760134235837,49.44888251627293,4053463,887652,0.0949543110084649,0.090712637291523,0.3521991886917027
Andhra Pradesh,Prakasam,517,549,28,47.3498886303073,27.63856871392881,49.3001746488574,3397448,860463,0.0797277082530989,0.0767088873601654,0.3879735589377033
Andhra Pradesh,Srikakulam,519,542,28,46.831808405613145,15.603559450322848,47.24142424410731,2703114,681330,0.125308713333701,0.1180574098645163,0.4852841950884173
Andhra Pradesh,Sri Potti Sriramulu Nellore,515,550,28,55.77835457094227,32.143299420257485,42.41275786219607,2963557,776854,0.067983975022486,0.0657727357648384,0.5369050883058791
Andhra Pradesh,Visakhapatnam,520,544,28,53.23149968001732,22.094542264476974,25.424555021507096,4290589,1097042,0.1164504411794636,0.1101544036545744,0.6123791751225701
Andhra Pradesh,Vizianagaram,521,543,28,44.8762761021372,20.61374960865422,43.99206894562087,2344474,587149,0.1188427498686354,0.112294892081018,0.3335855466168403
Andhra Pradesh,West Godavari,523,546,28,64.56059893065483,23.387806752712624,57.93473457239959,3936966,1091525,0.0619374541354715,0.0600950266743593,0.6266638746650942
Andhra Pradesh,Y.S.R. Kadapa,504,551,28,50.46977266944946,18.79222291722825,36.88340526880655,2882469,706204,0.0550784966619241,0.0536151685790437,0.3369505069369677
Arunachal Pradesh,Anjaw,628,260,12,35.89026915113872,77.72003590494639,0.8959412780656304,21167,4612,0.2249938792976759,0.2029358474925147,0.0046914241155918
Arunachal Pradesh,Changlang,229,253,12,40.892000336709785,36.348548837585845,4.871466561607407,148226,29521,0.2091918128191192,0.1899522131585302,0.2354162514449823
Arunachal Pradesh,Dibang Valley,230,257,12,50.752089136490255,71.22688655672164,2.01980198019802,8004,1952,0.1534318443888637,0.1427417109639347,0.0023812435226101
Arunachal Pradesh,East Kameng,231,247,12,42.21470625078291,92.0066082094294,1.6333001511632197,78690,14508,0.3203794375927334,0.2779191480134292,0.0089654688749865
Arunachal Pradesh,East Siang,232,251,12,57.77424742352031,70.53339246477312,7.743165167669306,99214,19107,0.1748719087483233,0.1611591278224685,0.0365006762949884
Arunachal Pradesh,Kurung Kumey,233,256,12,34.963000983788874,98.57509014292542,3.947152470047595,92076,15037,0.2646030889588462,0.2347583092764685,0.0020999011102787
Arunachal Pradesh,Lohit,234,259,12,49.89856844831307,32.53365905878155,10.11545888008827,145726,30005,0.2569824666131249,0.2287139809134729,0.0603257589459597
Arunachal Pradesh,Lower Dibang Valley,235,258,12,52.87585968417413,48.02884615384615,12.905340662665791,54080,11600,0.1232463544735523,0.1162230234463308,0.0153640347149394
Arunachal Pradesh,Lower Subansiri,236,255,12,59.6960205890208,87.81283873298807,3.6437425559133616,83030,15249,0.1952870966631042,0.1783864047821274,0.0610858207873749
Arunachal Pradesh,Papum Pare,237,248,12,63.22619033996636,66.38387522441144,1.8003401294055552,176573,35730,0.1854638072122403,0.1701340965020276,0.2200805594382955
Arunachal Pradesh,Tawang,238,245,12,40.10851819840584,69.65404085879504,2.4314367580843226,49977,10062,0.2272475042669521,0.2047738603560366,0.0352179858200894
Arunachal Pradesh,Tirap,239,254,12,34.32160526751393,87.85175262335343,2.144051330712575,111975,20611,0.250980193349599,0.2239273987052388,0.0557602290577733
Arunachal Pradesh,Upper Siang,240,252,12,44.95517718548824,80.60022650056625,4.20683007435968,35320,7324,0.3343363657843021,0.2884340639734957,0.0008072131838902
Arunachal Pradesh,Upper Subansiri,241,249,12,49.10290237467018,93.85845077173808,2.4069681533615896,83448,15869,0.3431073707519941,0.2949858627832159,0.006245128680408
Arunachal Pradesh,West Kameng,242,246,12,50.079381879762906,55.24914529405458,2.3509438305709023,83947,18159,0.109161859380089,0.103604648466958,0.0373634659441374
Arunachal Pradesh,West Siang,243,250,12,51.69297305289616,82.63979193758128,1.4348837209302323,112274,21231,0.1741997337035578,0.1605868378582428,0.0056403614200001
Assam,Baksa,616,324,18,53.38147606907807,42.532431650132885,15.971066881784568,950075,191701,0.3523916546177738,0.3018746210382434,0.180874256254743
Assam,Barpeta,280,303,18,48.15041530670757,7.242702326729342,12.95519657392258,1693622,337929,0.3251449930017747,0.2815218821318889,0.2476816493082634
Assam,Bongaigaon,281,319,18,54.26214785143229,13.754527587831143,12.9983148207084,738804,150018,0.3015395651714309,0.2635478446611338,0.5185603210192129
Assam,Cachar,282,316,18,62.82033038821262,16.265302021113463,7.894597238461229,1736617,379955,0.3897553527732954,0.3291277264527996,0.3087997672757261
Assam,Chirang,612,320,18,48.05395656168089,44.34671334530718,11.433750278722837,482162,97395,0.2353779664035743,0.2113769689284275,0.2859856097250646
Assam,Darrang,283,325,18,48.18181617600011,5.2427571351642435,19.22420648068385,928500,187783,0.310100792401862,0.2701040750180515,0.3543057530485606
Assam,Dhemaji,284,308,18,55.32273861994004,53.89407010011179,2.37927335571403,686133,129869,0.255367061328317,0.2274280089661292,0.0994085889782481
Assam,Dhubri,285,301,18,43.17696891981375,3.936215729267239,21.27216345411269,1949258,414674,0.392940429076345,0.3314169294010777,0.4252345159271966
Assam,Dibrugarh,286,310,18,60.49690645190575,12.195033683043876,5.564904736246703,1326335,276867,0.2480220086015679,0.2215599048891496,0.7981998821754623
Assam,Dima Hasao,299,315,18,60.32333010648596,72.94653949986454,2.683866055610056,214102,42252,0.3089773325877111,0.2692461701909009,0.0578958155055802
Assam,Goalpara,287,302,18,52.39032433404528,27.44184339549467,14.08122353365168,1008183,198454,0.3819181732228438,0.3234725146365846,0.533980367685888
Assam,Golaghat,288,313,18,62.11041248589437,16.315020883166742,7.574046677334621,1066888,227197,0.202175600825929,0.184132915980211,0.6860755777464425
Assam,Hailakandi,289,318,18,56.16883318917506,10.822149686938795,10.725636074167792,659296,143350,0.3921192931474686,0.3308272573404627,0.2392267370922795
Assam,Jorhat,290,312,18,67.71749422449487,20.932455395072218,5.958037414915765,1092256,236262,0.1968474008806816,0.1796909338046018,0.2879304944275716
Assam,Kamrup,291,321,18,60.223439650051894,19.100954042787613,9.99919286684202,1517542,311114,0.2260594548336255,0.2038053313085074,0.4399492971268706
Assam,Kamrup Metro,618,322,18,76.51714430373066,14.108353044568393,1.999012474767278,1253938,293112,0.1439608496173577,0.1344966700095581,1.369525866835772
Assam,Karbi Anglong,292,314,18,52.12122382257919,61.03639707919897,7.906496418178607,956313,177646,0.3033076812590249,0.2649054032370272,0.1469278286641297
Assam,Kokrajhar,294,300,18,49.30141834988727,34.74471956011552,11.662123187546916,887142,181081,0.2502617277834092,0.2233529116235381,0.3161494227791821
Assam,Lakhimpur,295,307,18,60.089021061032696,31.787183450928236,5.697396775683959,1042137,204307,0.2719970894066279,0.2405881767129759,0.1740810009996547
Assam,Marigaon,296,304,18,53.14759586381518,26.59409686209753,15.3348303240244,957423,184602,0.2960142782558931,0.2592936150421513,0.3568032163953943
Assam,Nagaon,297,305,18,56.97198437734715,13.51042295259384,14.646261937188518,2823768,559340,0.2963882612187157,0.2595821373373754,0.4409640494502885
Assam,Nalbari,298,323,18,63.51598501729081,10.831489854711856,9.962240754575069,771639,155248,0.2275962117071837,0.2050579578244888,0.2725948776585703
Assam,Sivasagar,300,311,18,65.63112947952598,7.939359715042787,4.391910957830381,1151050,248367,0.1816001340556196,0.1668695656876498,0.6289294597987931
Assam,Sonitpur,301,306,18,51.90851792054082,17.73999407518281,9.135718443558858,1924110,392919,0.2471815522794822,0.2208862473430909,0.336132794387798
Assam,Sribhumi,293,317,18,59.61212430866824,13.008205513857892,12.480912908327426,1228686,247714,0.4378199110909294,0.3631280157753564,0.4141815447802522
Assam,Tinsukia,302,309,18,53.24595722080352,9.018102624462603,4.749773274693555,1327929,268598,0.2625924762483808,0.2331671279984054,0.871586559825372
Assam,Udalguri,617,326,18,50.14010452358365,36.69925980078589,14.266642441286368,831668,168717,0.2542298027238708,0.2265216811821057,0.3012990956485217
Bihar,Araria,188,209,10,34.721295084836775,14.991700363747077,59.53762869573958,2811569,568142,0.3497916875073806,0.2999502749939234,0.7629267647905228
Bihar,Arwal,611,240,10,44.7825081666894,20.247616085200253,54.65503450585019,700843,118222,0.3674928613178138,0.3129790350574587,1.0208527338929825
Bihar,Aurangabad,189,235,10,48.90080064582209,24.136983464648456,42.13031402122901,2540073,391898,0.3482818311927629,0.2988310642224148,0.923176034312116
Bihar,Banka,190,225,10,38.68862149824881,16.62552346391201,49.06374549916198,2034763,381601,0.3312425751878111,0.2861127731363349,0.6491068060081424
Bihar,Begusarai,191,222,10,44.91941939480255,14.605656006767791,38.12669923337012,2970541,589667,0.3200561234793783,0.2776742534818318,1.2215677402947789
Bihar,Bhagalpur,192,224,10,44.68009701125727,12.69844352724996,34.924521978772916,3037766,564711,0.2952875070426348,0.2587326836705622,1.0563899843269136
Bihar,Bhojpur,193,231,10,48.201231561439016,16.10386573557391,35.99819534422247,2728407,416090,0.3266756384861872,0.2826762932834004,1.0070927263459195
Bihar,Buxar,194,232,10,48.420711776386135,16.324943505208772,34.787108084992404,1706352,261660,0.2856194097744247,0.2512406331604435,0.9365554837358488
Bihar,Darbhanga,195,215,10,36.80913756847104,15.70737939012822,41.2285823282245,3937385,803012,0.3134865293744647,0.2726850745708576,0.9771699909466186
Bihar,Gaya,196,236,10,43.711750277195776,30.455971169221424,40.90552967706893,4391418,688425,0.2919731355918452,0.2561706122586664,0.9818905221220126
Bihar,Gopalganj,197,217,10,45.512791788285355,14.866089620189133,29.901600337087007,2562012,413044,0.3149936381059283,0.2738318276757651,0.9830894502706
Bihar,Jamui,198,238,10,38.3971641789277,21.667854840221427,40.33393809840306,1760405,307082,0.3409951921847149,0.2934120190468169,0.6400430572317187
Bihar,Jehanabad,199,239,10,45.294600458376486,19.928588757083585,43.36525090388971,1125313,181740,0.360144744230084,0.3075911236656787,1.2634456354637282
Bihar,Kaimur (Bhabua),200,233,10,47.51904724023516,26.25880480870446,40.852848801669445,1626384,250884,0.2772078549213256,0.2446763319502307,0.6048828632297459
Bihar,Katihar,201,212,10,35.21925419505929,14.427444351714032,59.9044041210182,3071029,619076,0.3208498216789554,0.2782753337474346,0.6833210260833876
Bihar,Khagaria,202,223,10,39.18720469927212,14.86820334443987,47.59878935494298,1666886,328823,0.3311814294218718,0.2860668407334988,0.7139505893666154
Bihar,Kishanganj,203,210,10,37.05658040149133,10.491126360624705,57.30796845084492,1690400,338445,0.3694228277486843,0.3143893574568471,0.5539430059903538
Bihar,Lakhisarai,204,227,10,42.58366047365282,16.139480793516313,39.83186866535227,1000912,163355,0.3638204054253693,0.3102898831756253,0.8497803303976846
Bihar,Madhepura,205,213,10,33.21211524172529,17.924558463993222,53.86205854699024,2001762,401289,0.3292232683232119,0.2845947628545709,0.9142166459923604
Bihar,Madhubani,206,207,10,37.77701886781961,13.173569694024062,52.615746710474255,4487379,898515,0.3242852115910583,0.2808728509255508,0.9238352723401672
Bihar,Munger,207,226,10,51.36428253831076,15.006232795838468,32.640251583105545,1367765,263171,0.2633914981936179,0.2337997701528857,0.8707318453079875
Bihar,Muzaffarpur,208,216,10,44.95648903814054,15.787215411923444,40.24007364572714,4801062,945703,0.2366172867930994,0.2123796573371169,1.1823818517852638
Bihar,Nalanda,209,229,10,43.48674808578632,21.16704133542161,46.27322528271176,2877653,477529,0.3593874636718637,0.3070342039310323,1.0874821317572847
Bihar,Nawada,210,237,10,40.162571965177506,25.557444169964484,41.62777846606451,2219146,338247,0.3791143057080263,0.3214414856645886,0.8041985978622522
Bihar,Pashchim Champaran,211,203,10,35.66057893242658,20.431548125788744,58.27540549486925,3935042,710461,0.3077015184572906,0.2682710300960372,0.557117164490218
Bihar,Patna,212,230,10,51.87160795854132,15.928621649697307,29.1474235141661,5838465,975578,0.293093460518873,0.257037379094657,1.5852308295653803
Bihar,Purbi Champaran,213,204,10,35.95102395951967,12.985660388310638,54.30746590936176,5099371,981516,0.2926225144981236,0.2566731116882542,0.9360518683677728
Bihar,Purnia,214,211,10,33.672917216366216,16.249400006555128,61.12598775092255,3264619,647777,0.3316670995382292,0.2864316156100724,0.844722786187544
Bihar,Rohtas,215,234,10,52.10841502091258,19.635543957636663,31.8056039480937,2959918,460345,0.298361387695078,0.2611029984019575,0.8723904322959712
Bihar,Saharsa,216,214,10,33.052163451161995,17.007662071247847,42.87389286756246,1900661,368979,0.3378376246762553,0.2910545975975074,0.9165923607498976
Bihar,Samastipur,217,221,10,41.80549655609991,18.890051215914525,46.348876445974525,4261566,835493,0.2790573350339668,0.246123349609135,0.9909835921526794
Bihar,Saran,218,219,10,45.18758284556938,12.926868397732513,31.57501099868016,3951862,631097,0.3260848282112639,0.282230862727488,1.069020353667294
Bihar,Sheikhpura,219,228,10,43.132886930485746,20.701446706330874,44.22169970676072,636342,100701,0.3882996702185018,0.3280797395151943,1.0215693955571268
Bihar,Sheohar,220,205,10,36.19598608405772,14.77692816413357,59.58317610519288,656246,150144,0.2459822521803743,0.2199241764278413,1.052301800779868
Bihar,Sitamarhi,221,206,10,34.042986517494676,11.937904657530405,51.87482169987195,3423574,736322,0.2600122507402823,0.2311214437258683,0.93946210257893
Bihar,Siwan,222,218,10,49.18942788759519,14.222792980197354,24.28977026816474,3330464,535661,0.3143547136396194,0.2733458331300364,0.9498122268399034
Bihar,Supaul,223,208,10,35.911111359451965,16.34834343916493,53.24289271742879,2229076,443073,0.3278470488228859,0.2835588703420464,0.8332780824578034
Bihar,Vaishali,224,220,10,46.90521458527973,21.181703915369894,39.89268246355478,3495021,626087,0.3456190685012498,0.2968541811388512,1.2066813571707802
Chandigarh,Chandigarh,44,55,4,71.63043638515798,18.86266521388981,0.3617245659175651,1055450,241173,0.0550314368911984,0.0535705644852141,3.1416130557496555
Chhattisgarh,Bastar,374,414,22,37.57149733039322,68.62041368554605,21.138026057179907,1413199,311538,0.3224718778335183,0.2795026201261311,0.2352959886300603
Chhattisgarh,Bijapur,636,417,22,25.949102056618234,83.96779375465266,15.195131096945396,255230,54757,0.4096909385377659,0.343370487837477,0.0364441323729372
Chhattisgarh,Bilaspur,375,406,22,50.61418919176407,39.47475417935456,37.65642996099535,2663629,600822,0.3538156032247338,0.3029269785280453,0.8432059991998367
Chhattisgarh,Dakshin Bastar Dantewada,376,416,22,27.72137619853356,79.31425423226982,9.82608459722712,533638,120850,0.3382358732072317,0.2913522340669327,0.1439976406078311
Chhattisgarh,Dhamtari,377,412,22,60.442565516417666,33.285862004723796,40.509231650008346,799781,170951,0.2921600212053552,0.2563152531130621,0.3596302468683806
Chhattisgarh,Durg,378,409,22,61.306040362962165,25.582797427652732,30.11734406812104,3343872,701707,0.2637305341179603,0.2340680879642471,0.8449621023587572
Chhattisgarh,Janjgir-Champa,379,405,22,52.9801365688628,36.124064414119346,33.281083901473735,1619707,364532,0.3873165506204717,0.3273713421281479,0.8706195920336824
Chhattisgarh,Jashpur,380,402,22,50.30403680297571,68.01022462952156,31.972308125306764,851669,192570,0.3970871436868592,0.3343894574895687,0.325209025230853
Chhattisgarh,Kabeerdham,382,407,22,40.35978444117446,34.87318334010111,38.06881278077835,822526,178446,0.3877571051656721,0.3276888504926432,0.5133253728867934
Chhattisgarh,Korba,383,404,22,53.1168470251379,51.23632566465557,27.001204633557325,1206640,280073,0.35518723939244,0.3039396288385886,0.6807508290122427
Chhattisgarh,Korea,384,400,22,51.79221420198655,54.491840398714864,15.724876774704288,658917,153274,0.317281832005754,0.2755703953159444,0.279149678699522
Chhattisgarh,Mahasamund,385,411,22,52.58848627173873,40.61732029118261,45.950141137669384,1032754,248561,0.3405751402058207,0.2930987309877597,0.5821530303895112
Chhattisgarh,Narayanpur,637,415,22,33.23770726949337,80.91832355886139,7.176146090926385,139820,27982,0.4349844858374679,0.3611540378900537,0.0401442682035532
Chhattisgarh,Raigarh,386,403,22,54.97911809236445,48.8995196735708,37.387161639597835,1493984,367962,0.3188154463542023,0.2767339445780002,0.6773232164005855
Chhattisgarh,Raipur,387,410,22,56.38730437181187,29.545615609940473,28.148542892042016,4063872,871225,0.298960414059994,0.261564263059369,0.7696654876264231
Chhattisgarh,Rajnandgaon,388,408,22,57.73430214987382,36.54966746533969,27.84553970994649,1537133,318488,0.3348095902354729,0.2887886526426255,0.4085104465275321
Chhattisgarh,Surguja,389,401,22,42.27572665087932,60.01476342501291,26.990036765827856,2359886,526049,0.3502946584989161,0.30032283418863,0.3642678250043997
Chhattisgarh,Uttar Bastar Kanker,381,413,22,52.64707683378461,59.592544673078386,22.65108427658859,748941,160937,0.3191444841277912,0.2769834083939538,0.1966530438306702
Delhi,Central,77,95,7,73.53105111494031,24.587512020881988,0.2607435528477686,582320,119639,0.0277184980478295,0.0273412949496143,3.86579900821521
Delhi,East,78,93,7,75.40300756005517,16.463723552750583,0.5118679124941895,1709346,358937,0.0471062291522957,0.0460303872500314,3.7162779307164984
Delhi,New Delhi,79,94,7,75.7094689519528,23.411312357398383,0.3948929539055444,142004,33208,0.0277184980478295,0.0273412949496143,3.912973944731906
Delhi,North,80,91,7,72.6197163999845,18.65620544653133,0.5264772570993325,887978,180044,0.0471062291522957,0.0460303872500314,3.4372419561171252
Delhi,North East,81,92,7,66.37938319348955,16.67353668590272,0.3041242330623045,2241624,406125,0.0471062291522957,0.0460303872500314,3.347805724397066
Delhi,North West,82,90,7,68.75980837653786,19.06822271005451,0.929676529301593,3656539,736253,0.0471062291522957,0.0460303872500314,3.0361287538041632
Delhi,South,83,98,7,70.6496871097769,15.480856200874912,0.5704843939495056,2731929,574133,0.0471062291522957,0.0460303872500314,3.204282855498907
Delhi,South West,84,97,7,72.82636936055754,13.886342444998991,0.7036046906979381,2292958,494439,0.0471062291522957,0.0460303872500314,3.1493838062126396
Delhi,West,85,96,7,73.06182039977995,14.802832446604592,0.4436525527589234,2543243,533221,0.0471062291522957,0.0460303872500314,3.5734002936786733
Goa,North Goa,551,585,30,77.57237791249617,9.072282911658569,1.9459094333740352,818008,191766,0.038107091130967,0.0373989500683754,1.1044740177849333
Goa,South Goa,552,586,30,74.93287725497841,15.69183357089442,2.6692027722925618,640537,151845,0.0363095668041357,0.0356659088590789,0.7558598264571842
Gujarat,Ahmedabad,438,474,24,70.34952106927436,11.763162363247613,8.20953786407101,7214225,1510134,0.1924549280966019,0.1760141469206597,1.217944737562721
Gujarat,Amreli,439,480,24,58.84199633716886,9.261519360185972,28.2646039992214,1514190,294837,0.1714695778308451,0.1582590100675727,0.3687459782472512
Gujarat,Anand,440,482,24,67.30560575065066,6.177962436895083,38.20437052828061,2092745,427605,0.2497353311300707,0.2229317937992262,0.8366803860774651
Gujarat,Banas Kantha,441,469,24,43.47455545129648,19.599866175549735,23.64763655047032,3120506,560411,0.2824264610704378,0.2487539561228149,0.378814864859807
Gujarat,Bharuch,442,488,24,66.44586428234082,35.4882177458819,36.999777795081485,1551019,333483,0.2131557011516305,0.1932249821132365,1.1565315586757376
Gujarat,Bhavnagar,443,481,24,57.5388227576027,5.768157854994072,25.49075735279295,2880365,538605,0.147770019955377,0.1378209467791065,0.5357096655833443
Gujarat,Dahod,445,485,24,38.56032727564754,76.26837842945702,23.177657911618283,2127086,334272,0.4555979137944886,0.3754167535276413,0.3883177618873265
Gujarat,Dangs,444,489,24,55.6075827727789,95.0825919550048,25.138008587200986,228291,44699,0.6897287940280079,0.5245680391506814,0.0728279148616243
Gujarat,Gandhinagar,446,473,24,67.048267002451,9.111674269787814,21.526006137833527,1391753,289990,0.1611778799159468,0.1494349036551253,1.478115276119672
Gujarat,Jamnagar,447,477,24,57.49865908423819,9.169957766215656,14.787876098955568,2160119,430941,0.1180942600686942,0.1116256825104759,0.7845991854472814
Gujarat,Junagadh,448,479,24,59.44734023242994,11.715435411701144,27.428294415349807,2743082,527326,0.1622189519660465,0.1503310675006541,0.5657695631223398
Gujarat,Kachchh,449,468,24,51.53299304764602,13.52948401597996,20.44001123829405,2092371,445672,0.1473006656264576,0.1374119359905402,0.3068406941311744
Gujarat,Kheda,450,483,24,64.42201195880656,6.781512988692913,33.19924003024369,2299885,466856,0.3088669165436917,0.269161813725369,0.7689332639110282
Gujarat,Mahesana,451,471,24,66.95110286302915,8.436098324180467,27.55149062349735,2035064,424479,0.1941913652289615,0.1774692745142286,0.9301187871243356
Gujarat,Narmada,452,487,24,54.82813585928613,83.03023732121288,53.30142948493162,590297,122174,0.3712265948743572,0.3157056640017315,0.3241291821606023
Gujarat,Navsari,453,490,24,70.97974388609792,50.77364944136599,31.792887898918437,1329672,295131,0.1770791963711765,0.1630361126510091,0.6358724055432731
Gujarat,Panch Mahals,454,484,24,50.07247715487427,34.384233403714944,19.171236285669664,2390776,446611,0.3338580688390263,0.2880755466599204,0.5073594789423636
Gujarat,Patan,455,470,24,52.86653925465513,10.173963001605973,35.53020795984224,1343734,267633,0.2329018577988373,0.209370624744051,0.4088444996445415
Gujarat,Porbandar,456,478,24,60.32008133501613,11.080213647986415,18.56250351775764,585449,124556,0.1331012932418174,0.1249583807344336,0.5508172675603101
Gujarat,Rajkot,457,476,24,66.16973924560942,8.258147201330615,12.92551308402961,3804558,786586,0.0983626329045292,0.0938205553231433,0.8048333941973855
Gujarat,Sabar Kantha,458,472,24,55.735596838118205,30.052059035102275,23.681291315765645,2428589,481414,0.2586037674312796,0.2300029854569865,0.4820059473198342
Gujarat,Surat,459,492,24,70.32001069016512,16.691551606706568,11.42216649316007,6081322,1333200,0.1657090294617492,0.1533295108703705,1.475436432742578
Gujarat,Surendranagar,460,475,24,53.21728219143122,11.439825812461423,30.84909714784673,1756268,343213,0.200034411028606,0.1823502322399818,0.4747045272802734
Gujarat,Tapi,641,493,24,54.597439938345104,85.18826004743364,51.61458503046694,807022,177091,0.2761748535579155,0.2438672081033926,0.3738942162668323
Gujarat,Vadodara,461,486,24,63.571716147503096,32.92494333384706,25.245763085561418,4165626,877106,0.1921693054330365,0.1757745933164354,0.9914734608831416
Gujarat,Valsad,462,491,24,62.9391195128388,55.170495251741535,15.566048357343412,1705678,364403,0.1784807311536846,0.1642260929453063,0.7656225591248367
Haryana,Ambala,58,70,6,67.35372804905909,26.254796827225597,12.8717427028719,1128350,224334,0.0984281589178366,0.0938802114484064,1.3047121825365389
Haryana,Bhiwani,59,81,6,55.57801589792817,20.87326278950959,11.870757839232624,1634445,311380,0.1065029647094496,0.1012045598632175,0.6497854054880926
Haryana,Faridabad,60,88,6,63.748736106056846,12.366409851618997,3.9130575228742863,1809733,358919,0.095449984672115,0.0911652237597731,2.3250288119220155
Haryana,Fatehabad,61,78,6,51.51829952244593,30.18616555433005,21.329360227487093,942011,180637,0.1380552994885536,0.1293209280986886,0.7153927486752601
Haryana,Gurugram,62,86,6,67.71127436788956,13.0700487047289,3.226031458166219,1514432,326428,0.1419706675439934,0.1327554257410711,2.294932658062329
Haryana,Hisar,63,80,6,54.66862964982661,23.440434283237124,16.199477812686478,1743931,335608,0.1018694229609012,0.0970082127490445,0.8154351422805707
Haryana,Jhajjar,64,83,6,62.336558960467656,17.78454828595427,7.884945446873086,958405,185334,0.0834619640135393,0.0801614366374719,1.182815617151717
Haryana,Jind,65,77,6,53.241749926748305,21.163330714941026,14.67975980365478,1334152,249736,0.1123726821598133,0.1064952855067431,0.8198614989292029
Haryana,Kaithal,66,73,6,51.80736775806128,23.0393817764804,16.938172385202108,1074304,204274,0.1343249045534414,0.1260376762207376,0.7422125933764417
Haryana,Karnal,67,74,6,58.435555078206704,22.56019302156878,20.147837475973983,1505324,292084,0.1320293087865321,0.1240118706000014,1.073091262103111
Haryana,Kurukshetra,68,72,6,60.85029282818909,22.301029901882018,21.435866584587835,964655,188143,0.1172698678650194,0.1108880915017018,1.0481907210406298
Haryana,Mahendragarh,69,84,6,57.37294538873693,16.95217810013795,5.071986139490212,922088,171712,0.0985143982793715,0.0939587199749918,0.7773666939929476
Haryana,Nuh,604,87,6,28.26900546418555,6.908432582397456,12.452859759621507,1089263,160280,0.2287449566832325,0.2059932880421142,1.176006034000203
Haryana,Palwal,619,89,6,45.08296617650975,19.48033389980704,12.09088562314458,1042708,171157,0.1687612824482813,0.1559444550058501,1.2643487113756893
Haryana,Panchkula,70,69,6,67.06674719242855,18.142039897166008,4.720206091964711,561293,117107,0.0963733340628225,0.0920077637924817,1.2938446371854175
Haryana,Panipat,71,75,6,57.72906298113073,17.10690811713926,10.675307360124595,1205437,235640,0.1343909558016378,0.1260959040926093,1.527576266995292
Haryana,Rewari,72,85,6,61.38400035681002,20.28207372391518,4.177140824637617,900332,178043,0.061560388346377,0.0597398901769125,1.1882101143562862
Haryana,Rohtak,73,82,6,63.23141711908266,20.438011918537818,7.134823100270291,1061204,206988,0.0898688949535529,0.0860574091477242,1.1020855647250136
Haryana,Sirsa,74,79,6,53.20360361536842,29.90922560336754,24.830836061918635,1295189,246571,0.1277571283831452,0.1202308181759018,0.6039902682412722
Haryana,Sonipat,75,76,6,61.07877649535966,18.6161940577972,13.620221643651249,1450001,277726,0.1037544950025759,0.0987175454102551,1.225107267062124
Haryana,Yamunanagar,76,71,6,63.02593715803181,25.26286747295556,15.940759356269762,1214205,235423,0.1278729005118824,0.1203334698761858,1.002800308488396
Himachal Pradesh,Bilaspur,15,30,2,69.78149181783586,28.715873032495892,1.1246929578554437,381956,80485,0.0406901195141551,0.0398840695396931,0.3960192774944613
Himachal Pradesh,Chamba,16,23,2,53.45204841713221,47.6207906295754,2.215126387588606,519080,102460,0.1198813639843095,0.1132227546825433,0.0734006227264369
Himachal Pradesh,Hamirpur,17,28,2,74.68973234945182,24.693909861731697,2.7545916466512885,454768,105519,0.0381645221597666,0.0374542713745539,0.2012785195267473
Himachal Pradesh,Kangra,18,24,2,71.91685407460855,26.75026074863831,3.5429973081885224,1510075,338887,0.045950644095454,0.0449261791522712,0.2055912850639551
Himachal Pradesh,Kinnaur,19,34,2,63.37663709336713,75.4817465317816,3.7599931597623018,84121,19976,0.0958071067639946,0.0914911755583431,0.0411248802773705
Himachal Pradesh,Kullu,20,26,2,62.66009573972351,31.852031157585124,3.6992716994367534,437903,94807,0.0858793081556607,0.0823900810408986,0.0846460652500735
Himachal Pradesh,Lahaul And Spiti,21,25,2,59.748931623931625,88.52490178684577,1.7314022383146808,31564,6674,0.2034324852968753,0.1851778780358074,0.0037326270998094
Himachal Pradesh,Mandi,22,27,2,65.79033389673758,30.659437054463147,1.6923921535505395,999777,219145,0.0559658804914589,0.0544558746214219,0.1648007443689855
Himachal Pradesh,Shimla,23,33,2,69.36146910695142,27.583444920824068,5.608621740385541,814010,184362,0.0563302972972801,0.0548009179096394,0.1427186400174913
Himachal Pradesh,Sirmaur,24,32,2,61.92786099082685,32.463032339036154,3.0700442482439945,529855,98208,0.1314221161451883,0.1234753513275126,0.2632375878879434
Himachal Pradesh,Solan,25,31,2,67.83102450233093,32.771746622553074,2.6291422446233494,580320,122425,0.0431422258313243,0.042237528976534,0.7260763414546029
Himachal Pradesh,Una,26,29,2,72.40689604281481,23.810135981718165,5.243824452343064,521173,110332,0.0559110130132607,0.0544039137534573,0.4922314583244077
Jammu And Kashmir,Anantnag,1,14,1,42.610203786674376,10.92360006378095,11.122171945701355,1078692,153640,0.1914524731055354,0.1751731284736778,0.2487081049606453
Jammu And Kashmir,Bandipora,623,9,1,37.34503012701027,19.316628933896265,12.53508573556995,392232,58392,0.4117684836425216,0.3448431622016021,0.1445251135293751
Jammu And Kashmir,Baramulla,3,8,1,43.941762834191834,3.8868535840379193,10.193180427646457,1008039,152635,0.2109420842045642,0.1913986386581685,0.3896715757968458
Jammu And Kashmir,Budgam,2,2,1,35.95911207071048,3.221248565496289,8.757376726286523,753745,103363,0.2565594397045746,0.2283773826562637,0.705365299538801
Jammu And Kashmir,Doda,4,16,1,40.990855599989814,22.594746497014167,4.961134837547401,409936,79636,0.1830926199060176,0.1681318743288698,0.1952309397682321
Jammu And Kashmir,Ganderbal,626,11,1,37.98494874789153,20.570792681696844,10.461009650796049,297446,45361,0.2956857901992514,0.2590401227014296,0.3632624714896582
Jammu And Kashmir,Jammu,5,21,1,69.15143331513384,29.228514769686488,4.000058487512916,1529958,314199,0.079980763148229,0.0769432290777065,1.289163004364243
Jammu And Kashmir,Kathua,7,7,1,55.35329250566604,31.55742292374703,7.106904590225906,616435,119583,0.1542265004531202,0.1434304230494503,0.5922373513178282
Jammu And Kashmir,Kishtwar,620,18,1,35.10870253594015,22.738148905919477,8.012433471979962,230696,45209,0.2318380619529455,0.2085074132518991,0.039195763360133
Jammu And Kashmir,Kulgam,622,15,1,40.62253762151762,6.253725119733888,11.347864082660772,424483,73728,0.2407902909500658,0.2157485080188765,0.1318041987740447
Jammu And Kashmir,Kupwara,8,1,1,39.587393099827345,8.203558552037448,7.9410838440853695,870354,113929,0.3084096501434883,0.2688123921849205,0.1696925119397294
Jammu And Kashmir,Poonch,10,5,1,43.741775438346906,37.04782576782325,8.078146545251,476835,90261,0.2323066697784783,0.2088877544105555,0.4919826259393889
Jammu And Kashmir,Pulwama,11,12,1,43.246963078211955,4.105524230961388,7.112485504445304,560440,86241,0.1809846929412205,0.1663485760315008,0.5688046933954485
Jammu And Kashmir,Rajouri,12,6,1,47.00670562572375,43.736836779963106,4.715555657823082,642415,130401,0.16263947839459,0.1506928326968811,0.4740904082404387
Jammu And Kashmir,Ramban,621,17,1,30.55929143043966,18.92475847070807,6.551267026570094,283713,55490,0.2460726294637191,0.2199967087657526,0.428392083806508
Jammu And Kashmir,Reasi,627,20,1,38.19346045369283,40.08110160900253,1.461644547941489,314667,56689,0.2135329899725149,0.1935359316184651,0.3109220950267106
Jammu And Kashmir,Samba,624,22,1,65.31641005782045,34.308148687041,3.256485316138084,318898,65385,0.0529871874131462,0.0516310653789949,1.1793838973684032
Jammu And Kashmir,Shopian,625,13,1,43.27667938489999,8.21253498112428,6.8753084839953935,266215,44411,0.1919677714995716,0.1756055309450686,0.2978347404442109
Jammu And Kashmir,Srinagar,13,10,1,54.095150288968,0.8087617609224881,1.9703703255512832,1236829,191678,0.1678761194286349,0.1551868166480315,1.918643993239171
Jammu And Kashmir,Udhampur,14,19,1,48.338697371427685,35.11410218294188,2.5307985988113515,554985,99240,0.1962518955793272,0.1791932483850899,0.502510744163647
Jharkhand,Bokaro,322,355,20,51.98787698719484,26.90418119311652,6.274191173377088,2062330,394918,0.2417349129585848,0.216509525109556,1.0890511980887554
Jharkhand,Chatra,323,347,20,40.50664995254946,37.023797423687725,32.620126648320735,1042886,182271,0.3876220887929594,0.327591554690244,0.3388265266731811
Jharkhand,Deoghar,324,350,20,42.35417006600646,24.86460112876515,23.283840267074098,1492073,264347,0.3293015594537973,0.2846536610298221,0.9268251560932274
Jharkhand,Dhanbad,325,354,20,55.31770445925832,24.974157073586127,4.658011318532176,2684487,507064,0.2491325852168789,0.2224493786055794,1.4513346230087365
Jharkhand,Dumka,326,362,20,40.76008380709665,49.240980686250325,30.38458137351092,1321442,275019,0.3277450083225048,0.2834820208122726,0.4137990245837467
Jharkhand,East Singhbum,327,357,20,58.29571080834043,33.36373254679002,7.489170622646711,2293919,476931,0.191133063523645,0.1749050083336926,1.019139052270943
Jharkhand,Garhwa,328,346,20,38.847231500182254,39.75100999104918,32.75641538092574,1322784,254697,0.3346927893180979,0.2887011450094845,0.2431814700589891
Jharkhand,Giridih,329,349,20,39.561099432698654,23.049969044855924,19.040618824349984,2445474,396521,0.2997983101672045,0.2622091064058742,0.5692883111727645
Jharkhand,Godda,330,351,20,35.91856191710823,30.054029116494146,37.00299064627654,1313551,253648,0.2992557598442874,0.2617916081036588,0.7116349034175715
Jharkhand,Gumla,331,366,20,46.576798617133534,72.1033580338915,11.888603274644984,1025213,188988,0.2824733937053186,0.2487905521987192,0.1495696584376732
Jharkhand,Hazaribagh,332,360,20,49.44631075349627,24.51912516323195,13.2605799899791,1734495,304749,0.2075880285144499,0.1886250053486504,0.7566076916816394
Jharkhand,Jamtara,333,363,20,43.5128892939629,39.61534280101436,21.90077919532156,791042,155275,0.3382207305831785,0.2913409186403856,0.6128265507882856
Jharkhand,Khunti,606,365,20,45.126718132178496,77.7730148434342,10.727233533872896,531885,103700,0.3280806219510027,0.283734758511961,0.2853972561874675
Jharkhand,Koderma,334,348,20,43.39625884934835,16.182135233204747,16.882727247355643,716259,116155,0.3108834622123669,0.2707013085438852,0.6951660661359949
Jharkhand,Latehar,335,359,20,39.45459430413756,66.85291714467287,28.299136483364737,726978,133381,0.4252312782365046,0.3543341010681552,0.2344714094230182
Jharkhand,Lohardaga,336,356,20,48.06184298375378,60.21438316117715,20.66096445665576,461790,88638,0.3034262182080092,0.2649963499570513,0.4452588438089049
Jharkhand,Pakur,337,353,20,32.58256078577634,45.2591118386712,22.9337703408897,900422,182317,0.4308234244108568,0.3582500998166982,0.4330234870264317
Jharkhand,Palamu,338,358,20,43.152446476792775,36.99167314906316,33.74456295690548,1939869,358754,0.341972547432851,0.2941405818818716,0.5138438838758658
Jharkhand,Ramgarh,607,361,20,54.14300558200227,32.389727450726376,9.652122001519592,949443,179375,0.2105663994328258,0.191088348789443,1.1843236607949097
Jharkhand,Ranchi,339,364,20,58.21036330175944,41.00395538753842,13.722995704703669,2914253,569444,0.2298167317763851,0.2068651597271541,1.0235679953825547
Jharkhand,Sahebganj,340,352,20,34.91952613796741,33.086643368008986,34.15299530027405,1150567,227023,0.3425881239627474,0.2945991869320344,0.5449619749171474
Jharkhand,Saraikela Kharsawan,341,369,20,47.56811262952684,40.45205134753478,14.071426696646514,1065056,221232,0.2120812804751411,0.1923389484967949,0.8783026760627399
Jharkhand,Simdega,342,367,20,50.62067905462978,78.23519208509985,19.027072214005532,599578,118288,0.2960361526525693,0.259310493106263,0.0931678439003756
Jharkhand,West Singhbhum,343,368,20,38.2876487642655,71.10796638306425,21.11029480361974,1502338,302046,0.2782958747142172,0.2455278430210346,0.3791459476190026
Karnataka,Bagalkote,524,556,29,50.23450445436076,22.03209733340671,33.02346072704747,1889752,361149,0.2138117238726539,0.1937655931904489,0.5306561858385523
Karnataka,Ballari,528,565,29,50.029655136672744,39.501629906282936,33.415206295105776,2452595,489118,0.1720203625978354,0.1587290652341257,0.6980256667551078
Karnataka,Belagavi,527,555,29,56.2880898651361,18.29870361098831,26.86622838499372,4779661,983854,0.1535245658644898,0.1428220952098302,0.5122987838894149
Karnataka,Bengaluru Rural,526,583,29,62.98648056776218,26.90451225776372,15.22863465379793,990923,229279,0.0935425008046051,0.0894224271417199,1.4456336525591618
Karnataka,Bengaluru South,631,584,29,55.42115265193742,20.945636391178567,16.652391569192815,1082636,260533,0.1124618580618043,0.1065754495822522,0.8842339239988549
Karnataka,Bengaluru Urban,525,572,29,74.6753020837637,14.43243402233174,2.0032957161392124,9621551,2393845,0.051663207903263,0.0503729184796551,3.022819244857733
Karnataka,Bidar,529,558,29,53.5018345373423,37.31620971056185,35.98628396612313,1703300,319937,0.2616241752930325,0.2323999188903814,0.5721491108096696
Karnataka,Chamarajanagar,531,578,29,49.61499134812018,37.19311788603152,40.455365383001926,1020791,244874,0.1528164986153651,0.1422080773767561,0.346131845977544
Karnataka,Chikkaballapura,630,582,29,55.12884960730086,37.37156442812707,28.772231195093035,1255104,284698,0.0968161858420488,0.0924116064893629,0.6618790789169621
Karnataka,Chikkamagaluru,532,570,29,66.52582792352702,26.24176048212549,19.165231587430164,1137961,276085,0.0829162820122036,0.0796576631031157,0.281632030512392
Karnataka,Chitradurga,533,566,29,58.66068581857361,41.68058689112576,28.880159525618033,1659456,357003,0.1694601365732413,0.1565422205896264,0.5468811783507406
Karnataka,Dakshina Kannada,534,575,29,76.05245820832563,11.027976468775378,2.702859342399363,2089649,439733,0.109868174189919,0.1042412462804151,0.6014528491792617
Karnataka,Davanagere,535,567,29,61.29755384491871,32.161807497004624,30.712424780066343,1945497,410176,0.1646131747464596,0.1523889930363207,0.6358525275601576
Karnataka,Dharwad,536,562,29,64.83589557020808,14.369230919160184,24.535131442597702,1847023,382700,0.1914533566840202,0.1751738700711625,0.7007494339213576
Karnataka,Gadag,537,561,29,57.448954634136165,22.15448490940004,37.16911756023719,1064570,219096,0.229776746163318,0.2068326457256093,0.4309857020750534
Karnataka,Hassan,539,574,29,62.326239927236394,21.242712172396068,14.27815738443115,1776421,433453,0.0793470616260261,0.0763562857399465,0.6613540155823492
Karnataka,Haveri,540,564,29,61.86580008734297,22.617715320079014,38.27869710325259,1597668,330414,0.2061094936986656,0.1873998849786723,0.5726946707048851
Karnataka,Kalaburagi,538,579,29,47.36855423697048,27.82347215435607,33.74846162866588,2566326,471601,0.1422249063868144,0.1329780326375842,0.500263860137969
Karnataka,Kodagu,541,576,29,70.58493592606222,23.739132473368812,4.848639436064509,554519,142716,0.0759178933385277,0.073174151521841,0.1152927218078393
Karnataka,Kolar,542,581,29,59.48763494977006,35.455717615388174,24.298910347422986,1536401,333348,0.0965153196547863,0.0921372601916003,0.9967091399114354
Karnataka,Koppal,543,560,29,49.31926944292269,30.424700702198688,35.55125184760938,1389920,264595,0.2362531617263342,0.2120851614652327,0.5064047619796829
Karnataka,Mandya,544,573,29,56.73254992872084,15.932048894404543,20.575296439646888,1805769,428625,0.1265477452603929,0.1191578637118315,0.7336221077929801
Karnataka,Mysuru,545,577,29,60.31538871064439,29.02876152858576,19.236896871661607,3001127,700968,0.1171634466369731,0.1107928358255211,0.8309867262566282
Karnataka,Raichur,546,559,29,41.74588639854153,39.817462769829305,37.125835933249306,1928812,363853,0.1943794983381518,0.1776268022748229,0.4992913748855522
Karnataka,Shivamogga,547,568,29,67.18296246706986,21.313328232785793,27.5402924988013,1752753,406816,0.1110893440857815,0.1053409251431367,0.335310353150624
Karnataka,Tumakuru,548,571,29,60.77804192456109,26.743760685036843,20.40167613876085,2678980,640081,0.107557823099214,0.1021574320475652,0.6502309317601097
Karnataka,Udupi,549,569,29,74.88662776522601,10.899460743136558,9.879289405066102,1177361,253078,0.149595332483384,0.1394099956521185,0.2966708652854486
Karnataka,Uttara Kannada,550,563,29,70.30494589352003,10.48380531447589,16.4821073079887,1437169,324530,0.1491709148161771,0.1390407387322138,0.1960771735904302
Karnataka,Vijayapura,530,557,29,48.55084220427662,22.14119029215126,34.3108581562803,2177331,408806,0.1821829178615511,0.1673626598548722,0.4154086021811176
Karnataka,Yadgir,635,580,29,34.80688150535499,35.780837643099424,37.21197234477096,1174271,202063,0.2503355628246565,0.2234119655476113,0.417748995445226
Kerala,Alappuzha,554,598,32,86.32733053603518,9.765300976741583,6.621707045928231,2127789,535958,,,0.8466718527119635
Kerala,Ernakulam,555,595,32,85.99508909805024,8.681788990210785,4.656072991215277,3282388,814011,,,1.142927703267153
Kerala,Idukki,556,596,32,81.11409183589072,18.152003563654333,27.020509824568993,1108974,279812,,,0.1589484767128279
Kerala,Kannur,557,589,32,83.89341638111537,4.94335520013254,8.531724595906995,2523003,554298,,,0.3547303294872977
Kerala,Kasaragod,558,588,32,76.75974789395988,7.812601587149823,7.438154011269117,1307375,273410,,,0.3481530012614757
Kerala,Kollam,559,600,32,83.97595229640876,12.864355167670634,8.146135691263758,2635375,669375,,,0.7088415232584719
Kerala,Kottayam,560,597,32,88.26786661923039,8.907392110915342,7.407621829682426,1974551,487296,,,0.4792627421889267
Kerala,Kozhikode,561,591,32,83.48055623824172,6.947460918324993,4.979534253441123,3086293,697710,,,0.4181728156328015
Kerala,Malappuram,562,592,32,79.62080134089507,8.054034603152992,9.60522130821422,4112920,793999,,,0.4388951878804191
Kerala,Palakkad,563,593,32,77.00281842399907,16.11443542802073,22.316970098453524,2809934,637220,,,0.4541701837588893
Kerala,Pathanamthitta,564,599,32,88.62286375877778,14.412165570413526,12.00857950534855,1197412,322684,,,0.3159717702244414
Kerala,Thiruvananthapuram,565,601,32,83.18370878540996,12.10797633871656,6.055149237692693,3301427,837877,,,1.0924081362399136
Kerala,Thrissur,566,594,32,85.11677071414508,10.693963860053826,5.8674177466310065,3121200,759210,,,0.7125186486354907
Kerala,Wayanad,567,590,32,76.35831392999404,22.512417117271415,26.24191007610697,817420,190894,,,0.1279992263999651
Ladakh,Kargil,6,4,1,47.50305473126299,86.89791338191219,1.8105801458138973,140802,18338,0.2900344175158637,0.2546688982625249,0.0218108096305237
Ladakh,Leh Ladakh,9,3,1,56.746643187321155,72.17556765827385,1.038074398249453,133487,21909,0.1116396841744278,0.1058361182979435,0.010296070362747
Lakshadweep,Lakshadweep District,553,587,31,78.24561403508771,94.79937338110528,0.0,64473,11574,,,0.4080180549480895
Madhya Pradesh,Alirajpur,639,465,23,24.24540942047771,92.66336442162472,9.88005086235846,728999,123800,0.4573135384519188,0.3765946986069426,0.324644149757184
Madhya Pradesh,Anuppur,390,461,23,49.301178256957826,57.782517414382895,25.788407329105,749237,170715,0.3039488677744967,0.2653972509062837,0.4885605910560239
Madhya Pradesh,Ashoknagar,391,459,23,44.56377076718324,30.510572484442132,30.10178707602533,845071,172680,0.2935260813139524,0.2573718858066932,0.4889185770233196
Madhya Pradesh,Balaghat,392,457,23,60.63326042442293,29.879097231118568,37.63614360629286,1701698,391836,0.3289868909217637,0.2844169158162175,0.192723999346337
Madhya Pradesh,Barwani,393,441,23,34.416589832216864,75.7738940067726,35.248796575065,1385881,243277,0.4107623646238685,0.344130242403482,0.3032493752245543
Madhya Pradesh,Betul,394,447,23,52.82467022107235,52.452325243340894,33.46554870356571,1575362,329832,0.3134092546107226,0.2726262410501406,0.2247402785553003
Madhya Pradesh,Bhind,395,420,23,53.90678750054757,22.368108138261487,23.984449587904603,1703005,299233,0.186195670954083,0.1707512709082281,0.7467092873812202
Madhya Pradesh,Bhopal,396,444,23,65.23533148711243,18.00649582613016,7.782889257771558,2371061,501805,0.2280510197046945,0.205428375852692,1.4000898277286082
Madhya Pradesh,Burhanpur,397,467,23,47.545506480426056,38.8401616685162,42.70971262277192,757847,146341,0.3814201958727851,0.3231120974245496,0.2301322942360302
Madhya Pradesh,Chhatarpur,398,425,23,44.90423041824911,27.174125824526563,23.603713560417575,1762375,356297,0.2989665625869656,0.2615689964695278,0.5353424708376627
Madhya Pradesh,Chhindwara,399,455,23,54.839671334516694,47.92249543502818,34.655150665212325,2090922,443361,0.310959405313441,0.2707592396289521,0.2385513463039473
Madhya Pradesh,Damoh,400,428,23,50.133644118164646,32.639281643449436,36.73296700197183,1264219,297608,0.3147167226540825,0.2736212223885811,0.4402850118779271
Madhya Pradesh,Datia,401,422,23,51.18154267492642,27.369546262236987,23.134017449409253,786754,160215,0.2016395766510626,0.1836869381123839,0.7175933143524288
Madhya Pradesh,Dewas,402,437,23,49.40331453829072,36.113230352078226,33.52001604462222,1563715,308871,0.2576951536068979,0.2292808026858733,0.5426397338926153
Madhya Pradesh,Dhar,403,438,23,40.89759456064294,62.59741887726789,34.02497257410101,2185793,425914,0.2934253001732585,0.2572939708203767,0.5478732085523367
Madhya Pradesh,Dindori,404,453,23,44.22862587951028,70.3412516819867,38.14789495356545,704524,169630,0.374649029973877,0.3181984476083825,0.2506703975452539
Madhya Pradesh,Guna,406,458,23,42.79996690066992,30.924536797262064,22.31848243141225,1241519,244401,0.3071075459135364,0.2678167158120124,0.54621492586361
Madhya Pradesh,Gwalior,407,421,23,58.839407927502016,22.89334440925259,11.387973456938974,2032036,383845,0.1634945861461406,0.151428050673441,0.954858917837754
Madhya Pradesh,Harda,408,448,23,53.96532270060626,44.26967473902869,34.28786000818166,570465,113379,0.2771462048385124,0.2446280613648828,0.3934623224301449
Madhya Pradesh,Indore,410,439,23,64.64513306321216,23.283141529412088,11.76037655715405,3276697,649540,0.1659389724615312,0.1535267473317383,1.3823320225629774
Madhya Pradesh,Jabalpur,411,451,23,65.44298493015663,29.36155684533971,19.46238480586118,2463289,539060,0.2878613376770309,0.2529829648036716,0.9790765638100336
Madhya Pradesh,Jhabua,412,464,23,26.959266702612616,88.70267538690871,13.077074581603224,1025048,194157,0.3746373699530247,0.3181899653921589,0.520395534628534
Madhya Pradesh,Katni,413,450,23,52.408698647205135,36.64091414984962,26.54265144997217,1292042,289551,0.3238560085213972,0.2805486967073697,0.5706346731879381
Madhya Pradesh,Khandwa (East Nimar),405,466,23,47.08839573908502,46.999567195726,44.92285633630048,1310061,266655,0.3237984037429638,0.2805051828876087,0.3143737992988606
Madhya Pradesh,Khargone (West Nimar),414,440,23,44.6564665597739,50.146125615708314,44.01487971350605,1873046,367988,0.3597543647668195,0.3073040692932178,0.3573745857697061
Madhya Pradesh,Mandla,415,454,23,48.51076122522577,62.46562486669416,42.69695748849024,1054905,250146,0.3299892560888336,0.2851708640723376,0.2394578366723471
Madhya Pradesh,Mandsaur,416,433,23,50.443001399111864,21.04697738231035,31.718143182336384,1340411,286808,0.1997185448211718,0.1820869833013871,0.5122222041645665
Madhya Pradesh,Morena,417,419,23,48.13453913027978,22.307003667400824,16.274065685164214,1965970,362646,0.1959768257762595,0.1789632788994598,0.6633571125241294
Madhya Pradesh,Narmadapuram,409,449,23,57.61569289179498,32.40882909735369,28.91209131531213,1241350,257199,0.2513219821004953,0.2242005781448565,0.47787449834865
Madhya Pradesh,Narsimhapur,418,452,23,58.3687032066136,30.226935103044912,46.18749703380485,1091854,250286,0.3335214992823027,0.2878231869563878,0.5546286367487914
Madhya Pradesh,Neemuch,419,432,23,49.811112157733746,22.105107697075415,26.875871687587168,826067,179746,0.1915304496209232,0.1752385729337887,0.4403085523932525
Madhya Pradesh,Panna,420,426,23,45.63162471016893,37.27118010467084,36.1348790635969,1016520,228709,0.3141532197464309,0.2731925188554064,0.3355411415334152
Madhya Pradesh,Raisen,421,446,23,54.04086249423752,32.35941504824658,33.99596479050132,1331597,278895,0.3084236799793129,0.2688231149433501,0.5723119706312222
Madhya Pradesh,Rajgarh,422,442,23,41.74790431999915,22.607441775013033,29.579056029064827,1545814,345297,0.2988869151603408,0.2615076785951119,0.5536465939707012
Madhya Pradesh,Ratlam,423,434,23,47.54139068228362,41.81774197649734,31.462901606532256,1455069,296683,0.2642874549434678,0.2345086867550205,0.6161196449350622
Madhya Pradesh,Rewa,424,430,23,52.29665457901099,29.406419839110804,38.33853496464107,2365106,526065,0.2678468933819344,0.2373201021803676,0.7501331102309653
Madhya Pradesh,Sagar,425,427,23,56.773430071796405,30.42164292999918,31.97102271487486,2378458,517850,0.3096215000415224,0.2697381641983666,0.572623852250894
Madhya Pradesh,Satna,426,429,23,53.26756514597177,32.237099780837035,31.20030693376435,2228935,478741,0.2956445140600386,0.259008265597649,0.7235240330051836
Madhya Pradesh,Sehore,427,445,23,49.57926286152243,31.783941824038457,27.819696358995028,1311332,257311,0.2730618963325982,0.2414249408069053,0.5195880855709172
Madhya Pradesh,Seoni,428,456,23,55.4485021631843,47.17847688145651,41.451801546877945,1379131,314767,0.3040981169218085,0.2655117037120425,0.2949318530634958
Madhya Pradesh,Shahdol,429,460,23,48.55752962691192,53.06825206390241,34.49136459713219,1066063,251452,0.3263523801401697,0.2824326031713114,0.3818213228147782
Madhya Pradesh,Shajapur,430,436,23,47.95434337529587,25.89772728023953,32.75947118209707,1512681,300025,0.2551694098037874,0.2272705513651657,0.4823686636619539
Madhya Pradesh,Sheopur,431,418,23,36.74714867960635,39.22871045167556,29.33293915561015,687861,146043,0.2904446893293541,0.2549868793815032,0.2803444532788208
Madhya Pradesh,Shivpuri,432,423,23,40.63280227719518,31.82509197300194,22.791718522544542,1726050,359969,0.2070796696026215,0.1882039462358497,0.4452825546498536
Madhya Pradesh,Sidhi,433,462,23,44.95473770732743,39.351642764675034,46.81902991847017,1127033,238448,0.346838919299322,0.2977603054958987,0.5129911246198701
Madhya Pradesh,Singrauli,638,463,23,39.87188206207185,45.37641106942109,36.49154833765317,1178273,243925,0.3404441180018907,0.2930009903962789,0.7391482040943199
Madhya Pradesh,Tikamgarh,434,424,23,42.14111630800323,29.717070564903963,26.828319502074688,1445166,296116,0.2894601247885089,0.2542236228588169,0.6680084843554374
Madhya Pradesh,Ujjain,435,435,23,52.56399556963656,28.819234733731147,24.97599378403935,1986864,391438,0.1996583288486597,0.1820367902923726,0.7461608146488481
Madhya Pradesh,Umaria,436,431,23,46.40955922619427,55.65405935250125,29.97474747474748,644758,145024,0.3609368216723881,0.3081733020719427,0.2775736025659313
Madhya Pradesh,Vidisha,437,443,23,50.85890611875406,24.65920658041299,30.027713242197628,1458875,299676,0.2937443748581578,0.2575406300863664,0.6048130324149182
Maharashtra,Ahilyanagar,466,522,27,62.6511702314285,20.952997682889812,24.608191894403163,4543159,930024,0.1629393158825166,0.1509506932263337,0.697275359631028
Maharashtra,Akola,467,501,27,73.99327564850063,25.59884580568122,49.28663941246699,1813906,395690,0.2667394577943981,0.236446243092872,0.6097483430099775
Maharashtra,Amravati,468,503,27,74.21951200452945,31.52222043348584,52.07697467085679,2888445,647451,0.2813453125217375,0.2479105513986313,0.5044970418855039
Maharashtra,Beed,470,523,27,59.17117536973792,14.853722308551983,28.39072735271601,2585049,535835,0.2060014488224654,0.1873102996496,0.5302427414083025
Maharashtra,Bhandara,471,506,27,69.12261648179094,24.09812602159066,44.08319197367086,1200334,278076,0.2162253434246896,0.1957520816915696,0.4092623978258183
Maharashtra,Buldhana,472,500,27,66.54787626792067,23.034515504640297,48.573327241766,2586258,561504,0.2770175803318565,0.2445273438560751,0.4599715017288016
Maharashtra,Chandrapur,473,509,27,65.34638070548732,33.47110906058004,37.673367452603266,2204307,536686,0.2219568030071944,0.2004535107033169,0.4428359457922256
Maharashtra,Chhatrapati Sambhajinagar,469,515,27,60.383450593844145,18.445879022457625,24.31012362474043,3701282,751915,0.1732772930121175,0.1598009381638728,0.646203471088614
Maharashtra,Dharashiv,488,525,27,61.99504799375911,18.172500084460683,37.77878141143819,1657576,351281,0.2378276106545676,0.2133579163068269,0.4415637004935309
Maharashtra,Dhule,474,498,27,57.23417510089474,37.78342960179671,44.29580747691842,2050862,408874,0.3075370139124561,0.2681452254759115,0.4203867843469723
Maharashtra,Gadchiroli,475,508,27,58.925272848344854,49.960855293203174,33.116985588694945,1072942,250435,0.2744944254657204,0.2425495709254643,0.1412716126768862
Maharashtra,Gondia,476,507,27,69.80919974642676,29.505628325596767,33.958272844166075,1322507,292369,0.2598146175911464,0.2309645812429533,0.3315098097332477
Maharashtra,Hingoli,477,512,27,59.57296283519335,25.015522213115105,38.5896561042516,1177345,228868,0.2988791142835082,0.2615016727602952,0.5207035303248024
Maharashtra,Jalgaon,478,499,27,62.121854693016466,23.490768258573393,49.202806646167325,4229917,903643,0.2686993186152376,0.2379922170910764,0.4827102168016797
Maharashtra,Jalna,479,514,27,52.354277717917256,16.055212588167915,30.990583688181772,1959046,391701,0.2104337035050524,0.1909787280358171,0.4849071259838722
Maharashtra,Kolhapur,480,530,27,66.79978241405381,13.794294686714478,13.77403529053808,3876001,840240,0.1282016970649682,0.1206249465461211,0.4666734562587936
Maharashtra,Latur,481,524,27,60.81337379429934,21.937978873732984,39.820385676074,2454196,481572,0.2222986044357937,0.2007331880478255,0.5286468268132413
Maharashtra,Mumbai,482,519,27,78.40802739571518,7.941470358406059,0.4205620614321602,3085411,674339,0.0637714266777038,0.0618205432903233,3.647099229793967
Maharashtra,Mumbai Suburban,483,518,27,77.50198294402284,7.351339035041501,0.5011772161043391,9356962,2105604,0.0637714266777038,0.0618205432903233,3.175026794128927
Maharashtra,Nagpur,484,505,27,75.57929026556084,28.049089193887703,20.446972343117928,4653570,1041544,0.1804468650502317,0.1658930659842432,0.8203014086275534
Maharashtra,Nanded,485,511,27,57.27030799703534,27.43522431255601,40.94640197117753,3361292,665434,0.2448986332549392,0.2190541075296204,0.568864159344929
Maharashtra,Nandurbar,486,497,27,48.386443796963654,72.19083962518845,52.790378700166976,1648295,323521,0.4362535204531339,0.3620380013201282,0.4204122255781456
Maharashtra,Nashik,487,516,27,66.02804541422189,34.6977421847407,25.526996781242183,6107187,1222887,0.2608859448777229,0.2318146047380356,0.7291438613853483
Maharashtra,Parbhani,489,513,27,55.028458961774085,15.675845249078746,38.13214139819703,1836086,361130,0.256613864401123,0.2284206941911014,0.5402109691964381
Maharashtra,Pune,490,521,27,71.72687386397763,16.22136829798859,9.757089758241383,9429408,2151503,0.0791216101275116,0.0761473862527456,1.1874275518042896
Maharashtra,Raigad,491,520,27,68.24813641843464,16.706286538607547,13.419497569353478,2634200,611790,0.1477186465946374,0.1377761864964732,0.9786686487112466
Maharashtra,Ratnagiri,492,528,27,67.96432569664663,5.40670398602165,17.504635360639167,1615069,397115,0.1896283876225213,0.1736409790452956,0.1612678308664799
Maharashtra,Sangli,493,531,27,66.92923835936571,13.16113322393656,22.86864108775494,2822143,598386,0.1342974139312513,0.1260134406994985,0.5195124892774252
Maharashtra,Satara,494,527,27,68.6355875380719,11.747717263239409,20.57459977862339,3003741,653735,0.1342198348947199,0.1259450444493913,0.4777651805958788
Maharashtra,Sindhudurg,495,529,27,73.50544389675217,7.3632585614564094,16.13106851830598,849651,209839,0.1427270581785935,0.1334175620523382,0.1273688920025918
Maharashtra,Solapur,496,526,27,60.26161967248257,16.845254803652637,28.81965771973854,4317756,873167,0.1910880847510533,0.1748672462874362,0.7199836423282828
Maharashtra,Thane,497,517,27,69.98490876927549,20.54710298632532,6.951208125355711,11060148,2529165,0.2331957196294726,0.2096089460778992,1.1532043926551905
Maharashtra,Wardha,498,504,27,73.82180904474936,26.01043686297543,44.1085451349356,1300774,309846,0.1696844987809277,0.1567340532834952,0.5293984091315134
Maharashtra,Washim,499,502,27,66.2579005578496,25.8890206822814,52.721504510149074,1197160,259464,0.2834121261286716,0.249522254730246,0.420193663886643
Maharashtra,Yavatmal,500,510,27,67.03677878234198,30.39210806146992,52.978411848380894,2772348,646886,0.256406457615525,0.2282556284459088,0.4626915691997503
Manipur,Bishnupur,252,275,14,58.1872750111704,10.69928685462028,6.208863823717991,237399,46580,0.2122240443979745,0.1924567256773618,0.5485162746188971
Manipur,Chandel,253,280,14,56.38981078401793,89.34541066152502,5.17552508697189,144182,28801,0.2794576673752219,0.2464362907833281,0.0945618588582768
Manipur,Churachandpur,254,274,14,67.92784670750723,93.10104580456183,4.327292573987235,274143,49089,0.4585069520996841,0.3774132769235925,0.0739645506261938
Manipur,Imphal East,255,278,14,65.79891226376951,9.536233345684074,6.466083677920505,456113,92124,0.1741876573794063,0.1605765530779741,0.8064214605919295
Manipur,Imphal West,256,277,14,70.9828933056462,7.855526726281487,3.038389484907445,517992,111156,0.1292860328088144,0.1215856036632234,1.0322267226187478
Manipur,Senapati,257,272,14,50.23832632373557,87.699416464224,2.7131511643559025,479148,83411,0.4532487419978901,0.3738015619515304,0.2195115445987039
Manipur,Tamenglong,258,273,14,55.0717633274751,95.73198910779162,1.8274710159166832,140651,25039,0.5755335184370319,0.4545939567823062,0.0593569346337539
Manipur,Thoubal,259,276,14,55.217368672600706,10.043631919046446,9.106784183229909,422168,85965,0.2044570750307853,0.1860289052694722,0.6404091529025051
Manipur,Ukhrul,260,279,14,66.8469982078853,94.48689659670214,2.276888547634517,183998,35694,0.4703773646387154,0.3855190784846888,0.0748723005004818
Meghalaya,East Garo Hills,273,294,17,57.20321135461472,96.15371307605444,9.595406023637056,317917,58328,0.4341268277136441,0.3605561815815032,0.2881770708560154
Meghalaya,East Khasi Hills,274,298,17,70.033455932828,80.73401604509868,10.520208857087605,825922,164046,0.347956188183809,0.2985895106146123,0.3540854368053751
Meghalaya,Ri Bhoi,276,297,17,59.28476988971491,89.1172152681193,15.64346629986245,258840,46872,0.3965950013814218,0.3340371322893685,0.2336468342293644
Meghalaya,South Garo Hills,277,295,17,53.58134289514776,94.53538859302768,7.242753340104696,142334,24527,0.4620826815317352,0.3798619134437628,0.0984096212811464
Meghalaya,West Garo Hills,278,293,17,51.78546808217289,75.05452431325791,10.904013887487988,643291,123352,0.3601439495633323,0.3075905394139017,0.2071537844985299
Meghalaya,West Jaintia Hills,275,299,17,50.37040017300429,95.51836891709944,16.814775305784828,395124,66028,0.2453276380528779,0.2193986583900187,0.2224176553022993
Meghalaya,West Khasi Hills,279,296,17,59.74882210955699,97.8626248823218,16.68322162216305,383461,64906,0.4496047480682541,0.3712909317346118,0.090293360351412
Mizoram,Aizawl,261,283,15,85.08199901511647,93.47004439070815,5.3999075358298665,400309,82524,0.2026529771395135,0.1845299308229561,0.1178409462214488
Mizoram,Champhai,262,284,15,79.16031880943599,98.20112131695096,6.96277607275329,125745,25520,0.1938579460125698,0.1771900347037366,0.0381799210422552
Mizoram,Kolasib,263,282,15,77.36432975120013,87.77678518253826,11.250294642556486,83955,17270,0.2490382397378694,0.2223738469580939,0.0753808467720913
Mizoram,Lawngtlai,264,287,15,46.10699013875556,95.42470354725432,3.841709994222992,117894,22984,0.2314766139588027,0.2082139485149158,0.033203242710838
Mizoram,Lunglei,265,286,15,72.07685549486229,95.21954060014372,10.683243835969876,161428,33058,0.211652372685992,0.1919850252898725,0.0318581213475145
Mizoram,Mamit,266,281,15,65.51906779661016,95.0986522162012,5.424899820367555,86364,17731,0.2382601646968748,0.2137073013738777,0.0327261280977153
Mizoram,Serchhip,268,285,15,83.76862182883501,96.89545251551505,3.371539647429452,64937,12622,0.1720071445048105,0.158717787130106,0.0450265312515711
Mizoram,Siaha,267,288,15,72.80914939242315,96.73171421501044,1.3066557778685175,56574,11144,0.234324974646297,0.2105242414172912,0.0474852086136326
Nagaland,Dimapur,244,265,13,70.49780340320918,59.12948673612962,3.682636198695631,378811,78605,0.1127121159040744,0.1068003828650006,0.6876652512727297
Nagaland,Kiphire,614,269,13,51.2992757228949,96.5204583536025,1.7034456058846303,74004,14771,0.4728867985452698,0.3872242835736548,0.0907639680470072
Nagaland,Kohima,245,270,13,70.10509835531926,83.86121766646268,0.91642523740544,267988,54391,0.1976472815010262,0.1803590335552362,0.2404882283768418
Nagaland,Longleng,615,268,13,57.20957384705195,96.29783693843596,1.3273491214667683,50484,11985,0.2302086858610688,0.2071838182948179,0.104832674504823
Nagaland,Mokokchung,246,262,13,81.27338821768416,91.68079662114252,6.000296128124768,194622,42690,0.1458389333012911,0.1361370615574006,0.1429654568145102
Nagaland,Mon,247,261,13,44.042967925945305,95.21497642451853,3.759727950772045,250260,41978,0.5095850731583418,0.4118348270783927,0.0736011061909148
Nagaland,Peren,613,271,13,60.69662674431381,88.47183860364002,3.37026398577486,95219,18475,0.3032171068075401,0.2648359049902153,0.0574312711917956
Nagaland,Phek,248,266,13,60.20332601192344,96.16198949932075,2.05986330426585,163418,36639,0.2242921066755011,0.2023628048626236,0.0775289460202015
Nagaland,Tuensang,249,267,13,56.89445717967949,97.1108262629962,1.285399494001469,196596,36742,0.415448719367954,0.3474465969855969,0.0858828002857119
Nagaland,Wokha,250,264,13,74.32121997116255,94.1554498836741,3.739450812444893,166343,31891,0.3106710004318804,0.2705392201463493,0.1373415603463907
Nagaland,Zunheboto,251,263,13,71.00517687661777,97.01897596567134,3.5701267668381194,140757,27835,0.2726200406386072,0.2410777994833871,0.1972349854520395
Odisha,Angul,344,384,21,60.6745154124798,32.90532971273044,18.080473126812723,1273821,297050,0.3164493339337649,0.2749382137854365,0.6010764557909989
Odisha,Balangir,345,393,21,46.59763096837221,38.929179373886065,26.83062052025349,1648997,414749,0.3255763221549422,0.2818473249873925,0.477670415740449
Odisha,Balasore,346,377,21,63.3512287374575,32.50396784526287,26.79916642936654,2320529,533001,0.2901805161831756,0.2547821436093058,0.6403671494636429
Odisha,Bargarh,347,370,21,58.26656139785328,39.150247594100954,32.133476675309346,1481255,370308,0.2992520852151498,0.2617887798427055,0.4521930402863746
Odisha,Bhadrak,348,378,21,66.73185207424972,24.252474711834072,22.956625632053935,1506337,306333,0.3667639550125859,0.3124458691030821,0.580981728206107
Odisha,Boudh,349,391,21,51.455563299124975,36.33540513462175,28.485984934208396,441162,106961,0.4793756555073239,0.391620144383486,0.1790029195098355
Odisha,Cuttack,350,381,21,71.42615212173772,22.573916561546405,19.061894480031416,2620015,578287,0.3657224794106734,0.3116835775584839,0.8559859401173161
Odisha,Deogarh,351,373,21,55.2012444098775,52.0005119672341,29.328122002685593,312520,75452,0.3791079585896,0.3214368833390194,0.1517404207312481
Odisha,Dhenkanal,352,383,21,63.048199125156415,33.21020681398814,24.106325133952073,1192811,279364,0.345991364282825,0.2971308153645288,0.5819018041176032
Odisha,Gajapati,353,389,21,36.91457439774866,61.072796404397934,40.39654636058954,577817,128523,0.3826277184019347,0.3239858323549272,0.1151914127518692
Odisha,Ganjam,354,388,21,54.14281411785144,22.87208585019514,20.540242288596986,3529031,758267,0.2301151418670733,0.2071077762771075,0.4516179822668256
Odisha,Jagatsinghapur,355,380,21,72.96970520795699,22.517197008542876,19.31660750594479,1136971,261307,0.2575310190969055,0.2291502899614061,1.2186182023490977
Odisha,Jajpur,356,382,21,64.81205293633303,32.00643391608545,26.068789196298003,1827192,407851,0.4158713722868677,0.3477451523649755,1.149243980966565
Odisha,Jharsuguda,357,371,21,62.86335590403621,48.554887360764795,12.23230215785528,579505,136061,0.2818850417182126,0.2483316834311536,0.9493742885294876
Odisha,Kalahandi,358,395,21,40.247135867748504,46.677054339961025,38.187213508972626,1576869,401251,0.3594447025288042,0.3070763094038604,0.2769729808241757
Odisha,Kandhamal,359,390,21,44.453793898141576,69.3434818785721,25.60857389056441,733110,172022,0.4020783643330718,0.3379556817244376,0.0913639002603097
Odisha,Kendrapara,360,379,21,70.48607218630761,22.1655543297826,21.763455541247108,1440361,321934,0.339311008718466,0.2921553091326012,0.5240671400789207
Odisha,Keonjhar,361,375,21,49.97497894433485,57.069221688230165,19.12736131544395,1801733,405272,0.3748430895937198,0.3183396079476204,0.4855399609623972
Odisha,Khordha,362,386,21,73.0654399669536,18.3207330726975,10.127958901402884,2251673,494212,0.2453650238590821,0.2194286787990227,1.1499837769860384
Odisha,Koraput,363,398,21,32.425039738142054,64.80809946312354,22.4900368259093,1379647,337677,0.3385317743560513,0.2915733224757786,0.2723721215246779
Odisha,Malkangiri,364,399,21,31.56172472606988,80.38412112356326,13.356979277216109,613192,137599,0.3805979864014217,0.3225167287908984,0.116436479700049
Odisha,Mayurbhanj,365,376,21,45.52549415326171,66.04885111071071,26.493006801728697,2519738,586253,0.3037505001197705,0.2652451109337461,0.2525631934544388
Odisha,Nabarangpur,366,397,21,29.765440634667133,70.31899854702829,25.90580943338767,1220946,273423,0.3819787529578125,0.3235163511012549,0.3126821626542522
Odisha,Nayagarh,367,385,21,64.33273280843545,20.263006743949088,25.863468892419984,962789,228315,0.2628914559683201,0.2334038982407515,0.2190772970929807
Odisha,Nuapada,368,394,21,38.41514817456715,47.26318928146636,24.476907458436063,610382,152210,0.4749101242079049,0.3885970551949048,0.2805059468883487
Odisha,Puri,369,387,21,70.44843103137937,19.50056807144161,17.646758527620435,1698730,367269,0.2849094568956356,0.2506882543048341,0.6207608682665946
Odisha,Rayagada,370,396,21,33.42588279890554,70.40099761238379,29.435726356912404,967911,226144,0.3666245266199541,0.3123438503862479,0.1770642471057402
Odisha,Sambalpur,371,372,21,60.38228624990762,52.54908514944304,21.69426517126114,1041099,249597,0.2940520895687699,0.2577784499584409,0.456169575353474
Odisha,Sonepur,372,392,21,56.22091136309645,34.97491736085732,31.68818808821629,610183,151136,0.3151520865348106,0.2739523141017373,0.441481860451809
Odisha,Sundargarh,373,374,21,57.36517838979357,59.90192205449698,11.079362824978697,2093437,479109,0.502098581239245,0.4068631845032477,0.5315637990111398
Puducherry,Karaikal,598,637,34,73.24558405671155,17.65440361199069,14.980631449041857,200222,49705,0.0745061522539408,0.0718611627740697,1.3906439076711945
Puducherry,Puducherry,600,635,34,71.71800153932008,16.03785795689522,12.31232373166017,950289,231513,0.0838294163650454,0.0805005256573919,1.8151448445341147
Punjab,Amritsar,27,49,3,64.13224846619487,30.950239615587215,11.590668323057107,2490656,488898,0.0809843929015073,0.077872100903918,1.3356983930435056
Punjab,Barnala,605,54,3,56.77307962087013,32.24051974133834,17.008700129804648,595527,115798,0.0978467264850937,0.0933507399781541,0.847671598083196
Punjab,Bathinda,28,46,3,55.25980586616418,32.44255594965881,20.182999836528392,1388525,273902,0.0926263387597024,0.0885842831869119,1.0433416924671035
Punjab,Faridkot,29,45,3,56.9109157363059,38.91900995614632,21.566578263267075,617508,120893,0.0953562573399609,0.0910796595228142,0.8307329968168926
Punjab,Fatehgarh Sahib,30,40,3,67.05742962687208,32.07345337849884,9.14361274598771,600163,118100,0.0825059544850541,0.079278681558413,1.026737390804246
Punjab,Ferozepur,31,43,3,54.35772797583549,42.17322778765091,24.844185121336693,2029074,385994,0.159650777527483,0.1481189059368459,0.8532917313909884
Punjab,Gurdaspur,32,35,3,66.96647158623053,25.2608532395142,11.308643001192117,2298323,443666,0.0794530355981612,0.0764544643275393,0.8277350873596548
Punjab,Hoshiarpur,33,38,3,72.24731470430882,35.13772945718112,12.04031035665712,1586625,336994,0.0563656008031024,0.0548343382479449,0.5779483273343397
Punjab,Jalandhar,34,37,3,70.58096356374936,38.95185517804148,7.59449065534403,2193590,461635,0.0405325822991647,0.0397326804402431,1.2168950696917678
Punjab,Kapurthala,35,36,3,66.94311790709695,33.94478193452147,13.250177270676208,815168,167989,0.0436854493452671,0.0427581503317849,0.9405717796556924
Punjab,Ludhiana,36,41,3,69.4010078955291,26.39116550277114,6.987284987362272,3498739,716826,0.079792433350287,0.0767688313226788,1.3398001676737308
Punjab,Mansa,37,47,3,49.72674568374518,33.63139508750233,23.99433599676343,769751,149630,0.1415042167719969,0.1323468810430862,0.6416271131277693
Punjab,Moga,38,42,3,59.456053943374776,36.496958059585474,21.062385200734717,995746,193256,0.1037438019267497,0.0987078574518625,0.8689353526116893
Punjab,Patiala,41,48,3,62.22138375483114,24.548316546094657,11.48422748605781,1895686,372293,0.0754899936296352,0.0727763657582703,1.0800300726627778
Punjab,Rupnagar,42,51,3,68.5320136209964,26.423877527471163,7.7056161145981905,684627,135635,0.065064356579082,0.0630352260484003,0.9220139704024188
Punjab,Sangrur,43,53,3,55.54520421030959,27.888934604260957,14.433804462656466,1655169,318870,0.1086994195847829,0.1031876342863204,0.8682445785567559
Punjab,S.A.S Nagar,608,52,3,70.18662369057212,21.739886671197674,5.4633248586498695,994628,205411,0.0532446083257703,0.0518755027808293,1.873802393799484
Punjab,Shahid Bhagat Singh Nagar,40,39,3,66.65262073647494,42.50853325929676,9.541978133447063,612310,129500,0.0526397764489188,0.0513010819837,0.8757409780509137
Punjab,Sri Muktsar Sahib,39,44,3,52.65322304433299,42.30576474449382,29.63806340418865,901896,174360,0.152865951142012,0.1422509735931537,0.7177896705540264
Punjab,Tarn Taran,609,50,3,54.64038260620302,33.713727875444235,19.351901615503778,1119627,203421,0.118333640361798,0.1118397562965987,1.054670773343526
Rajasthan,Ajmer,86,119,8,47.690288943236794,20.963921748381377,9.404954901043425,2583052,494832,0.172652537021667,0.1592683084174738,0.6445247132809525
Rajasthan,Alwar,87,104,8,47.41063180019284,25.646137545285622,8.10421031301586,3674179,639720,0.166005884080737,0.1535841342969887,0.8889479178099773
Rajasthan,Banswara,88,125,8,35.45891960603823,80.84017390965711,10.43550166395633,1797485,367797,0.3148798319457816,0.2737452789033517,0.4178620607318529
Rajasthan,Baran,89,128,8,44.2757425994803,40.731054054164574,21.05507455841683,1222755,241428,0.2551141320708228,0.2272265103378861,0.571586381970426
Rajasthan,Barmer,90,115,8,32.78946230306407,23.530322215910815,6.7921825492637256,2603751,451629,0.278162400203551,0.2454234215938616,0.2090123310650993
Rajasthan,Bharatpur,91,105,8,45.01909894561747,23.990744221416684,12.86160168880562,2548462,425414,0.2181707791527566,0.1973503722279078,0.7306036663184909
Rajasthan,Bhilwara,92,122,8,40.28870496141143,26.4568783441138,8.773514737996829,2408523,498125,0.1903679064314251,0.1742624244101907,0.5029639579331915
Rajasthan,Bikaner,93,101,8,44.197853154025864,21.211436683803335,7.209392535283116,2363937,384944,0.2399664715808941,0.2150843402037178,0.2266963540553151
Rajasthan,Bundi,94,121,8,39.970135607573646,39.54763049258893,12.71526296839948,1110906,220768,0.2577226174664785,0.2293026391059682,0.4530656507467197
Rajasthan,Chittorgarh,95,126,8,40.32938895143904,29.25331112748634,11.143028509493016,1544338,329119,0.2957713755694971,0.2591061746288219,0.5869714246009026
Rajasthan,Churu,96,102,8,45.79896184701766,22.69945237839579,6.599976765688333,2039547,348984,0.271909505764402,0.2405193191201485,0.2498417881025089
Rajasthan,Dausa,97,109,8,43.92304106759788,48.19362840023519,6.449248736700289,1634409,292502,0.2047504664003436,0.1862724636727755,0.8870162250898886
Rajasthan,Dholpur,98,106,8,44.74423416758762,25.22046951718833,9.483119606318304,1206516,203754,0.3480930874644361,0.2986910660883801,0.4574552826327964
Rajasthan,Dungarpur,99,124,8,38.405103898731255,74.58878025453855,10.522108395599114,1388552,282029,0.3691276554315033,0.3141737891698011,0.3491218260633888
Rajasthan,Ganganagar,100,99,8,52.108490994007525,37.268988730265775,21.7021789312672,1969168,387511,0.2049092115748082,0.1864042210127396,0.3637944041152315
Rajasthan,Hanumangarh,101,100,8,48.589343550979955,28.651619548631537,18.176820446372812,1774692,336192,0.2059730701515066,0.1872867681647216,0.2599419036157882
Rajasthan,Jaipur,102,110,8,55.29936462665046,23.10937013765703,3.3198867966660357,6626178,1177096,0.1449133022469843,0.1353289155778222,1.1319845177735708
Rajasthan,Jaisalmer,103,114,8,31.873619046692035,21.131360657034655,8.399331748231015,669919,117171,0.3032734732573003,0.2648791558273371,0.0874319276053494
Rajasthan,Jalore,104,116,8,32.02110535189038,29.305310242627396,13.302780758537292,1828730,326134,0.28502991984469,0.2507820020019455,0.1883988387409691
Rajasthan,Jhalawar,105,129,8,39.793377707416774,30.175200141163565,20.20969067786811,1411129,283295,0.265243472946769,0.235264572392377,0.5387659935413882
Rajasthan,Jhunjhunu,106,103,8,53.26096456895218,18.8268379935846,5.8136376901316265,2137045,384197,0.1538733524062921,0.1431244154483092,0.5262185489430156
Rajasthan,Jodhpur,107,113,8,43.430293261767986,19.7156351831285,9.749460235366724,3687165,649013,0.1801486931017145,0.1656404416419891,0.5013437967561788
Rajasthan,Karauli,108,107,8,40.60796698532039,46.59186914708609,10.446984854119092,1458248,262503,0.2699458064315448,0.2389742274588741,0.5779418127358744
Rajasthan,Kota,109,127,8,57.31540361756105,30.200910910941698,10.057692174503243,1951014,396501,0.2037751534931144,0.1854625798563167,0.8538277472343999
Rajasthan,Nagaur,110,112,8,40.7016677237067,21.47473367791875,12.544032164653164,3307743,578809,0.224887725567048,0.2028491871980061,0.3620548555735549
Rajasthan,Pali,111,118,8,41.32901118508997,26.633352522829856,19.1386579611689,2037573,418157,0.2076660364627147,0.1886896014086866,0.3655554996817778
Rajasthan,Pratapgarh,629,131,8,35.199161133121294,70.38744111872126,12.197162882316114,867848,178726,0.3117717011393518,0.2713786671027673,0.284201930216925
Rajasthan,Rajsamand,112,123,8,40.99117265644285,26.71431795171525,11.743209849303886,1156597,243078,0.1859612898397359,0.1705536607846287,0.6321605532976656
Rajasthan,Sawai Madhopur,113,108,8,40.46807702052192,42.27745701961213,9.39135836389483,1335551,254716,0.2492748191176347,0.2225632382592632,0.490101166850153
Rajasthan,Sikar,114,111,8,50.4354075692809,18.45698685968462,6.068174109181049,2677333,444816,0.1750287382939754,0.1612926054195595,0.5335227124632045
Rajasthan,Sirohi,115,117,8,33.24059229459387,47.69960997581889,17.566359817678077,1036346,201785,0.2864138439642604,0.251858381172795,0.4231220833318859
Rajasthan,Tonk,116,120,8,39.14222651798208,32.7940247346492,11.068037926812789,1421326,266870,0.2857693726937332,0.2513572727915261,0.3144769193045153
Rajasthan,Udaipur,117,130,8,40.568546348974,55.85330561005338,10.37605413720352,3068420,623531,0.2725010136180456,0.2409842659986444,0.4630198846928567
Sikkim,Gangtok,225,244,11,70.3619344537688,33.05593071516981,4.616506690197915,283583,61567,0.12024291502228,0.1135455502028617,0.3253921459263703
Sikkim,Gyalshing,228,242,11,62.607066785503875,46.72701286326822,7.777452415812592,136435,28023,0.1733324421625748,0.1598479414210747,0.0623806856747354
Sikkim,Mangan,226,241,11,62.54807945624111,67.9425289986044,5.89567843866171,43709,8873,0.1762936281481218,0.1623685021100463,0.0086337057513359
Sikkim,Namchi,227,243,11,67.51781134226276,32.30847803881512,2.860623207198711,146850,30543,0.142911227263771,0.1335787153605839,0.2671990651895767
Tamil Nadu,Ariyalur,610,616,33,55.504207095907056,24.765331291545568,39.02865475810036,754894,197090,0.1261347867681613,0.1187912266105213,0.7542448195257887
Tamil Nadu,Chennai,568,603,33,78.24684709946999,16.995342102793963,0.6329520349429535,4646732,1154982,0.0106046153232455,0.0105487807792003,3.3867412884529147
Tamil Nadu,Coimbatore,569,632,33,71.79282347687459,16.317109812046983,13.951201869112252,3458045,958035,0.0437716491104387,0.0428407386305186,1.0752411068853274
Tamil Nadu,Cuddalore,570,617,33,62.96927022284516,29.91833191732344,38.8881258278383,2605914,635578,0.1071754310733324,0.1018121154917579,0.9151511049443012
Tamil Nadu,Dharmapuri,571,630,33,53.25442979222977,20.469020329257926,33.240938688751534,1506843,375873,0.088906780054913,0.0851742388680002,0.4985413707527633
Tamil Nadu,Dindigul,572,612,33,61.70107254385972,21.31888738410251,40.36533103776984,2159775,560773,0.0816024579163115,0.0784436987857774,0.5224866068695242
Tamil Nadu,Erode,573,610,33,59.21884415033391,17.3804393394631,29.828873742069444,2251744,658071,0.0447306971607755,0.0437591461386164,0.598352702416166
Tamil Nadu,Kancheepuram,574,604,33,70.61528418460942,24.74308772933772,11.883619598969709,3998252,1006245,0.0565824840338056,0.0550396279405988,1.418562725220886
Tamil Nadu,Kanniyakumari,575,629,33,81.37430100134637,4.359074709122346,9.291460541600772,1870374,483539,0.0439993778339234,0.0430588935157516,0.883133816875106
Tamil Nadu,Karur,576,613,33,60.658687435787954,20.851240919386036,35.916713044264874,1064493,287095,0.0685196422218446,0.0662741785953203,0.6784113384468292
Tamil Nadu,Krishnagiri,577,631,33,56.64517490106864,15.415076744499045,26.599559838868142,1879809,448053,0.0932592281459882,0.0891633522960664,0.7287200248329714
Tamil Nadu,Madurai,578,623,33,69.42955210986806,13.82610790678324,24.510649100180423,3038252,794887,0.0604519477423695,0.0586951830505963,0.8342017616777513
Tamil Nadu,Nagapattinam,579,618,33,69.9102921462552,31.768566921339975,44.487054004704646,1616450,413837,0.1086862750149667,0.1031757783698252,0.7962465452272548
Tamil Nadu,Namakkal,580,609,33,60.98287572566168,23.30885942959607,27.243455297729135,1726601,475511,0.040195578165462,0.0394087514013106,0.7974721764865523
Tamil Nadu,Perambalur,581,615,33,59.28370062105658,31.46952618700937,35.725625938368545,565223,149243,0.0598186504072367,0.0580978089658748,0.6353211008811323
Tamil Nadu,Pudukkottai,582,621,33,61.55489065296624,17.677751035780382,36.60206669915408,1618345,387679,0.0986956654206294,0.0941237175277191,0.555360513807624
Tamil Nadu,Ramanathapuram,583,626,33,65.96117694588595,18.47973135221601,21.308649593746782,1353445,323905,0.098799200406358,0.0942179475415546,0.4160145357345333
Tamil Nadu,Salem,584,608,33,58.833509263533635,20.09964802404097,25.377987610744192,3482056,915967,0.0567968203692327,0.0552424654868125,0.9233460965234652
Tamil Nadu,Sivaganga,585,622,33,64.65114128416283,17.06637512779096,26.494354828215883,1339101,338938,0.0954792249736979,0.0911919159061518,0.4450247797306287
Tamil Nadu,Thanjavur,586,620,33,69.20735544850156,19.06250909226939,39.26654076051788,2405890,605363,0.1033937534920722,0.0983906606946843,0.8395222463545412
Tamil Nadu,Theni,588,624,33,62.99047428637765,20.871274477305143,51.939252644692424,1245899,338112,0.066536613980247,0.0644165893106697,0.4072876235778897
Tamil Nadu,The Nilgiris,587,611,33,72.00513789436937,36.53701281217959,22.49376026890419,735394,197653,0.0691846608816955,0.0668963588288898,0.299651569962851
Tamil Nadu,Thiruvallur,589,602,33,69.97735472521681,23.30645818893464,13.875110383855349,3728104,946949,0.0668243950952036,0.0646863806075743,1.6893746323942356
Tamil Nadu,Thiruvarur,590,619,33,69.54158197194408,34.32483545931785,48.52421652421653,1264277,327219,0.1301755263527774,0.1223729537168745,0.70615400103373
Tamil Nadu,Thoothukkudi,594,627,33,73.04833616711197,20.158315506554768,24.552245276045063,1750176,462010,0.0767357498407644,0.0739340104468284,0.6806351725112474
Tamil Nadu,Tiruchirappalli,591,614,33,69.43152073786538,17.807030110678877,29.54000123807086,2722290,698404,0.0756190454773307,0.072896352096019,0.846798302380124
Tamil Nadu,Tirunelveli,592,628,33,68.28584848498478,18.847581577345625,25.25414757036889,3077233,815528,0.0740350129564101,0.0714225960733603,0.647588553631838
Tamil Nadu,Tiruppur,634,633,33,64.96451841319562,16.189010960641408,18.56458519454114,2479052,712210,0.0423874859044236,0.0415137416762599,0.8502231052133661
Tamil Nadu,Tiruvannamalai,593,606,33,58.34159217436162,26.62540696789898,36.2148376615344,2464875,588836,0.1127128504101654,0.1068010429691175,0.5639370838405386
Tamil Nadu,Vellore,595,605,33,64.2937989297306,23.70651756673918,18.74737627602128,3936331,929281,0.1021077428024702,0.0972244761897007,0.7881419297818503
Tamil Nadu,Viluppuram,596,607,33,55.95266505010902,31.529778630207005,42.638019292482085,3458873,800368,0.107754755107257,0.1023352236698393,0.6435803255782808
Tamil Nadu,Virudhunagar,597,625,33,65.50654179907427,20.70367525310356,19.69098406914688,1942288,537748,0.0763831354634771,0.0736064722111589,0.6239373437350277
Telangana,Adilabad,501,532,28,45.71141741066547,35.9104040180371,31.180166157192957,2741239,649849,0.1027119657061106,0.0977725690033079,0.4222192290424104
Telangana,Hyderabad,507,536,28,70.11136003258608,7.528269938830778,1.5282629659669311,3943323,849051,0.0122892478984359,0.0122143481085257,3.8118082350815072
Telangana,Karimnagar,508,534,28,50.097944097212874,21.621923650036585,36.763662796547074,3776269,976022,0.0427108166859328,0.0418238764873612,0.7515535782824982
Telangana,Khammam,509,541,28,51.80626600738633,43.91485573949817,54.88592128605748,2797370,754034,0.0551740992605151,0.0537057763089819,0.3814091528812525
Telangana,Mahabubnagar,512,538,28,39.061399890744326,26.47953579397922,42.015583459964326,4053028,869451,0.0832521585949487,0.0799677743383645,0.6277102781822376
Telangana,Medak,513,535,28,45.27246338042904,23.305798855894988,35.19206286271617,3033288,668626,0.0701316886334668,0.0677817143901155,0.9503488735252236
Telangana,Nalgonda,514,539,28,48.59710925792797,29.570664372856186,46.420930763570034,3488809,875939,0.0545998737920209,0.053161428440435,0.683408161910713
Telangana,Nizamabad,516,533,28,46.098159905404344,22.106661806466025,31.32613296842225,2551335,593234,0.0690789847834359,0.0667975159209444,0.6592648600602916
Telangana,Ranga Reddy,518,537,28,61.22524928411358,16.440279031955686,14.10950758593551,5296741,1235341,0.051238550278746,0.0499690407153827,1.636112653573386
Telangana,Warangal,522,540,28,50.4896780062682,32.6472082027549,39.984065977116856,3512576,886279,0.0627850675376777,0.0608928846897232,0.5585597628982707
The Dadra And Nagar Haveli And Daman And Diu,Dadra And Nagar Haveli,465,496,26,53.82430026208911,53.75186567706984,4.746007260224561,343709,76458,0.033997256308794,0.033432122609597,1.4461054472462531
The Dadra And Nagar Haveli And Daman And Diu,Daman,463,495,25,69.20648284571669,10.201231345430578,0.2969021894078669,191173,50376,0.0585268069119701,0.0568781366494934,2.2399064723698476
The Dadra And Nagar Haveli And Daman And Diu,Diu,464,494,25,67.08156779661016,3.8118830894496294,1.2841418671015083,52074,10580,0.084925417998084,0.0815112454575049,1.5276895692039592
Tripura,Dhalai,269,291,16,67.81899545964308,71.99217407397616,19.336960437469404,378230,84509,0.4701270043043458,0.3853487945445466,0.2471455310298765
Tripura,North Tripura,270,292,16,71.75764541011532,42.42312453256517,14.212944305633917,693947,152355,0.4340864543915459,0.3605280293360948,0.407432628990607
Tripura,South Tripura,271,290,16,69.0216287748829,55.36557606669399,25.71414200427925,876001,208127,0.3209494354697616,0.2783507473433645,0.4827220173795588
Tripura,West Tripura,272,289,16,75.42806367871859,44.620768262176384,16.79098355964731,1725739,410565,0.363310177708501,0.3099156966764696,0.8589357501787469
Uttarakhand,Almora,45,64,5,61.82182997661613,24.461772256010384,2.0017107789017197,622506,140577,0.0672732784250917,0.0651070580133723,0.1356239896270042
Uttarakhand,Bageshwar,46,63,5,60.43799604638126,28.489253476363803,3.5000320163923933,259898,58046,0.0892083885309462,0.0854511833402769,0.0748173287336244
Uttarakhand,Chamoli,47,57,5,63.33609966905179,23.385043602609773,0.9312426703731052,391605,88964,0.0728011557814699,0.0702731303351148,0.0868971281407346
Uttarakhand,Champawat,48,65,5,58.90852221003245,18.76463519842248,3.1579954703499316,259648,53953,0.1395342936232453,0.1306196645761045,0.1531326515684525
Uttarakhand,Dehradun,49,60,5,69.2720277938334,20.072211017425655,4.183865568941394,1696694,347001,0.1016067116401532,0.0967697610427905,1.0946803277955035
Uttarakhand,Haridwar,50,68,5,55.013913257645505,22.090147067691763,15.33933014508676,1890422,338104,0.1616809227298991,0.1498680275464642,1.2933478491524326
Uttarakhand,Nainital,51,66,5,67.41043825755686,20.81499677877237,6.618222546082639,954605,191383,0.1043575878625528,0.0992637974593729,0.4357123289949076
Uttarakhand,Pauri Garhwal,52,61,5,64.57099894019011,18.126183121359695,2.526164717615651,687271,161778,0.0612904653733707,0.059485587832508,0.182277338432888
Uttarakhand,Pithoragarh,53,62,5,63.86969397828233,28.94119009844055,1.5149744640193563,483439,114730,0.079967686149012,0.0769311204561129,0.0710097943108411
Uttarakhand,Rudraprayag,54,58,5,61.96748527753414,19.838207070185938,1.9240025332488917,242285,53542,0.0590812337715866,0.0574017716769708,0.2078788419842161
Uttarakhand,Tehri Garhwal,55,59,5,56.26758478867095,16.6424044037219,2.1589758426153622,618931,132714,0.090539685156866,0.0866726977047353,0.309699232230854
Uttarakhand,Udham Singh Nagar,56,67,5,55.60099174934409,21.91161148449089,23.871355615602024,1648902,308581,0.156498477732209,0.1453968864171624,1.242238701589144
Uttarakhand,Uttarkashi,57,56,5,53.80490312033637,25.47184673085196,1.8610702127493828,330086,67602,0.1247072695293125,0.1175227969343911,0.0525724666159831
Uttar Pradesh,Agra,118,146,9,51.89858626068972,22.598458358689022,12.98999963828884,4418797,710566,0.1231783749435612,0.116162501026753,1.2178381231778477
Uttar Pradesh,Aligarh,119,143,9,46.99403505328147,20.574464824604117,17.211847091530483,3673889,611371,0.1493677678114617,0.1392120240773365,0.9718019799416938
Uttar Pradesh,Ambedkar Nagar,121,178,9,54.008847064222195,24.683012717858382,24.889908797772325,2397888,368728,0.2852934700676809,0.2509870736477539,0.8050677255830033
Uttar Pradesh,Amroha,154,137,9,43.63380673652899,17.289499467726973,18.079357625224056,1840221,314401,0.1146554622742345,0.1085453547163569,0.8607765716919907
Uttar Pradesh,Auraiya,122,162,9,60.146206831846506,28.398638681594296,27.604299385056535,1379545,248197,0.184759635419602,0.169539914704067,0.9744796874391104
Uttar Pradesh,Ayodhya,140,177,9,50.56778782335343,22.50015783109321,21.30134379424019,2470996,423375,0.2855366016073235,0.2511762199807195,0.8594936624781567
Uttar Pradesh,Azamgarh,123,191,9,52.06313342427721,25.59010107039296,19.593329865148824,4613913,665232,0.2110147714309559,0.1914586622099873,0.9292492701462772
Uttar Pradesh,Baghpat,124,139,9,51.098381698834785,11.440407414001632,14.780027442387428,1303048,209916,0.2017437079324069,0.1837735920240403,1.0065296365190504
Uttar Pradesh,Bahraich,125,180,9,31.638163405718416,14.922767839606896,30.034353260197022,3487731,603754,0.3130497705844872,0.2723525006071854,0.5422164698201127
Uttar Pradesh,Ballia,126,193,9,51.22498838450109,18.668339211315356,28.303033069837515,3239774,480268,0.3068178389394114,0.2675950515082109,0.9881429952774576
Uttar Pradesh,Balrampur,127,182,9,31.27964377180969,14.059846462803648,31.19284454588459,2148665,323881,0.3632089788884932,0.3098414636971712,0.4462697290212157
Uttar Pradesh,Banda,128,170,9,44.66656429131865,21.563623632190552,32.13673763326932,1799410,319963,0.292422344255026,0.2565182437811694,0.4528867705152212
Uttar Pradesh,Bara Banki,129,176,9,43.893446685367,26.533237198527065,27.10914857352444,3260699,579058,0.2728167411342667,0.2412323509516927,0.6863284084599572
Uttar Pradesh,Bareilly,130,150,9,40.61149072987247,12.597387036432986,20.20716305588977,4448359,756784,0.240167777181411,0.215246674642718,1.0032784999655728
Uttar Pradesh,Basti,131,185,9,47.47500810458554,21.001686370748367,21.292965897720205,2464464,382212,0.2923070069737904,0.2564289986296356,0.6870971007987462
Uttar Pradesh,Bhadohi,179,198,9,47.12195602725407,22.492274490198724,12.584936824425569,1578213,222403,0.3185959272455735,0.2765674789963825,1.2659041278204264
Uttar Pradesh,Bijnor,132,134,9,50.74782940429112,21.46520785084257,25.157363017368876,3682713,633197,0.2657845448524907,0.2356921234982193,0.6425252815437741
Uttar Pradesh,Budaun,133,149,9,32.72643901858486,16.909331496598494,18.00567048390946,3681896,615776,0.3226322282622513,0.2796238633154331,0.6395707662716202
Uttar Pradesh,Bulandshahr,134,142,9,47.06069431789256,20.7419986048124,15.451595994649894,3499171,587529,0.1729235855076344,0.1594994230545733,1.0249283130613946
Uttar Pradesh,Chandauli,135,196,9,50.82649534524754,25.016489515331152,23.943414822462103,1952756,296804,0.2374748405105006,0.2130728843534272,0.903607563494974
Uttar Pradesh,Chitrakoot,136,171,9,43.26058330765136,26.924767829953716,31.67217476841204,991730,168232,0.3208585013948447,0.2782819050375452,0.3961951703379552
Uttar Pradesh,Deoria,137,190,9,50.9079570965328,18.6574355051652,18.830564229591857,3100946,468346,0.2610158135157784,0.2319175973607562,0.9501235430865652
Uttar Pradesh,Etah,138,201,9,49.3458793603509,15.84413461971958,19.28438706447545,1774480,290683,0.2529450613653983,0.2254968292746274,0.7833619681381366
Uttar Pradesh,Etawah,139,161,9,59.5716580112344,24.557437366055343,23.306912840027877,1581810,277527,0.18798060641798,0.1722548962432162,0.9780734091363116
Uttar Pradesh,Farrukhabad,141,159,9,49.81432686662935,16.59990112475891,20.392006505353013,1885204,314144,0.2753994983920111,0.2432594616043129,0.6592381106993637
Uttar Pradesh,Fatehpur,142,172,9,48.16968760692013,24.75830249402427,30.580342487420843,2632733,472238,0.2492078431471615,0.2225096249430688,0.6737245160044599
Uttar Pradesh,Firozabad,143,147,9,52.26711030691787,19.07226770465896,15.417964643885025,2498156,414266,0.170863902456291,0.1577418545103897,1.05618642852902
Uttar Pradesh,Gautam Buddha Nagar,144,141,9,60.282543498425255,13.246648443828253,6.023660172914686,1648115,327090,0.1395574782075259,0.1306400100352633,2.4694893986641864
Uttar Pradesh,Ghaziabad,145,140,9,59.82581262133399,16.605936588528177,6.642690502358109,4681645,850676,0.1201689513611165,0.1134795233599404,1.948496955065428
Uttar Pradesh,Ghazipur,146,195,9,51.21230369710281,20.86456030327037,28.67837382853402,3620268,546664,0.2800604138063409,0.2469072751039255,0.923316468105032
Uttar Pradesh,Gonda,147,183,9,39.21688052937472,15.517052091211236,27.103559323637928,3433919,541247,0.2757101375485071,0.2435029941861,0.6928465678783894
Uttar Pradesh,Gorakhpur,148,188,9,51.15014529951672,21.48740287712274,21.91159742812317,4440895,692960,0.2456378381588832,0.2196477185320167,1.1926596589382823
Uttar Pradesh,Hamirpur,149,168,9,48.00292903741179,21.88493006787197,30.853207059836414,1104285,204863,0.2309125349144392,0.2077557926182423,0.4618386175298433
Uttar Pradesh,Hardoi,150,155,9,44.54678992302,31.14835768273658,23.60499489107314,4092845,730442,0.3089734431553684,0.2692431988345418,0.5330240301762862
Uttar Pradesh,Hathras,163,144,9,49.87983491197273,24.785582996955345,22.970693310010525,1564708,260860,0.120748829815781,0.1139970599447079,0.9181574224759091
Uttar Pradesh,Jalaun,151,165,9,53.80478184216501,27.75249796742435,29.80636073344025,1689974,288338,0.2162877848613607,0.1958034207252288,0.5780522665236181
Uttar Pradesh,Jaunpur,152,194,9,51.293618132951934,22.141429272013465,22.675331020013452,4494204,663513,0.2487183903752655,0.2221177376474461,0.9715338112366582
Uttar Pradesh,Jhansi,153,166,9,55.33640682259365,28.338694578162848,22.639235341698196,1998603,367779,0.1375689020638421,0.1288934432514217,0.797325213226469
Uttar Pradesh,Kannauj,155,160,9,53.36469464663672,18.71254412609802,19.69729874208583,1656616,280928,0.2654744513905293,0.2354471122496882,0.7722489537553534
Uttar Pradesh,Kanpur Dehat,156,163,9,57.30128258230893,25.6847294041145,29.76634399566701,1796184,329817,0.2117714362694804,0.192083285926864,0.7092994883884408
Uttar Pradesh,Kanpur Nagar,157,164,9,66.64474782013536,17.91004149942767,13.033552831757468,4581268,863338,0.189018054254137,0.1731278019954966,1.4607820953658783
Uttar Pradesh,Kasganj,633,202,9,40.44983748516848,17.71042214935558,17.971698512661714,1436719,237903,0.2914557138231943,0.2557700424688797,0.6166831120189705
Uttar Pradesh,Kaushambi,158,174,9,40.22343652896884,34.733145119142584,45.00568247486227,1599596,277851,0.2696262617988321,0.2387225751128772,0.7605139842348801
Uttar Pradesh,Kheri,159,153,9,41.98437770013109,27.731649144306875,26.911585610838102,4021243,745077,0.3299306104774263,0.2851267682992626,0.52201397026628
Uttar Pradesh,Kushinagar,160,189,9,44.15132302579632,17.519772515081872,33.854618562926895,3564544,561062,0.2763861258254347,0.2440327455927675,0.7330743618332589
Uttar Pradesh,Lalitpur,161,167,9,41.95883089525837,25.55100229863981,16.602106808054156,1221592,222094,0.1799085535561043,0.1654369384881745,0.4122768520880117
Uttar Pradesh,Lucknow,162,157,9,63.07934636747835,20.824264385801857,8.896063039959733,4589838,860703,0.1894507472956547,0.1734916436788595,2.0636809223445622
Uttar Pradesh,Mahoba,165,169,9,45.366943359375,25.291737731717728,27.93407956030698,875958,158435,0.2543464668801961,0.2266146934279943,0.5325753259915392
Uttar Pradesh,Mahrajganj,164,187,9,41.250271499498446,18.974575586200785,35.11369404930195,2684703,426565,0.2912124796929307,0.2555816836765319,0.5766361184628972
Uttar Pradesh,Mainpuri,166,148,9,56.19309559939302,19.73124313296716,18.744202908786153,1868529,313690,0.2330731748841279,0.2095095694481098,0.8172113203489986
Uttar Pradesh,Mathura,167,145,9,47.82811706872284,19.947518514563537,15.108465212618045,2547184,423125,0.1026893109747972,0.097752024233017,1.1200824274969698
Uttar Pradesh,Mau,168,192,9,54.06250945009389,22.550281781059383,16.987019407826697,2205968,324424,0.3158144193755315,0.2744558042474498,1.0726838937095955
Uttar Pradesh,Meerut,169,138,9,54.82061824065821,18.22287088061669,12.600554551475623,3443689,579110,0.1914365005179717,0.1751597224042043,1.310186564952142
Uttar Pradesh,Mirzapur,170,199,9,47.51086380319211,27.28350761122481,28.15351588464525,2496970,394925,0.2944255910891166,0.2580670377455637,0.787525511894068
Uttar Pradesh,Moradabad,171,135,9,39.95085551079416,15.341367969780425,20.208006023703852,4772006,796170,0.2606564606781714,0.2316325858279594,0.9783590725742964
Uttar Pradesh,Muzaffarnagar,172,133,9,49.68062815948901,13.55292322068815,23.084852845394387,4143512,676642,0.101769519719475,0.09691754159638,0.9037417264641454
Uttar Pradesh,Pilibhit,173,151,9,42.419486863989235,16.507673287192016,29.87408694151031,2031007,362573,0.3137830090793219,0.27291076873872,0.373316803955013
Uttar Pradesh,Pratapgarh,174,173,9,50.53959437474423,22.123521528035074,23.195476417371744,3209141,533546,0.2684974533362187,0.2378330924369097,0.7887798844590651
Uttar Pradesh,Prayagraj,120,175,9,51.951934822843185,22.13166720156604,18.24824438966311,5954391,976733,0.223886196479283,0.2020312030349181,1.2215105321514064
Uttar Pradesh,Rae Bareli,175,158,9,48.38897603593914,30.30700686730137,26.934307588052768,3405559,619707,0.2498335194943585,0.2230103580398661,0.7470230437079269
Uttar Pradesh,Rampur,176,136,9,37.165828784186054,13.198539784118546,26.726756529721797,2335819,393736,0.2255654639469461,0.2034023407126942,0.8690652032549984
Uttar Pradesh,Saharanpur,177,132,9,52.503008069713694,22.081524771361032,23.909115317644368,3466382,597656,0.1126850535186832,0.1067760614667672,0.961079301668029
Uttar Pradesh,Sant Kabir Nagar,178,186,9,45.87091837398451,21.60888954706291,27.42293362666837,1715183,256645,0.3579919970359624,0.30600713592029,0.6328559052081917
Uttar Pradesh,Shahjahanpur,180,152,9,41.12374878136751,17.734051590234348,25.020621784324018,3006538,527501,0.3143037291104705,0.2733070418376219,0.686833793656733
Uttar Pradesh,Shrawasti,181,181,9,28.008229792306633,17.440021622376296,29.113858791383475,1117361,188289,0.3359517884973362,0.2896439880092326,0.4473223727974255
Uttar Pradesh,Siddharthnagar,182,184,9,38.61787910476332,16.441389959821,29.79955038922363,2559297,379351,0.3746101401145363,0.318170156452884,0.5639011372149769
Uttar Pradesh,Sitapur,183,154,9,42.0173203940954,32.293300255665045,25.63913946477382,4483992,801764,0.313187255534806,0.2724572017054313,0.6075219913094956
Uttar Pradesh,Sonbhadra,184,200,9,43.055828279371426,43.3102521852999,37.08874208199479,1862559,333174,0.2892761029610236,0.2540809003687713,0.5377282835855025
Uttar Pradesh,Sultanpur,185,179,9,49.91439715999365,22.44552906850118,27.458185412617393,3797117,623523,0.2183741336678011,0.1975172926195219,0.8514202956200638
Uttar Pradesh,Unnao,186,156,9,48.74049571123197,30.61137890088268,20.602338313878015,3108367,588533,0.2393069446335604,0.2145523077472913,0.6337568851746831
Uttar Pradesh,Varanasi,187,197,9,57.82314824522616,14.022227232561866,10.67964433767286,3676841,560162,0.2224885342900779,0.2008885634190861,1.6683011450202665
West Bengal,Bankura,305,339,19,53.09144485405546,42.9045557089689,33.09388002745547,3596674,766902,0.3275948961087656,0.2833689564067336,0.5013086393696391
West Bengal,Birbhum,307,334,19,55.91113528561987,36.390691426652474,38.407028017541535,3498925,817015,0.334636771374911,0.2886591734642545,0.7724070336208878
West Bengal,Cooch Behar,308,329,19,60.09100986878667,50.81295852627412,30.73648653984794,2819086,665720,0.2620483051869572,0.2327360400797974,0.4419392794138293
West Bengal,Dakshin Dinajpur,310,331,19,59.48293017628379,45.22644242356271,33.18137785628811,1676276,396406,0.2470736457080807,0.2207997232604262,0.5130251802440895
West Bengal,Darjeeling,309,327,19,65.73611092787314,38.696940638057896,6.021713224047818,1846823,391234,0.2398145367823733,0.2149618013196804,0.5105441011085684
West Bengal,Hooghly,312,338,19,69.0189137183619,28.505574685934143,21.57962726978471,5519145,1287423,0.1848946999244342,0.1696539098154754,1.0709941015899491
West Bengal,Howrah,313,341,19,70.76344813788465,15.134857956519436,7.801816119716601,4850029,1061336,0.3307430468575346,0.2857374680768311,1.5608307247241415
West Bengal,Jalpaiguri,314,328,19,58.321965179052405,56.54709740588704,18.43156968706799,3872846,868326,0.2889367956912012,0.2538176891561063,0.507026182329078
West Bengal,Kolkata,315,342,19,77.62980810569327,5.617816111125196,0.5647610184855676,4496694,1024928,,,3.7807339594774327
West Bengal,Malda,316,332,19,48.34173523602184,28.83665361504128,30.85486015560443,3938973,836616,0.4935115785731758,0.4011301112875485,0.6382233073927265
West Bengal,Murshidabad,319,333,19,54.042453303753504,13.91604529796488,31.01386045973385,7103807,1570759,0.3351914651184778,0.2890747011330132,0.7489469858373643
West Bengal,Nadia,320,336,19,63.71503744084728,32.65765539128416,28.923227310324084,5167600,1232282,0.2527604686920233,0.2253494913919475,0.8501173161592823
West Bengal,North 24 Parganas,303,337,19,72.64633140635559,24.31129000345749,14.208016969486676,10007260,2348135,0.2366445832773212,0.2124017306036426,1.430770177518182
West Bengal,Paschim Medinipur,318,344,19,62.342970932303885,33.96645992420477,32.39243751787852,5912509,1301415,0.2650496777294766,0.2351113923407932,0.5765132916377683
West Bengal,Purba Bardhaman,306,335,19,62.099985229321454,33.75632955636384,27.889153392512817,7717563,1730927,0.3651652611489552,0.3112754917472839,1.1571341003248723
West Bengal,Purba Medinipur,317,345,19,71.97055776799779,15.169181227029114,24.617002209980257,5064835,1107469,0.2734442719604633,0.2417252547315287,1.0112126397028849
West Bengal,Purulia,321,340,19,43.46094078719213,37.828515263052815,20.944802558860644,2930115,567824,0.4212568942678134,0.3515416169189091,0.3701083975624286
West Bengal,South 24 Parganas,304,343,19,62.41118919933967,31.37818258869484,19.422964500624857,8140975,1776835,0.4362278344091143,0.3620201171002868,0.8092492104111769
West Bengal,Uttar Dinajpur,311,330,19,43.691091350129255,32.28209983326317,35.688464253914034,3007134,605674,0.390705893377944,0.3298114551995999,0.6917189322942986
