state_name,district_code,district_name,wage_timeliness_pct,avg_days_per_hh,women_pct,persondays_per_hh
ANDAMAN AND NICOBAR,101,SOUTH ANDAMAN,91.66666666666667,16.805555555555557,54.04737505539859,17.308817775420117
ANDAMAN AND NICOBAR,102,NICOBARS,16.666666666666668,21.13888888888889,42.32959062261179,21.637112695139493
ANDAMAN AND NICOBAR,103,NORTH AND MIDDLE ANDAMAN,97.22222222222223,24.47222222222222,56.02123927536216,24.928726688028668
ANDHRA PRADESH,201,SRIKAKULAM,99.76138888888889,41.75,65.25127674595073,42.3301865222524
ANDHRA PRADESH,202,VIZIANAGARAM,100.0,51.44444444444444,61.76726576295055,51.880744343550326
ANDHRA PRADESH,203,VISAKHAPATANAM,100.0,47.25,58.18168388439884,47.69468558209306
ANDHRA PRADESH,204,EAST GODAVARI,100.0,37.02777777777778,53.29604149775297,37.58425717235306
ANDHRA PRADESH,205,WEST GODAVARI,100.0,35.833333333333336,54.70986075430117,36.312106823305605
ANDHRA PRADESH,206,KRISHNA,100.0,34.083333333333336,55.58844294555141,34.539971058023816
ANDHRA PRADESH,207,GUNTUR,100.0,28.97222222222222,53.8833284996388,29.476565071672578
ANDHRA PRADESH,208,PRAKASAM,99.98861111111111,40.861111111111114,57.23340288547537,41.31543246518842
ANDHRA PRADESH,209,NELLORE,99.99472222222222,32.611111111111114,59.404314059808,33.04880870282362
ANDHRA PRADESH,210,CHITTOOR,99.94277777777778,42.94444444444444,59.55495544625998,43.39098765933639
ANDHRA PRADESH,211,Y.S.R,100.0,45.666666666666664,61.14054905333712,46.160213248441906
ANDHRA PRADESH,212,ANANTAPUR,100.0,49.80555555555556,54.28546900372962,50.35650947446734
ANDHRA PRADESH,213,KURNOOL,99.87805555555556,33.5,56.30631101054279,33.995368641636226
ARUNACHAL PRADESH,301,TAWANG,58.333333333333336,31.5,49.39835742232259,31.941944058507374
ARUNACHAL PRADESH,302,WEST KAMENG,86.11111111111111,34.02777777777778,34.51860407909021,34.49997971113274
ARUNACHAL PRADESH,303,EAST KAMENG,69.44444444444444,33.05555555555556,42.76588055123842,33.47279007086061
ARUNACHAL PRADESH,304,LOWER SUBANSIRI,80.55555555555556,26.86111111111111,49.807583891966985,27.32304287082218
ARUNACHAL PRADESH,305,UPPER SUBANSIRI,77.77666666666667,32.138888888888886,43.96935595307224,32.593007745579634
ARUNACHAL PRADESH,306,WEST SIANG,72.22222222222223,12.11111111111111,30.434236558907546,12.518364878073173
ARUNACHAL PRADESH,307,EAST SIANG,83.33333333333333,19.305555555555557,40.98440233214178,19.688043707716908
ARUNACHAL PRADESH,309,LOHIT,75.0,50.05555555555556,40.41178010683428,50.445653225832956
ARUNACHAL PRADESH,310,CHANGLANG,75.0,39.111111111111114,31.229823698540297,39.48559099692436
ARUNACHAL PRADESH,311,TIRAP,75.0,35.0,27.478078725725375,35.49830776049765
ARUNACHAL PRADESH,312,PAPUM PARE,72.22222222222223,34.75,46.74679587287053,35.263249400625455
ARUNACHAL PRADESH,313,UPPER SIANG,77.77777777777777,23.916666666666668,27.581793087829475,24.46457028869378
ARUNACHAL PRADESH,314,LOWER DIBANG VALLEY,61.111111111111114,16.416666666666668,35.81505379152858,16.857955741508775
ARUNACHAL PRADESH,315,UPPER DIBANG VALLEY,77.68583333333333,23.555555555555557,48.45774376226032,23.87933133300602
ARUNACHAL PRADESH,316,KURUNG KUMEY,75.0,26.75,46.23997865433638,27.273993503904858
ARUNACHAL PRADESH,317,ANJAW,60.77388888888889,28.75,45.68574715358736,29.18668169454226
ARUNACHAL PRADESH,318,LONGDING,61.111111111111114,25.194444444444443,27.54557200748913,25.677096556422033
ARUNACHAL PRADESH,319,KRA-DAADI,75.0,31.666666666666668,48.35293724638311,32.02988071922446
ARUNACHAL PRADESH,320,SIANG,80.55555555555556,28.13888888888889,32.12859653301815,28.691464169205794
ARUNACHAL PRADESH,321,NAMSAI,83.33333333333333,37.44444444444444,23.430626825134112,37.88695246195217
ARUNACHAL PRADESH,322,SHI YOMI,41.666666666666664,26.38888888888889,34.78043086223724,26.76315489461034
ARUNACHAL PRADESH,323,PAKKE KESSANG,47.22222222222222,31.333333333333332,42.58449541087035,31.707556413416416
ARUNACHAL PRADESH,324,LEPARADA,44.44444444444444,18.25,29.1180898492102,18.56769226252307
ARUNACHAL PRADESH,325,KAMLE,52.673611111111114,26.13888888888889,42.70920146618842,26.61889979278749
ARUNACHAL PRADESH,326,LOWER SIANG,80.55555555555556,28.02777777777778,37.662859288763286,28.528075157895483
ASSAM,401,DHUBRI,100.0,27.444444444444443,42.01164784276217,28.004371026802875
ASSAM,402,KOKRAJHAR,100.0,25.88888888888889,45.428848910776296,26.35147907059652
ASSAM,403,BONGAIGAON,100.0,19.11111111111111,41.457880336981404,19.63847359149904
ASSAM,404,GOALPARA,97.14944444444444,19.97222222222222,44.31264818540697,20.444345266507828
ASSAM,405,BARPETA,99.98833333333333,27.055555555555557,41.36940518780927,27.502194434509097
ASSAM,406,NALBARI,100.0,28.333333333333332,40.224685474541644,28.86022805974215
ASSAM,407,KAMRUP,99.99944444444445,23.88888888888889,40.05259700046397,24.415337419756767
ASSAM,408,DARRANG,99.95833333333333,25.805555555555557,44.89983419735477,26.286213348033638
ASSAM,409,SONITPUR,100.0,22.97222222222222,45.39765076784724,23.45468060228329
ASSAM,410,LAKHIMPUR,99.99555555555555,28.22222222222222,49.83373271806973,28.763680241286124
ASSAM,411,DHEMAJI,99.86277777777778,26.694444444444443,50.90942910067601,27.228165857886886
ASSAM,412,Morigaon,97.215,20.083333333333332,41.63450824312211,20.509052151184616
ASSAM,413,NAGAON,99.97555555555556,24.444444444444443,40.900161170126985,24.973031914279943
ASSAM,414,GOLAGHAT,100.0,16.055555555555557,44.5002235250787,16.527234576435873
ASSAM,415,JORHAT,100.0,14.722222222222221,46.5022108768883,15.207130063311869
ASSAM,416,SIVASAGAR,99.99472222222222,13.083333333333334,44.55054215591089,13.600146786285897
ASSAM,417,DIBRUGARH,99.90388888888889,15.777777777777779,49.18469032723987,16.25408222107724
ASSAM,418,TINSUKIA,100.0,15.88888888888889,45.101556740166984,16.366112459603674
ASSAM,419,KARBI ANGLONG,99.98750000000001,20.47222222222222,50.831667985290515,21.019605862656995
ASSAM,420,Dima Hasao,97.22222222222223,23.11111111111111,35.379521585968305,23.473675701949308
ASSAM,421,KARIMGANJ,100.0,20.22222222222222,36.336904067957384,20.63793266255727
ASSAM,422,HAILAKANDI,99.88194444444444,20.13888888888889,28.0816808696842,20.68578303870172
ASSAM,423,CACHAR,99.99805555555555,25.5,30.183106171719235,25.978230086973493
ASSAM,424,BAKSA,99.99472222222222,17.47222222222222,51.0802579093804,18.002248324634234
ASSAM,425,CHIRANG,99.92833333333334,22.583333333333332,48.23306286383865,23.065882788701018
ASSAM,426,KAMRUP (METRO),99.99833333333333,19.194444444444443,50.56932132607105,19.610113868462964
ASSAM,427,UDALGURI,99.96472222222222,23.666666666666668,45.799947155932074,24.17437028230888
ASSAM,428,Biswanath,99.96777777777778,21.333333333333332,47.44828779888734,21.96040106480214
ASSAM,429,HOJAI,99.80805555555555,30.75,40.174011347922885,31.23687036807293
ASSAM,430,CHARAIDEO,99.99972222222222,15.972222222222221,44.45515737109054,16.43525553100334
ASSAM,431,SOUTH SALMARA-MANKACHAR,99.99555555555555,22.944444444444443,56.88189704764476,23.521274529881012
ASSAM,432,MAJULI,99.99805555555555,29.805555555555557,41.28808806256814,30.210448093893106
ASSAM,434,WEST KARBI ANGLONG,99.9775,15.416666666666666,50.704004072485866,15.860514030004921
BIHAR,501,PATNA,100.0,31.75,51.62308155102654,32.17345511893996
BIHAR,502,NALANDA,100.0,37.77777777777778,54.74260758540974,38.28486096520502
BIHAR,503,BHOJPUR,100.0,31.13888888888889,43.00208894758535,31.630693597060738
BIHAR,504,ROHTAS,100.0,27.61111111111111,38.691999764202066,28.149519268195863
BIHAR,505,AURANAGABAD,100.0,36.111111111111114,44.57055598573622,36.59717239372925
BIHAR,506,JEHANABAD,100.0,37.19444444444444,46.34322718352732,37.6759088354328
BIHAR,507,GAYA,100.0,31.416666666666668,55.870709502644786,31.948542474544904
BIHAR,508,NAWADA,100.0,32.861111111111114,53.620996827773666,33.303196224925685
BIHAR,509,SARAN,99.92,37.111111111111114,48.11654413262213,37.56310141523936
BIHAR,510,SIWAN,100.0,29.916666666666668,42.73070246762154,30.464316450651967
BIHAR,511,GOPALGANJ,100.0,28.583333333333332,44.408190060118,29.146951223996172
BIHAR,512,PASHCHIM CHAMPARAN,100.0,30.0,55.10355740411113,30.41713334445294
BIHAR,513,PURBI CHAMPARAN,100.0,32.833333333333336,58.93153488553034,33.25711068582066
BIHAR,514,SITAMARHI,100.0,29.88888888888889,56.76611036394939,30.29519682377472
BIHAR,515,MUZAFFARPUR,100.0,31.22222222222222,53.55823355057099,31.761908266535826
BIHAR,516,VAISHALI,100.0,31.0,64.21211560033409,31.482619068629024
BIHAR,517,BEGUSARAI,100.0,31.13888888888889,65.30922772501305,31.523270062704583
BIHAR,518,SAMASTIPUR,100.0,34.44444444444444,59.86308548097499,34.891004706142056
BIHAR,519,DARBHANGA,100.0,32.52777777777778,60.37715107691801,33.027602910751234
BIHAR,520,MADHUBANI,100.0,29.52777777777778,63.14039746578789,30.064383230556253
BIHAR,521,SAHARSA,100.0,33.77777777777778,56.220188213089365,34.16562083478427
BIHAR,522,MADHEPURA,100.0,33.138888888888886,54.210533966697454,33.580956597001155
BIHAR,523,PURNIA,100.0,30.333333333333332,60.62625969490188,30.833443146202185
BIHAR,524,KATIHAR,99.99944444444445,32.666666666666664,60.361304299623235,33.17102776800084
BIHAR,525,KHAGARIA,100.0,29.61111111111111,68.89141459647165,30.07514327024202
BIHAR,526,MUNGER,100.0,32.77777777777778,51.60323975786782,33.300628945595605
BIHAR,527,BHAGALPUR,99.98166666666667,34.416666666666664,49.54293080695238,34.827268098719955
BIHAR,541,ARARIA,100.0,29.63888888888889,52.54964163682108,30.18443246178071
BIHAR,542,KISHANGANJ,100.0,36.97222222222222,55.18525945651005,37.49535002100693
BIHAR,543,SHEOHAR,100.0,33.77777777777778,52.0471154008879,34.316212804727016
BIHAR,544,SUPAUL,100.0,31.86111111111111,60.28905608071126,32.31822644041781
BIHAR,545,BANKA ,100.0,33.416666666666664,56.76038148320507,33.84679930829417
BIHAR,546,LAKHISARAI,99.83055555555556,32.111111111111114,52.927812762730696,32.65623649589727
BIHAR,547,Sheikhpura ,100.0,35.166666666666664,49.81284691683008,35.59853985170222
BIHAR,548,BUXAR ,100.0,29.944444444444443,37.502418101909534,30.467457924074047
BIHAR,549,KAIMUR (BHABUA),100.0,33.083333333333336,43.12910552701977,33.52921689338041
BIHAR,550,JAMUI,99.99472222222222,33.72222222222222,55.004816016322074,34.299977115419225
BIHAR,551,ARWAL,100.0,33.611111111111114,46.896049475591425,34.19912178018958
CHHATTISGARH,3301,BILASPUR,99.9986111111111,41.27777777777778,50.945262565182695,41.86097676560118
CHHATTISGARH,3302,KAWARDHA,100.0,44.19444444444444,48.452101581026845,44.73709542623645
CHHATTISGARH,3303,DURG,100.0,31.25,65.57709837660346,31.699171534367046
CHHATTISGARH,3304,RAJNANDAGON,99.99972222222222,41.30555555555556,59.83138916745377,41.803633990162695
CHHATTISGARH,3305,SURGUJA,99.90333333333334,34.416666666666664,41.281690784141354,34.846949651629174
CHHATTISGARH,3306,KOREA,99.99722222222222,41.27777777777778,44.0396829933639,41.74629684657448
CHHATTISGARH,3307,JASHPUR,99.96,41.19444444444444,43.88456584738038,41.61430289439475
CHHATTISGARH,3308,KORBA,99.99222222222221,34.861111111111114,49.31177843458228,35.33485700435804
CHHATTISGARH,3309,DHAMTARI,100.0,31.916666666666668,51.20083427818716,32.4753059066084
CHHATTISGARH,3310,KANKER,99.98722222222221,39.30555555555556,51.23530714187751,39.772446187883766
CHHATTISGARH,3311,BASTAR,99.95972222222223,37.861111111111114,48.87476614525778,38.31778788121842
CHHATTISGARH,3312,DANTEWADA,99.79444444444444,42.416666666666664,47.71592944866228,42.92984120019585
CHHATTISGARH,3313,RAIGARH,99.95277777777778,33.30555555555556,44.804294309666226,33.79444452465205
CHHATTISGARH,3314,JANJGIR-CHAMPA,99.99944444444445,29.194444444444443,50.10273607471797,29.710633958069952
CHHATTISGARH,3315,MAHASAMUND,99.97638888888889,38.77777777777778,48.76965053212369,39.267616375808664
CHHATTISGARH,3316,RAIPUR,99.91333333333334,35.916666666666664,55.93703672876503,36.43713911365858
CHHATTISGARH,3317,BIJAPUR,99.99972222222222,44.111111111111114,48.70448237858856,44.632450670132215
CHHATTISGARH,3318,NARAYANPUR,99.97111111111111,38.19444444444444,51.291091985391205,38.60744195395653
CHHATTISGARH,3319,BALODA BAZAR,99.84305555555555,33.69444444444444,50.90884211979355,34.21958612058591
CHHATTISGARH,3320,GARIYABAND,99.99277777777777,37.19444444444444,50.14480426795349,37.72420777825728
CHHATTISGARH,3321,BEMETARA,99.96694444444444,32.30555555555556,48.088486621343435,32.7918579783813
CHHATTISGARH,3322,BALOD,100.0,35.0,62.263757350037835,35.537465857156235
CHHATTISGARH,3323,KONDAGAON,99.9925,36.833333333333336,49.8706827351259,37.334727396316374
CHHATTISGARH,3324,SUKMA,99.99972222222222,47.52777777777778,50.33085613330552,47.9915361510959
CHHATTISGARH,3325,MUNGELI,99.90527777777778,42.861111111111114,47.37025492224319,43.39830956603612
CHHATTISGARH,3326,SURAJPUR,99.99944444444445,41.583333333333336,42.00315806502441,42.08829822410839
CHHATTISGARH,3327,BALRAMPUR,99.99777777777778,41.361111111111114,44.01822770095055,41.80083869633343
CHHATTISGARH,3328,GAURELA PENDRA MARWAHI,99.98791666666666,44.791666666666664,48.51750265332373,45.3434392393874
DN HAVELI AND DD,701,DADRA AND NAGAR HAVELI,0.0,0.0,0.0,0.0
GOA,1001,NORTH GOA,100.0,15.833333333333334,76.05274523557752,16.224360922100892
GOA,1002,SOUTH GOA,88.88888888888889,13.972222222222221,67.80340213342996,14.381508782410215
GUJARAT,1101,JAMNAGAR,100.0,44.22222222222222,42.66757412006006,44.8245851058068
GUJARAT,1102,RAJKOT,99.73305555555555,37.30555555555556,47.611564972823025,37.898836807656956
GUJARAT,1103,SURENDRANAGAR,99.99361111111111,40.916666666666664,38.82928679787195,41.45976299428755
GUJARAT,1104,BHAVNAGAR,99.99972222222222,42.69444444444444,48.593947109162265,43.135543657400966
GUJARAT,1105,AMRELI,99.99805555555555,40.111111111111114,48.537242006663746,40.53221323177174
GUJARAT,1106,JUNAGADH,99.98944444444444,38.888888888888886,46.02500988033194,39.47191035900029
GUJARAT,1107,KACHCHH,99.9986111111111,47.638888888888886,49.41108791727345,48.072287217882604
GUJARAT,1108,BANAS KANTHA,100.0,37.583333333333336,46.12404039075298,38.08344617526409
GUJARAT,1109,SABAR KANTHA,99.99944444444445,33.72222222222222,51.13504337194519,34.21743840243336
GUJARAT,1110,MAHESANA,99.99111111111111,38.75,34.46807691765865,39.32023294976838
GUJARAT,1111,GANDHINAGAR,100.0,31.305555555555557,38.691381920639685,31.85694653502102
GUJARAT,1112,AHMADABAD,99.97222222222223,44.083333333333336,43.83351766042099,44.58597319254241
GUJARAT,1113,KHEDA,100.0,25.833333333333332,34.10419322751691,26.28391342587046
GUJARAT,1114,PANCH MAHALS,100.0,40.916666666666664,40.847990682164735,41.42867861878997
GUJARAT,1115,VADODARA,99.99972222222222,36.333333333333336,37.63904420512627,36.87094494886719
GUJARAT,1116,BHARUCH,100.0,32.80555555555556,48.886561703869596,33.30702906127212
GUJARAT,1117,SURAT,100.0,25.11111111111111,44.749197862253894,25.603889336684304
GUJARAT,1118,VALSAD,100.0,25.86111111111111,59.42844330737869,26.33898119890844
GUJARAT,1119,DANG,99.99722222222222,44.77777777777778,45.41537845394908,45.29313281131592
GUJARAT,1120,PATAN,99.99527777777777,35.27777777777778,42.04566976408738,35.83119298721195
GUJARAT,1121,PORBANDAR,100.0,40.5,57.05379864064236,41.01542856630425
GUJARAT,1122,ANAND,99.99916666666667,27.0,47.932212789956075,27.49020133537725
GUJARAT,1123,DOHAD,99.85277777777777,40.0,45.723100235613146,40.36930732019228
GUJARAT,1124,NARMADA,100.0,29.583333333333332,51.83402980500228,30.06318600137345
GUJARAT,1125,NAVSARI  ,100.0,25.13888888888889,71.74319608460058,25.651653631944846
GUJARAT,1126,TAPI,100.0,22.88888888888889,54.097008047998216,23.43958105667298
GUJARAT,1127,Morbi,100.0,42.416666666666664,47.593654835690614,42.82470585474167
GUJARAT,1128,Botad,99.92194444444445,36.861111111111114,47.12971169193461,37.28361421073677
GUJARAT,1129,Chhotaudepur,99.96611111111112,39.888888888888886,39.34600701426312,40.49932018196686
GUJARAT,1130,ARVALLI,99.9325,34.27777777777778,44.15498109710859,34.78200167530269
GUJARAT,1131,GIR SOMNATH,99.98805555555556,36.333333333333336,55.567210126515846,36.87598154523115
GUJARAT,1132,DEVBHUMI DWARKA,99.99777777777778,38.888888888888886,42.44273254086781,39.43297844559377
GUJARAT,1133,MAHISAGAR,99.99944444444445,38.97222222222222,39.9435495865139,39.47706243733703
HARYANA,1201,AMBALA,99.9925,28.333333333333332,50.508683493251134,28.851943623550703
HARYANA,1202,YAMUNANAGAR,99.95916666666668,31.25,29.435115668461815,31.829842042116475
HARYANA,1203,KURUKSHETRA,99.995,19.75,56.11832589183167,20.341870149619332
HARYANA,1204,KAITHAL,99.97555555555556,21.444444444444443,61.812920031874484,21.935949550084786
HARYANA,1205,KARNAL,99.99777777777778,26.916666666666668,58.92690651330541,27.46391571814923
HARYANA,1206,PANIPAT,99.99666666666667,33.416666666666664,47.893792884333806,33.92162134837097
HARYANA,1207,SONIPAT,99.98805555555556,26.333333333333332,46.141964551451025,26.86235966107797
HARYANA,1208,ROHTAK,99.98166666666667,29.61111111111111,50.836691463947574,30.122728641968006
HARYANA,1209,FARIDABAD,100.0,29.833333333333332,37.95354675111557,30.313713462980772
HARYANA,1210,GURUGRAM,100.0,34.416666666666664,52.71487722078485,34.87145962951334
HARYANA,1211,REWARI,97.19583333333334,20.555555555555557,44.85133904112595,20.997148639421663
HARYANA,1212,MAHENDRAGARH,100.0,28.63888888888889,43.97145594642568,29.136308690819142
HARYANA,1213,BHIWANI,100.0,22.38888888888889,55.251966555816985,22.832457176071273
HARYANA,1214,JIND,99.99805555555555,20.77777777777778,52.15031134930465,21.200781810174124
HARYANA,1215,HISAR,99.9986111111111,22.444444444444443,57.83070547246715,22.937167416854624
HARYANA,1216,SIRSA,99.99055555555555,14.944444444444445,53.45686245719353,15.446702373713464
HARYANA,1217,PANCHKULA,99.99583333333334,24.75,15.818219213466698,25.26013386081863
HARYANA,1218,FATEHABAD,99.9986111111111,23.13888888888889,58.19020577033244,23.556947020441623
HARYANA,1219,MEWAT,99.14694444444444,38.888888888888886,40.76189377230766,39.37671393841535
HARYANA,1220,JHAJJAR,99.9975,28.36111111111111,44.60445249693779,28.79186151714488
HARYANA,1221,PALWAL,99.76166666666667,39.55555555555556,37.68892029865209,39.97319272306795
HARYANA,1222,CHARKI DADRI,99.98861111111111,21.13888888888889,42.821090935889494,21.664369944903292
HIMACHAL PRADESH,1301,BILASPUR,99.99444444444445,32.833333333333336,59.48204731092293,33.41926980806969
HIMACHAL PRADESH,1302,CHAMBA,100.0,44.80555555555556,51.03716229050617,45.32529220559471
HIMACHAL PRADESH,1303,HAMIRPUR,100.0,30.86111111111111,77.55605713293583,31.26883405429508
HIMACHAL PRADESH,1304,KANGRA,100.0,28.77777777777778,71.67800149361186,29.161234972544396
HIMACHAL PRADESH,1305,KINNAUR,100.0,39.5,69.78591071350387,40.02655845324077
HIMACHAL PRADESH,1306,KULLU,99.99944444444445,32.44444444444444,55.22928107127913,32.95738234934333
HIMACHAL PRADESH,1307,LAHUL AND SPITI,97.22222222222223,29.666666666666668,63.10826080472628,30.10427027880268
HIMACHAL PRADESH,1308,MANDI,100.0,34.94444444444444,69.89244578470719,35.41097839992753
HIMACHAL PRADESH,1309,SHIMLA,100.0,34.166666666666664,50.974483583984714,34.62918010582168
HIMACHAL PRADESH,1310,SIRMAUR,100.0,38.111111111111114,42.303543348060224,38.601953134729975
HIMACHAL PRADESH,1311,SOLAN,100.0,36.19444444444444,48.14957059619579,36.68082982909877
HIMACHAL PRADESH,1312,UNA,100.0,36.388888888888886,69.14937051720659,36.86632018892857
JAMMU AND KASHMIR,1401,KUPWARA,100.0,35.0,32.4190987129497,35.475207921890565
JAMMU AND KASHMIR,1402,BARAMULLA,97.22222222222223,26.47222222222222,15.530203468401092,27.06385913952032
JAMMU AND KASHMIR,1403,SRINAGAR,91.66416666666666,34.44444444444444,23.89800828602371,35.02607347811804
JAMMU AND KASHMIR,1404,BADGAM,97.22222222222223,26.97222222222222,11.03593131931147,27.439039974954678
JAMMU AND KASHMIR,1405,PULWAMA,100.0,32.77777777777778,11.54992562803258,33.32927736560231
JAMMU AND KASHMIR,1406,ANANTNAG,91.66666666666667,38.666666666666664,33.55913890072125,39.1467506648456
JAMMU AND KASHMIR,1409,DODA,97.22222222222223,41.916666666666664,39.540283618866646,42.398395200704734
JAMMU AND KASHMIR,1410,UDHAMPUR,94.44444444444444,24.22222222222222,17.87685878562607,24.732365671726022
JAMMU AND KASHMIR,1411,POONCH,100.0,36.47222222222222,38.290474127283794,36.98588303687207
JAMMU AND KASHMIR,1412,RAJAURI,100.0,36.666666666666664,34.76407331468354,37.1245329842699
JAMMU AND KASHMIR,1413,JAMMU,100.0,28.583333333333332,18.994274531364304,29.056339704695013
JAMMU AND KASHMIR,1414,KATHUA,100.0,25.61111111111111,21.257112377754325,26.09012299882397
JAMMU AND KASHMIR,1415,KISHTWAR,94.44444444444444,40.44444444444444,33.32732614922984,40.96378055046111
JAMMU AND KASHMIR,1416,RAMBAN,91.66666666666667,30.583333333333332,27.020991700880973,31.038878965739414
JAMMU AND KASHMIR,1417,REASI,97.22222222222223,31.47222222222222,36.96030051339688,32.063405678594556
JAMMU AND KASHMIR,1418,SAMBA,100.0,28.61111111111111,26.556185173465607,29.090965650199635
JAMMU AND KASHMIR,1419,BANDIPORA,100.0,33.611111111111114,25.742526198359062,34.061677632459315
JAMMU AND KASHMIR,1420,GANDERBAL,91.54388888888889,29.055555555555557,28.545529625089817,29.509380377312116
JAMMU AND KASHMIR,1421,KULGAM,80.55555555555556,39.77777777777778,29.7434071612592,40.28908947976033
JAMMU AND KASHMIR,1422,SHOPIAN,94.44444444444444,38.47222222222222,8.226390916637675,39.06091702542693
JHARKHAND,3401,RANCHI,99.70527777777778,32.0,43.464027669620044,32.48187618244682
JHARKHAND,3402,LOHARDAGA,99.87888888888888,30.305555555555557,46.21055931407071,30.87795037170958
JHARKHAND,3403,GUMLA,99.14888888888889,37.05555555555556,39.71606035155597,37.52412513651738
JHARKHAND,3404,SIMDEGA,99.90694444444445,36.388888888888886,41.49229839988018,36.86866458130819
JHARKHAND,3405,PALAMU,99.31027777777778,28.694444444444443,40.54651107299209,29.233938092554094
JHARKHAND,3406,LATEHAR,99.28555555555555,34.94444444444444,43.4976616897932,35.42578300641853
JHARKHAND,3407,GARHWA,99.51944444444445,35.5,43.364887701057626,36.057956588447446
JHARKHAND,3408,WEST SINGHBHUM,99.46444444444444,30.416666666666668,44.684411329617404,30.96310448821774
JHARKHAND,3409,SARAIKELA KHARSAWAN,99.91583333333332,35.388888888888886,47.23932650634434,35.888989496268636
JHARKHAND,3410,EAST SINGHBUM,99.90083333333332,29.305555555555557,46.62354165076557,29.74847219504372
JHARKHAND,3411,DUMKA,99.56972222222223,36.166666666666664,41.63718529550237,36.734524881021144
JHARKHAND,3412,JAMTARA,99.78722222222223,40.166666666666664,37.1252455856361,40.69615159716668
JHARKHAND,3413,SAHEBGANJ,99.5761111111111,30.97222222222222,41.503262209710186,31.43334798780406
JHARKHAND,3414,PAKUR,99.63916666666667,34.638888888888886,37.99984873741111,35.11639897072641
JHARKHAND,3415,GODDA,99.93805555555555,36.22222222222222,38.012765503260745,36.77168157954224
JHARKHAND,3416,HAZARIBAGH,99.62277777777778,33.22222222222222,45.11726287864817,33.7284606069467
JHARKHAND,3417,CHATRA,99.89222222222222,32.361111111111114,44.830900469590595,32.95671046385067
JHARKHAND,3418,KODERMA,99.66194444444444,33.861111111111114,49.44435629335052,34.31940776427516
JHARKHAND,3419,GIRIDIH,99.7575,34.02777777777778,47.49219410499113,34.60305844032258
JHARKHAND,3420,BOKARO,99.8975,32.583333333333336,40.265117055343865,32.995474665925585
JHARKHAND,3421,DHANBAD,99.76055555555556,32.861111111111114,40.52480795053068,33.373170013248625
JHARKHAND,3422,DEOGHAR,99.81861111111111,34.25,36.047213100528246,34.66885267445574
JHARKHAND,3423,RAMGARH,99.93444444444444,38.083333333333336,42.333580220126585,38.63085772182496
JHARKHAND,3424,KHUNTI,99.78500000000001,33.888888888888886,38.87457386091424,34.31215963072558
KARNATAKA,1501,BAGALKOTE,99.99083333333334,35.02777777777778,48.619845245341764,35.55465305463009
KARNATAKA,1502,BENGALURU,100.0,33.22222222222222,48.492318427250375,33.71170622783602
KARNATAKA,1503,BENGALURU RURAL,99.98666666666666,37.52777777777778,47.73806056533252,38.036686748208204
KARNATAKA,1504,BELAGAVI,99.98611111111111,32.52777777777778,51.98091248646853,32.998120920703926
KARNATAKA,1505,BALLARI,99.99805555555555,42.30555555555556,50.8532819479893,42.79358819330996
KARNATAKA,1506,BIDAR,100.0,32.94444444444444,53.359355208945594,33.49055736964063
KARNATAKA,1507,VIJAYPURA,100.0,36.361111111111114,43.4144401094163,36.89299635438742
KARNATAKA,1508,CHAMARAJA NAGARA,100.0,31.11111111111111,51.42428521823305,31.629274441687514
KARNATAKA,1509,CHIKKAMAGALURU,99.99916666666667,37.77777777777778,48.07510657118456,38.28615010747076
KARNATAKA,1510,CHITRADURGA,100.0,36.916666666666664,51.505416331679434,37.46885949310424
KARNATAKA,1511,DAKSHINA KANNADA,100.0,39.72222222222222,44.97356102140195,40.19175301588271
KARNATAKA,1512,DAVANAGERE,99.99944444444445,36.361111111111114,47.1282563662875,36.79549210297873
KARNATAKA,1513,DHARWAR,100.0,33.52777777777778,42.4109725314475,33.9879826702809
KARNATAKA,1514,GADAG,100.0,31.36111111111111,45.69712652296426,31.81402444007656
KARNATAKA,1515,KALABURAGI,100.0,29.36111111111111,52.635921172107544,29.88359610995935
KARNATAKA,1516,HASSAN,100.0,40.05555555555556,48.49342434614272,40.651337149107945
KARNATAKA,1517,HAVERI,100.0,36.0,44.496311749441794,36.487551149515085
KARNATAKA,1518,KODAGU,100.0,36.47222222222222,47.91188109887044,36.93796028731133
KARNATAKA,1519,KOLAR,100.0,39.416666666666664,50.077916797778265,39.95997476638654
KARNATAKA,1520,KOPPAL,99.97555555555556,35.833333333333336,50.41469149744253,36.32500969356876
KARNATAKA,1521,MANDYA,100.0,30.666666666666668,50.36184878336777,31.167589321136354
KARNATAKA,1522,MYSURU,100.0,33.888888888888886,48.06722315229619,34.45932737564348
KARNATAKA,1523,RAICHUR,99.98694444444445,41.52777777777778,51.45298258264892,42.01699814145624
KARNATAKA,1524,SHIVAMOGGA,100.0,28.194444444444443,50.512629182751965,28.69337245953198
KARNATAKA,1525,TUMAKURU,99.98194444444444,37.333333333333336,48.65777888792568,37.84966402983158
KARNATAKA,1526,UDUPI,99.9986111111111,32.80555555555556,62.009020596281985,33.29701865402121
KARNATAKA,1527,UTTARA KANNADA,99.99083333333334,27.194444444444443,49.40698732037539,27.669834089340622
KARNATAKA,1528,CHIKKABALLAPURA,100.0,42.388888888888886,49.57406213254762,42.92301159670959
KARNATAKA,1529,RAMANAGARA,99.9525,50.166666666666664,49.327745130651785,50.735523727152206
KARNATAKA,1530,Yadgir,99.96527777777777,31.5,50.317480425965705,32.06461646852452
KARNATAKA,1531,VIJAYANAGARA,100.0,41.916666666666664,49.61397155748258,42.47187978521674
KERALA,1601,KASARGOD,97.22222222222223,32.72222222222222,87.25565341546877,33.14454551424267
KERALA,1602,KANNUR,100.0,33.25,93.87608652474555,33.66349344407451
KERALA,1603,WAYANAD,100.0,37.083333333333336,85.81504024956061,37.63542763506927
KERALA,1604,KOZHIKODE,99.99972222222222,33.638888888888886,91.0670175389275,34.15208692790757
KERALA,1605,MALAPPURAM,100.0,33.138888888888886,89.00153830550796,33.66611730530017
KERALA,1606,PALAKKAD,100.0,29.47222222222222,89.55107132795848,29.978013390629744
KERALA,1607,THRISSUR,99.99916666666667,34.361111111111114,92.2838233017274,34.92263071872568
KERALA,1608,ERNAKULAM,100.0,32.833333333333336,90.78929953651284,33.43585474470422
KERALA,1609,IDUKKI,100.0,32.94444444444444,72.60132795302685,33.407037164340586
KERALA,1610,KOTTAYAM,99.99972222222222,36.916666666666664,92.5838648337082,37.40818065439363
KERALA,1611,ALAPPUZHA,100.0,30.22222222222222,93.81762619654793,30.722514113817017
KERALA,1612,PATHANAMTHITTA,99.99972222222222,35.111111111111114,91.05561317956304,35.61616452256092
KERALA,1613,KOLLAM,100.0,30.11111111111111,87.8069538096326,30.614687605091085
KERALA,1614,THIRUVANANTHAPURAM,100.0,30.944444444444443,88.11614387289153,31.382369461880053
LADAKH,3707,LEH (LADAKH),72.22222222222223,38.583333333333336,53.896850140791564,39.09112059998799
LADAKH,3708,KARGIL,88.88888888888889,35.44444444444444,61.289027209218226,35.97848120444822
LAKSHADWEEP,1901,LAKSHADWEEP DISTRICT,94.44444444444444,24.944444444444443,5.880348143650598,25.44965070344122
MADHYA PRADESH,1701,MORENA,99.995,52.52777777777778,33.85712770909459,52.939674915016525
MADHYA PRADESH,1702,BHIND,100.0,46.80555555555556,33.0528521100656,47.36224136037334
MADHYA PRADESH,1703,GWALIOR,99.91222222222223,51.30555555555556,29.263049865369105,51.8274377748751
MADHYA PRADESH,1704,DATIA,100.0,46.97222222222222,28.17683243290619,47.48637036840498
MADHYA PRADESH,1705,SHIVPURI,99.9786111111111,46.97222222222222,33.91504606423633,47.46777751964432
MADHYA PRADESH,1706,GUNA,100.0,50.52777777777778,35.36088593210313,51.07594320351777
MADHYA PRADESH,1707,TIKAMGARH,99.99833333333333,48.416666666666664,33.43274436951816,48.90866369058656
MADHYA PRADESH,1708,CHHATARPUR,99.95944444444444,45.138888888888886,33.89564213965084,45.58260467137618
MADHYA PRADESH,1709,PANNA,100.0,40.72222222222222,38.237359105273526,41.2258325314982
MADHYA PRADESH,1710,SAGAR,100.0,38.80555555555556,29.007256139232553,39.31544243578003
MADHYA PRADESH,1711,DAMOH,99.85944444444445,44.333333333333336,34.9780416962539,44.815029248931495
MADHYA PRADESH,1712,SATNA,100.0,41.916666666666664,37.26603375055802,42.420203080936794
MADHYA PRADESH,1713,REWA,100.0,37.361111111111114,34.968553523386724,37.81361375959317
MADHYA PRADESH,1714,SHAHDOL,99.84333333333333,33.97222222222222,46.99620252740513,34.41088909980036
MADHYA PRADESH,1715,SIDHI,100.0,40.888888888888886,41.470239393758646,41.26693149851795
MADHYA PRADESH,1716,MANDSAUR,99.97611111111111,49.666666666666664,34.377087912125624,50.25373131832768
MADHYA PRADESH,1717,RATLAM,99.99472222222222,42.27777777777778,37.397802214659315,42.77404031440423
MADHYA PRADESH,1718,UJJAIN,99.99888888888889,47.111111111111114,32.713147131533695,47.544667277759864
MADHYA PRADESH,1719,SHAJAPUR,99.98972222222223,44.80555555555556,30.924251492329454,45.238993022729744
MADHYA PRADESH,1720,DEWAS,99.99611111111112,48.361111111111114,30.393236426007523,48.868458810858755
MADHYA PRADESH,1721,JHABUA,99.9925,41.861111111111114,45.86885501084073,42.49935853457162
MADHYA PRADESH,1722,DHAR,99.72777777777777,45.72222222222222,43.57440318336952,46.20846752076251
MADHYA PRADESH,1723,INDORE,99.87222222222222,47.861111111111114,32.23726818425839,48.37343969575248
MADHYA PRADESH,1724,KHARGONE,100.0,42.19444444444444,37.94251089971719,42.648557345106006
MADHYA PRADESH,1725,KHANDWA,99.9986111111111,37.72222222222222,41.582357469064874,38.28237223319503
MADHYA PRADESH,1726,RAJGARH,99.92944444444444,44.861111111111114,38.99134014550492,45.30831381107227
MADHYA PRADESH,1727,VIDISHA,100.0,42.77777777777778,27.52626197345886,43.35448706404001
MADHYA PRADESH,1728,BHOPAL,100.0,45.611111111111114,32.047270386899555,46.18187983497827
MADHYA PRADESH,1729,SEHORE,99.91416666666666,43.19444444444444,33.52214106079014,43.70464702912506
MADHYA PRADESH,1730,RAISEN,99.99583333333334,40.44444444444444,31.646507105931455,40.97264156078816
MADHYA PRADESH,1731,BETUL,100.0,34.666666666666664,45.752014327648574,35.280664126047434
MADHYA PRADESH,1732,NARMADAPURAM,99.99805555555555,36.166666666666664,32.93327404531341,36.68201194969946
MADHYA PRADESH,1733,JABALPUR,100.0,34.52777777777778,39.87892580466174,35.10955691584744
MADHYA PRADESH,1734,NARSINGHPUR,100.0,40.166666666666664,32.03591563161015,40.70697057429757
MADHYA PRADESH,1735,MANDLA,100.0,41.52777777777778,48.449476584197186,42.06237291787355
MADHYA PRADESH,1736,CHHINDWARA,99.99833333333333,41.861111111111114,47.13586446426007,42.400010811290414
MADHYA PRADESH,1737,SEONI,99.98833333333333,39.44444444444444,49.86215743250528,39.92344486006825
MADHYA PRADESH,1738,BALAGHAT,99.99944444444445,38.138888888888886,53.00616946415184,38.56402759431803
MADHYA PRADESH,1739,SHEOPUR,99.99666666666667,48.388888888888886,35.92797122663082,48.754340266268564
MADHYA PRADESH,1740,UMARIA,99.99888888888889,36.5,46.28531205773288,36.99576808004799
MADHYA PRADESH,1741,NEEMUCH,99.86833333333334,42.72222222222222,30.71677655278857,43.17079054510439
MADHYA PRADESH,1742,BARWANI,99.94194444444445,40.166666666666664,43.117462798446894,40.6518647488906
MADHYA PRADESH,1743,HARDA ,99.98888888888888,38.361111111111114,41.516547133901256,38.91316150057508
MADHYA PRADESH,1744,KATNI ,100.0,39.72222222222222,48.372498431359695,40.235282235476205
MADHYA PRADESH,1745,DINDORI,99.99527777777777,49.80555555555556,45.825871450938216,50.21837563998732
MADHYA PRADESH,1746,ANUPPUR,100.0,40.94444444444444,47.08688606345922,41.37001408034666
MADHYA PRADESH,1747,BURHANPUR,99.87972222222223,39.361111111111114,43.54485130954264,39.807743585155144
MADHYA PRADESH,1748,ASHOK NAGAR,99.96666666666667,51.666666666666664,35.490851628056504,52.17099487247043
MADHYA PRADESH,1749,ALIRAJPUR,99.99305555555556,41.77777777777778,41.158271310702105,42.34182221961878
MADHYA PRADESH,1750,SINGRAULI,100.0,37.47222222222222,39.16899403098763,37.92937781953737
MADHYA PRADESH,1751,AGAR-MALWA,99.99583333333334,43.52777777777778,35.12411496562777,43.98491737006752
MAHARASHTRA,1802,THANE,100.0,26.61111111111111,42.13314090653284,27.165275684354228
MAHARASHTRA,1803,RAIGAD,100.0,23.833333333333332,43.439182174795626,24.370721395609586
MAHARASHTRA,1804,RATNAGIRI,100.0,21.444444444444443,45.37923940278202,21.89440883636714
MAHARASHTRA,1805,SINDHUDURG,99.9986111111111,19.72222222222222,40.3328065697192,20.256962549112956
MAHARASHTRA,1806,NASHIK,99.90833333333333,24.86111111111111,36.8561915190982,25.34068769271572
MAHARASHTRA,1807,DHULE,99.98694444444445,25.27777777777778,38.73455698064735,25.83736988946621
MAHARASHTRA,1808,JALGAON,99.99694444444444,25.27777777777778,36.01597027526513,25.78095838388872
MAHARASHTRA,1809,AHMEDNAGAR,99.99944444444445,25.27777777777778,48.05586442622302,25.810164186282833
MAHARASHTRA,1810,PUNE,99.99555555555555,29.22222222222222,46.23515706217843,29.686185732433444
MAHARASHTRA,1811,SATARA,99.97444444444444,24.75,45.11648066016873,25.307764550160986
MAHARASHTRA,1812,SANGLI,99.98388888888888,28.52777777777778,40.33660172533641,29.121957551437138
MAHARASHTRA,1813,SOLAPUR,99.98666666666666,24.5,38.071103539726124,24.97398859347318
MAHARASHTRA,1814,KOLHAPUR,99.99333333333334,18.194444444444443,42.95285590205393,18.77709955769798
MAHARASHTRA,1815,Chatrapati Sambhaji Nagar,99.98166666666667,31.305555555555557,41.25657428326524,31.791020883562737
MAHARASHTRA,1816,JALNA,99.44777777777777,28.055555555555557,44.92608666798213,28.546110235769472
MAHARASHTRA,1817,PARBHANI,99.98194444444444,31.555555555555557,37.38000829892056,32.06999271320919
MAHARASHTRA,1818,BEED,99.98388888888888,42.80555555555556,42.53702396519563,43.34436237510654
MAHARASHTRA,1819,NANDED,99.92472222222221,33.27777777777778,45.71703924346629,33.72665199027414
MAHARASHTRA,1820,Dharashiv,99.86277777777778,35.97222222222222,41.562904963733686,36.46721155817998
MAHARASHTRA,1821,LATUR,99.99222222222221,36.111111111111114,43.436175874648775,36.545602743025334
MAHARASHTRA,1822,BULDHANA,99.9225,24.416666666666668,32.92261451706161,24.9314121857747
MAHARASHTRA,1823,AKOLA,99.995,21.36111111111111,36.10634028614676,21.870483394934322
MAHARASHTRA,1824,AMRAVATI,100.0,52.833333333333336,36.470005605400935,53.356377165137765
MAHARASHTRA,1825,YAVATMAL,99.91638888888889,31.72222222222222,41.44835380309009,32.281807749156165
MAHARASHTRA,1826,WARDHA,100.0,39.666666666666664,30.582419436946907,40.21845104279013
MAHARASHTRA,1827,NAGPUR,99.99888888888889,33.833333333333336,36.11117540537794,34.27833031143225
MAHARASHTRA,1828,BHANDARA,100.0,22.833333333333332,55.54596423652396,23.373797254639772
MAHARASHTRA,1829,CHANDRAPUR,100.0,26.13888888888889,47.466967395837415,26.548154843498953
MAHARASHTRA,1830,GADCHIROLI,100.0,23.63888888888889,48.04626121649262,24.129811224889902
MAHARASHTRA,1831,NANDURBAR,99.99166666666666,21.583333333333332,40.93736064484714,22.089355596525213
MAHARASHTRA,1832,WASHIM,99.9011111111111,26.555555555555557,39.46360382340406,27.067351975333573
MAHARASHTRA,1833,GONDIA,100.0,26.083333333333332,54.485304939103614,26.6749850305386
MAHARASHTRA,1834,HINGOLI,99.94333333333333,33.861111111111114,40.67636753632218,34.409381885587386
MAHARASHTRA,1835,PALGHAR,99.98333333333333,35.47222222222222,53.12073159735104,35.884450217985666
MANIPUR,2001,SENAPATI,77.77777777777777,26.75,38.356635357702146,27.046673124490848
MANIPUR,2002,TAMENGLONG,75.0,27.666666666666668,29.05540864351379,28.110179771087186
MANIPUR,2003,CHURACHANDPUR,91.66666666666667,27.805555555555557,37.40931017689343,28.158203354144145
MANIPUR,2004,CHANDEL,86.11111111111111,29.194444444444443,39.281293488586414,29.621217504275744
MANIPUR,2005,THOUBAL,97.22222222222223,32.52777777777778,63.050025789348624,33.00485910639435
MANIPUR,2006,BISHNUPUR,63.888888888888886,26.27777777777778,42.65514456007621,26.645916521659817
MANIPUR,2007,IMPHAL WEST,66.66666666666667,26.88888888888889,61.299350451501155,27.345937871734304
MANIPUR,2008,UKHRUL,83.33333333333333,24.13888888888889,37.05913013612489,24.56881079333479
MANIPUR,2009,IMPHAL EAST,80.55555555555556,26.333333333333332,47.769552574555306,26.775528285717773
MANIPUR,2010,JIRIBAM,61.111111111111114,27.916666666666668,31.49527032047443,28.281181738664984
MANIPUR,2011,KANGPOKPI,75.0,24.22222222222222,27.135448097516967,24.562175241311046
MANIPUR,2012,KAKCHING,88.88888888888889,32.666666666666664,59.098267364269724,33.22204072754387
MANIPUR,2013,KAMJONG,80.55555555555556,22.944444444444443,30.980654182217165,23.285052875189255
MANIPUR,2014,NONEY,72.22222222222223,25.38888888888889,19.37545736766843,25.867165270605202
MANIPUR,2015,PHERZAWL,77.77777777777777,27.25,21.09378785578194,27.730041393629797
MANIPUR,2016,TENGNOUPAL,86.11111111111111,27.833333333333332,39.793107087040624,28.177051211198027
MEGHALAYA,2101,WEST JAINTIA HILLS,100.0,33.55555555555556,72.92738480621655,34.14831636999245
MEGHALAYA,2102,EAST KHASI HILLS,100.0,35.888888888888886,72.09405634669304,36.42426285852493
MEGHALAYA,2103,WEST KHASI HILLS,100.0,38.02777777777778,57.471900185445215,38.513645694255814
MEGHALAYA,2104,EAST GARO HILLS,100.0,50.333333333333336,44.29791175116287,50.77147772604887
MEGHALAYA,2105,WEST GARO HILLS,100.0,41.638888888888886,36.153087462504054,42.06892891882816
MEGHALAYA,2106,SOUTH GARO HILLS,94.44444444444444,51.833333333333336,25.498163778243672,52.30042936223202
MEGHALAYA,2107,RI BHOI  ,100.0,33.52777777777778,50.596638380226665,34.02248507528445
MEGHALAYA,2108,East Jaintia Hills,99.99972222222222,27.77777777777778,71.06390277256361,28.225087606125815
MEGHALAYA,2109,NORTH GARO HILLS,94.44444444444444,41.583333333333336,42.57427877913787,42.036800438160526
MEGHALAYA,2110,SOUTH WEST GARO HILLS,100.0,29.52777777777778,38.70247385389292,30.039801589921794
MEGHALAYA,2111,SOUTH WEST KHASI HILLS,88.88888888888889,37.166666666666664,49.66861043161334,37.625392054007065
MIZORAM,2201,AIZAWL,100.0,57.77777777777778,57.711570897945585,58.34663038750494
MIZORAM,2202,LUNGLEI,99.88888888888889,62.611111111111114,50.33312600563193,63.10157032238624
MIZORAM,2203,Siaha,100.0,58.05555555555556,43.98068672028399,58.55610111105778
MIZORAM,2204,MAMIT,100.0,60.22222222222222,60.258661797908466,60.79154947248545
MIZORAM,2205,KOLASIB,100.0,59.388888888888886,51.363796758897465,59.89746925237466
MIZORAM,2206,CHAMPHAI ,99.99972222222222,59.44444444444444,49.24400860592329,59.89598620601058
MIZORAM,2207,SERCHHIP,100.0,61.638888888888886,52.57377634189796,62.140286608325546
MIZORAM,2208,LAWNGTLAI,100.0,57.22222222222222,42.72972273936793,57.6895416953645
MIZORAM,2209,HNAHTHIAL,99.26958333333333,62.375,55.64655435750151,62.86541368857086
MIZORAM,2210,KHAWZAWL,100.0,59.75,50.79566424740406,60.334898812825365
MIZORAM,2211,SAITUAL,100.0,58.5,55.4698020452666,58.96693852300532
NAGALAND,2301,KOHIMA,52.77777777777778,20.694444444444443,35.95693668024194,21.093086395572485
NAGALAND,2302,PHEK,52.77777777777778,24.75,34.704937660211606,25.197170167700065
NAGALAND,2303,ZUNHEBOTO,30.555555555555557,19.86111111111111,20.691586579563072,20.27419860527812
NAGALAND,2304,WOKHA,55.55555555555556,16.36111111111111,33.44873967122832,16.83783106860121
NAGALAND,2305,MOKOKCHUNG,44.44444444444444,29.63888888888889,41.73529076154717,30.026659004383095
NAGALAND,2306,TUENSANG,13.88888888888889,25.416666666666668,31.880336896006863,25.850744402577025
NAGALAND,2307,MON,25.0,23.944444444444443,38.311689907461165,24.4354792676868
NAGALAND,2308,DIMAPUR,27.77777777777778,22.63888888888889,31.38939497717062,23.04320585811329
NAGALAND,2309,KIPHIRE,50.0,27.38888888888889,33.731142181164884,27.78576407301027
NAGALAND,2310,LONGLENG,27.77777777777778,19.833333333333332,21.595699943341817,20.314526476131313
NAGALAND,2311,PEREN,13.88888888888889,20.916666666666668,23.617283268925814,21.346510804956438
ODISHA,2401,SAMBALPUR,99.9063888888889,38.388888888888886,42.31956518244184,38.856262266744324
ODISHA,2402,SUNDARGARH,99.97111111111111,42.27777777777778,46.01799994944701,42.73064420567851
ODISHA,2403,KENDUJHAR,99.95638888888888,36.583333333333336,47.19993019810223,37.079164771680304
ODISHA,2404,MAYURBHANJ,99.87666666666667,38.27777777777778,45.51682295700801,38.70530951516537
ODISHA,2405,BALESHWAR,99.41388888888889,27.63888888888889,41.38336615232998,28.209822890162044
ODISHA,2406,CUTTACK,99.84194444444444,28.944444444444443,35.64571786854378,29.374603414908545
ODISHA,2407,DHENKANAL,98.44277777777778,42.888888888888886,46.51466353560081,43.36220407543703
ODISHA,2408,KANDHAMAL,99.50194444444445,45.52777777777778,47.416687578848375,45.96299362463667
ODISHA,2409,BOLANGIR,99.98916666666668,40.111111111111114,41.90051490606501,40.62918240613956
ODISHA,2410,KALAHANDI,99.90361111111112,34.02777777777778,42.45442788792081,34.51552910966837
ODISHA,2411,KORAPUT,99.35833333333333,43.97222222222222,41.98521652183603,44.44335763674556
ODISHA,2412,GANJAM,99.72,48.52777777777778,53.89776146317477,49.0240101170479
ODISHA,2413,PURI,98.99555555555555,26.805555555555557,39.16200145830405,27.24732088510727
ODISHA,2414,BARGARH,99.98611111111111,33.30555555555556,36.68024999879218,33.766763518989755
ODISHA,2415,JHARSUGUDA,99.94805555555556,38.05555555555556,43.68682392370451,38.55485232683441
ODISHA,2416,DEOGARH,99.99833333333333,36.083333333333336,48.89866044500273,36.615298121990534
ODISHA,2417,BHADRAK,99.58527777777778,27.22222222222222,40.17972260184337,27.75130197106653
ODISHA,2418,KENDRAPARA,99.735,25.333333333333332,36.07635719024508,25.799360500177258
ODISHA,2419,JAGATSINGHAPUR,99.7525,23.77777777777778,38.21123068430171,24.27657125333471
ODISHA,2420,JAJPUR,99.78861111111111,28.27777777777778,35.603644679169314,28.74742273048532
ODISHA,2421,ANGUL,99.76444444444445,36.27777777777778,46.30840790229808,36.790549842126445
ODISHA,2422,NAYAGARH,99.86555555555555,34.888888888888886,41.896591262636235,35.48530627058635
ODISHA,2423,KHORDHA,99.97722222222222,31.194444444444443,40.68829684321542,31.6517858960256
ODISHA,2424,GAJAPATI,99.87333333333333,40.27777777777778,47.09381457442778,40.79883024429657
ODISHA,2426,BOUDH,99.01694444444445,33.30555555555556,42.03673737792103,33.834177948977285
ODISHA,2427,SONEPUR,98.91805555555555,33.05555555555556,37.596994437039626,33.60390356398365
ODISHA,2428,NUAPADA,99.94416666666666,36.94444444444444,44.04142924020786,37.4523758111223
ODISHA,2429,RAYAGADA,99.79861111111111,39.666666666666664,46.051336223084505,40.15801715461393
ODISHA,2430,NABARANGAPUR,99.61666666666666,41.75,42.618721589604355,42.27177375390394
ODISHA,2431,MALKANGIRI,99.96777777777778,39.05555555555556,40.49626954937758,39.59924394970441
PUDUCHERRY,2501,PONDICHERRY,100.0,13.833333333333334,87.20178211314574,14.3225568245271
PUDUCHERRY,2502,KARAIKAL,94.44361111111111,13.472222222222221,82.44595776789679,14.006504340087606
PUNJAB,2601,GURDASPUR,100.0,26.666666666666668,30.813313639027488,27.122720543317115
PUNJAB,2602,AMRITSAR,99.94527777777779,25.833333333333332,43.245131018073515,26.327215561348208
PUNJAB,2603,FEROZEPUR                 ,100.0,24.416666666666668,42.97847035500797,24.84696330100943
PUNJAB,2604,LUDHIANA,99.99972222222222,25.36111111111111,74.09582118529293,25.848065844569362
PUNJAB,2605,JALANDHAR,100.0,24.27777777777778,65.33691665481611,24.805634112940822
PUNJAB,2606,KAPURTHALA,100.0,27.63888888888889,67.12430041847247,28.222508629405006
PUNJAB,2607,HOSHIARPUR,100.0,27.5,52.66195983132887,27.906791885955684
PUNJAB,2608,ROPAR,99.99944444444445,31.583333333333332,65.87562861667821,32.047240789489756
PUNJAB,2609,PATIALA,100.0,19.055555555555557,64.6946955737264,19.54436088454073
PUNJAB,2610,SANGRUR,99.99972222222222,19.52777777777778,64.63009606244346,20.000608165077185
PUNJAB,2611,BHATINDA                  ,100.0,18.27777777777778,67.28617476811334,18.85438762996303
PUNJAB,2612,FARIDKOT,100.0,21.27777777777778,58.82337584590127,21.779678451795608
PUNJAB,2614,NAWANSHAHR ,99.99638888888889,29.72222222222222,65.444018546704,30.267974546587443
PUNJAB,2615,MOGA,99.99972222222222,19.555555555555557,63.21133401463607,20.03738499836591
PUNJAB,2616,MUKATSAR,100.0,20.13888888888889,58.05699201166814,20.70514172571842
PUNJAB,2617,MANSA,100.0,21.166666666666668,62.69905372635763,21.612791942954164
PUNJAB,2618,FATEHGARH SAHIB,100.0,41.611111111111114,73.958375616211,42.0639429993196
PUNJAB,2619,SAS NAGAR MOHALI,100.0,25.944444444444443,65.11604763626512,26.43809707769274
PUNJAB,2620,TARN TARAN,100.0,33.611111111111114,35.925362009545466,34.01025801515596
PUNJAB,2621,BARNALA,100.0,21.805555555555557,67.86627538045957,22.276274878753227
PUNJAB,2622,Pathankot,99.89416666666666,32.75,22.48476178103931,33.24344869907472
PUNJAB,2623,Fazilka,100.0,19.583333333333332,51.366068848393,19.98784184994219
RAJASTHAN,2701,SRI GANGANAGAR,100.0,34.30555555555556,63.784414083901424,34.79886375381465
RAJASTHAN,2702,HANUMANGARH,99.99972222222222,39.72222222222222,64.94370695315206,40.26987832054588
RAJASTHAN,2703,BIKANER,99.78027777777778,41.97222222222222,51.20077390061334,42.4519138998155
RAJASTHAN,2704,CHURU,99.99888888888889,39.416666666666664,59.146291978176386,39.899039379442556
RAJASTHAN,2705,JHUNJHUNU,100.0,41.22222222222222,62.573334138268336,41.76353369991946
RAJASTHAN,2706,ALWAR,99.99666666666667,32.52777777777778,71.40745550197724,33.02585907554734
RAJASTHAN,2707,BHARATPUR,99.97722222222222,29.333333333333332,61.06728490033831,29.8943082463811
RAJASTHAN,2708,DHOLPUR,99.9986111111111,37.416666666666664,50.71374041222338,37.93089318058082
RAJASTHAN,2709,KARAULI,99.9738888888889,33.861111111111114,57.24876304532458,34.29851908357409
RAJASTHAN,2710,SAWAI MADHOPUR,99.99361111111111,34.416666666666664,55.98702303502486,34.903183908097674
RAJASTHAN,2711,DAUSA,99.99361111111111,30.61111111111111,81.05975492014794,31.142267001988785
RAJASTHAN,2712,JAIPUR,99.99972222222222,32.25,83.22000337959122,32.82560669893947
RAJASTHAN,2713,SIKAR,100.0,40.25,74.32117744408714,40.72015220510103
RAJASTHAN,2714,NAGAUR,100.0,43.833333333333336,69.77749289501726,44.23920351345348
RAJASTHAN,2715,JODHPUR,99.9986111111111,41.22222222222222,70.04958359058809,41.87337333844106
RAJASTHAN,2716,JAISALMER,99.99472222222222,50.72222222222222,62.228268754298924,51.23912982884852
RAJASTHAN,2717,BARMER,99.99944444444445,49.861111111111114,55.34915919835922,50.3586141718218
RAJASTHAN,2718,JALORE,99.99916666666667,42.80555555555556,76.51812055500976,43.21961199337739
RAJASTHAN,2719,SIROHI,100.0,48.861111111111114,79.14117619564401,49.376774060207275
RAJASTHAN,2720,PALI,99.98833333333333,44.333333333333336,80.13970944747071,44.881882213629055
RAJASTHAN,2721,AJMER,99.99638888888889,41.5,76.73840027537227,42.0245176601528
RAJASTHAN,2722,TONK,100.0,35.27777777777778,65.85397527350146,35.75583157303349
RAJASTHAN,2723,BUNDI,99.99944444444445,36.416666666666664,64.09459132333691,36.87726163063453
RAJASTHAN,2724,BHILWARA,99.99416666666667,42.75,75.585865712748,43.24697363012646
RAJASTHAN,2725,RAJSAMAND,99.9986111111111,49.22222222222222,81.72614894730154,49.79657341769027
RAJASTHAN,2726,UDAIPUR,100.0,39.47222222222222,65.36562512517973,40.07789225289278
RAJASTHAN,2727,DUNGARPUR,100.0,49.55555555555556,66.98633612222613,50.09872384161626
RAJASTHAN,2728,BANSWARA,99.97944444444445,44.72222222222222,56.037350782506195,45.227854466566114
RAJASTHAN,2729,CHITTORGARH,99.9975,40.0,68.11004269491195,40.468822008071
RAJASTHAN,2730,KOTA,99.99638888888889,38.19444444444444,66.39707332209268,38.72789628220499
RAJASTHAN,2731,BARAN,99.97888888888889,38.25,59.503384716138775,38.76196661327865
RAJASTHAN,2732,JHALAWAR,100.0,43.97222222222222,53.00641922130223,44.442607267449866
RAJASTHAN,2733,PRATAPGARH,100.0,45.19444444444444,57.14081304240862,45.68113514420709
SIKKIM,2801,Mangan District,100.0,33.611111111111114,39.41116972477999,34.14429832084699
SIKKIM,2802,Gangtok District,100.0,32.666666666666664,56.86975820406071,33.124360185025914
SIKKIM,2803,Namchi District,100.0,30.833333333333332,51.8355114745761,31.39855999003094
SIKKIM,2804,Gyalshing District,100.0,38.888888888888886,50.18134995558861,39.368714149729364
SIKKIM,2805,SORENG,100.0,33.583333333333336,51.63748967693173,34.18532560429651
TAMIL NADU,2901,KANCHIPURAM,99.99972222222222,45.25,87.64713935203923,45.768292536546696
TAMIL NADU,2902,TIRUVALLUR,100.0,33.888888888888886,90.82336064025993,34.38943838392439
TAMIL NADU,2903,CUDDALORE,99.98444444444445,18.416666666666668,74.83667973493772,18.891554207576682
TAMIL NADU,2904,VILLUPURAM,99.98944444444444,24.02777777777778,80.56382011453213,24.468190967216962
TAMIL NADU,2905,VELLORE,99.99305555555556,31.083333333333332,89.83367456721055,31.682864176639775
TAMIL NADU,2906,TIRUVANNAMALAI,99.99583333333334,29.0,83.20723598500997,29.446652206629576
TAMIL NADU,2907,SALEM,100.0,26.77777777777778,88.60420465924491,27.265890908773248
TAMIL NADU,2908,NAMAKKAL,100.0,32.27777777777778,89.2916985379148,32.711263557670605
TAMIL NADU,2909,DHARMAPURI,99.99166666666666,16.61111111111111,93.7859642378932,17.175317794800154
TAMIL NADU,2910,ERODE,99.99222222222221,37.55555555555556,85.91483162064038,38.02191641652212
TAMIL NADU,2911,COIMBATORE,99.93083333333334,32.27777777777778,89.0260495782236,32.762558085827465
TAMIL NADU,2912,THE NILGIRIS,100.0,33.361111111111114,82.49254030316938,33.9253523194927
TAMIL NADU,2913,THANJAVUR,100.0,30.02777777777778,83.31456055624811,30.53440273328296
TAMIL NADU,2914,NAGAPATTINAM,100.0,32.02777777777778,75.65490565937779,32.54336007406616
TAMIL NADU,2915,TIRUVARUR,99.9986111111111,28.333333333333332,75.69537323344117,28.774513427247282
TAMIL NADU,2916,TIRUCHIRAPPALLI,100.0,34.361111111111114,86.93284353574393,34.91377925947273
TAMIL NADU,2917,KARUR,100.0,41.05555555555556,87.6555915959111,41.541625809600625
TAMIL NADU,2918,PERAMBALUR,99.99694444444444,18.444444444444443,83.07024054862563,18.906646842508465
TAMIL NADU,2919,PUDUKKOTTAI,99.99305555555556,29.75,88.36441822671438,30.267825577238884
TAMIL NADU,2920,MADURAI,99.97833333333332,23.27777777777778,88.08132829484909,23.79547693488201
TAMIL NADU,2921,THENI,99.99611111111112,18.63888888888889,84.2738634405676,19.09013504789847
TAMIL NADU,2922,DINDIGUL,99.99944444444445,36.861111111111114,85.8165881551511,37.42043547843622
TAMIL NADU,2923,RAMANATHAPURAM,100.0,37.77777777777778,87.13123230660956,38.2210167234685
TAMIL NADU,2924,VIRUDHUNAGAR,100.0,33.05555555555556,86.16508099689634,33.62633121566883
TAMIL NADU,2925,SIVAGANGAI,99.99944444444445,39.52777777777778,89.87344424603958,40.0187482642976
TAMIL NADU,2926,TIRUNELVELI,100.0,32.25,88.81468227169502,32.69961848029263
TAMIL NADU,2927,THOOTHUKKUDI,99.9986111111111,35.888888888888886,88.17528296017007,36.32770539931269
TAMIL NADU,2928,KANNIYAKUMARI,100.0,41.166666666666664,87.27045271896218,41.55424195307605
TAMIL NADU,2930,KRISHNAGIRI,99.99638888888889,28.166666666666668,92.07905706676466,28.742322775244947
TAMIL NADU,2931,ARIYALUR,99.92805555555555,16.22222222222222,77.97986480511732,16.675642515310873
TAMIL NADU,2932,TIRUPPUR,99.99972222222222,41.611111111111114,86.11628936282492,42.06049653229827
TAMIL NADU,2933,CHENGALPATTU,99.99541666666666,37.583333333333336,87.64437846404878,38.18257093362079
TAMIL NADU,2934,Ranipet,99.99916666666667,23.208333333333332,91.53762300424056,23.732643350212566
TAMIL NADU,2935,TIRUPATHUR,99.98833333333333,24.791666666666668,91.7285194178521,25.373392161452553
TAMIL NADU,2936,TENKASI,100.0,31.125,82.8362258639984,31.645988022247533
TAMIL NADU,2937,KALLAKURICHI,99.9325,19.291666666666668,73.71135140316646,19.718179141986308
TAMIL NADU,2938,MAYILADUTHURAI,99.99583333333334,20.833333333333332,74.2359625945288,21.30335571061796
TELANGANA,3614,Mahabubnagar,100.0,42.333333333333336,63.56411615237726,42.74880107804736
TELANGANA,3615,Vikarabad,100.0,52.375,52.47190132676284,52.803697591642965
TELANGANA,3617,Medak,100.0,44.083333333333336,55.69480654442122,44.623689216437846
TELANGANA,3618,Nizamabad,100.0,39.375,63.96350696797507,39.90612450596602
TELANGANA,3619,Adilabad,100.0,48.166666666666664,49.43466879516044,48.68651043373123
TELANGANA,3620,Karimnagar,100.0,31.833333333333332,71.7370131480479,32.34246376772909
TELANGANA,3621,Warangal,100.0,33.0,59.313081454990176,33.48880790711875
TELANGANA,3622,Khammam,100.0,35.5,59.40874108556533,36.023814405644906
TELANGANA,3623,Nalgonda,100.0,38.291666666666664,58.61483447054331,38.74488613811376
TELANGANA,3624,Jogulamba Gadwal,100.0,36.75,51.337579773877486,37.16582907615291
TELANGANA,3625,Hanumakonda,100.0,31.875,66.19700960888717,32.40215582990127
TELANGANA,3626,Jagtial,100.0,34.375,72.34035261140319,34.872552942631664
TELANGANA,3627,Jangaon,100.0,39.666666666666664,62.18988648287816,40.04431119264615
TELANGANA,3628,Jayashanker Bhopalapally,100.0,35.041666666666664,53.468947758779876,35.56095311546028
TELANGANA,3629,Kamareddy,100.0,51.75,54.175435439693125,52.30667835927115
TELANGANA,3630,Bhadradri Kothagudem,100.0,43.583333333333336,59.49954934208643,44.0782410186244
TELANGANA,3631,Kumram Bheem(Asifabad),100.0,43.833333333333336,50.7879490180972,44.20849996365077
TELANGANA,3632,Mahabubabad,100.0,33.625,55.19097094045032,34.12122118945678
TELANGANA,3633,Medchal,100.0,30.291666666666668,76.24147024965144,30.808187487888606
TELANGANA,3634,Mancherial,100.0,39.708333333333336,57.15963995935112,40.2998352985889
TELANGANA,3635,Nagarkurnool,100.0,37.791666666666664,59.70293314506037,38.33062919349304
TELANGANA,3636,Nirmal,100.0,43.625,57.84020204719574,44.001874965310996
TELANGANA,3637,Peddapalli,100.0,34.041666666666664,66.74178273019736,34.505115265537256
TELANGANA,3638,Sangareddy,100.0,42.083333333333336,55.046204836254994,42.605917217335865
TELANGANA,3639,Rangareddy,100.0,45.666666666666664,59.615259822452465,46.13558576112664
TELANGANA,3640,Siddipet,100.0,46.916666666666664,62.09890876811022,47.35522210349882
TELANGANA,3641,Rajanna Sirsilla,100.0,40.708333333333336,64.65271998349222,41.27770092110551
TELANGANA,3642,Suryapet,100.0,38.333333333333336,57.90754785106133,38.92484846842782
TELANGANA,3643,Wanaparthy,100.0,42.583333333333336,61.60152517280873,43.09692144157921
TELANGANA,3644,Yadadri Bhuvanagiri,100.0,32.333333333333336,73.6109194844063,32.83402649344274
TELANGANA,3645,Mulugu,100.0,47.291666666666664,52.147473833008654,47.746030575853666
TELANGANA,3646,Narayanpet,100.0,37.583333333333336,57.11472344850143,38.116122876315345
TRIPURA,3001,WEST TRIPURA,100.0,27.11111111111111,48.57884612882393,27.669878523188075
TRIPURA,3002,SOUTH TRIPURA,97.22222222222223,35.02777777777778,47.29429624488047,35.500444222869454
TRIPURA,3003,NORTH TRIPURA,100.0,39.583333333333336,42.83679456578233,40.12791705950692
TRIPURA,3004,DHALAI,100.0,58.166666666666664,46.289220139134535,58.607027206020184
TRIPURA,3005,Unakoti,100.0,35.77777777777778,45.41635505459174,36.24140025171701
TRIPURA,3006,Khowai,100.0,37.55555555555556,44.27511029652575,38.04736378601788
TRIPURA,3007,Sepahijala,100.0,40.05555555555556,49.5618896094488,40.59778400607947
TRIPURA,3008,Gomati,100.0,40.47222222222222,51.29623077759297,41.013575718295925
UTTAR PRADESH,3109,BIJNOR,97.22222222222223,17.916666666666668,27.023226791442877,18.443979723104857
UTTAR PRADESH,3110,MORADABAD,99.98138888888889,28.166666666666668,28.61480158011357,28.6289965619919
UTTAR PRADESH,3111,RAMPUR,99.9975,26.27777777777778,19.10040653288594,26.81300286721678
UTTAR PRADESH,3112,SAHARANPUR,97.22138888888888,19.27777777777778,34.3070610931978,19.883631332759567
UTTAR PRADESH,3114,MUZAFFARNAGAR,99.99916666666667,30.583333333333332,29.955958029804883,31.145587413122403
UTTAR PRADESH,3115,MEERUT,100.0,36.666666666666664,36.044194563543634,37.21934270700928
UTTAR PRADESH,3116,GHAZIABAD,88.88888888888889,9.583333333333334,43.278365251463974,9.988296681509048
UTTAR PRADESH,3117,BULANDSHAHR,97.16944444444444,16.47222222222222,23.936784635236915,16.912514577369237
UTTAR PRADESH,3118,ALIGARH,99.99027777777778,23.75,24.135119205680088,24.215481473912977
UTTAR PRADESH,3119,MATHURA,99.98194444444444,30.38888888888889,33.82734174957972,30.871776908144398
UTTAR PRADESH,3120,AGRA,97.21499999999999,29.194444444444443,30.171401682338058,29.700841111411687
UTTAR PRADESH,3121,FIROZABAD,99.79444444444444,31.444444444444443,33.23015163245735,31.964420828881252
UTTAR PRADESH,3122,ETAH,99.99333333333334,33.583333333333336,29.31998421170077,34.04554233046317
UTTAR PRADESH,3123,MAINPURI,100.0,32.166666666666664,26.111944612313415,32.64120848559282
UTTAR PRADESH,3124,BUDAUN,100.0,28.22222222222222,19.638744070696717,28.678314892262343
UTTAR PRADESH,3125,BAREILLY,100.0,23.055555555555557,19.94633862421319,23.528886739558956
UTTAR PRADESH,3126,PILIBHIT,99.9986111111111,23.47222222222222,21.63575104370268,23.932038154934443
UTTAR PRADESH,3127,SHAHJAHANPUR,100.0,25.52777777777778,20.05004412294933,26.082445947106883
UTTAR PRADESH,3128,KHERI,99.99833333333333,30.194444444444443,26.876791858758377,30.64858866461444
UTTAR PRADESH,3129,SITAPUR,99.9986111111111,32.833333333333336,29.88637994456377,33.426048346910044
UTTAR PRADESH,3130,HARDOI,99.99916666666667,33.916666666666664,21.559785069422347,34.433792987164786
UTTAR PRADESH,3131,UNNAO,99.9986111111111,33.083333333333336,29.643297393688606,33.55801617638769
UTTAR PRADESH,3132,LUCKNOW,100.0,29.833333333333332,28.77216502192098,30.324646190765105
UTTAR PRADESH,3133,RAE BARELI,99.99833333333333,29.083333333333332,37.600242016850714,29.632641631184566
UTTAR PRADESH,3134,FARRUKHABAD,100.0,29.86111111111111,22.24834056293365,30.32462357987294
UTTAR PRADESH,3135,ETAWAH,99.99444444444445,29.88888888888889,22.612351178039457,30.403721445161953
UTTAR PRADESH,3136,KANPUR DEHAT,100.0,29.02777777777778,26.29147435943854,29.456062399599645
UTTAR PRADESH,3137,KANPUR NAGAR,100.0,27.194444444444443,23.346220929966062,27.692449403743176
UTTAR PRADESH,3138,JALAUN,99.97805555555556,37.166666666666664,36.03317331100211,37.56865951398646
UTTAR PRADESH,3139,JHANSI,99.96583333333334,42.97222222222222,38.358743935145746,43.55279799962361
UTTAR PRADESH,3140,LALITPUR,99.99833333333333,36.80555555555556,39.15449481456447,37.2878351650898
UTTAR PRADESH,3141,HAMIRPUR,99.99777777777778,37.416666666666664,40.46071466207994,37.91692545982791
UTTAR PRADESH,3142,BANDA,100.0,34.138888888888886,45.164811720651116,34.61854774000355
UTTAR PRADESH,3143,FATEHPUR,99.98722222222221,35.0,40.44803352587493,35.443998989659605
UTTAR PRADESH,3144,PRATAPGARH,100.0,33.888888888888886,44.775975599075,34.39448210225666
UTTAR PRADESH,3145,PRAYAGRAJ,100.0,31.27777777777778,40.85522158319353,31.767923564195357
UTTAR PRADESH,3146,BAHRAICH,99.99583333333334,35.77777777777778,36.48921270031665,36.28793592296318
UTTAR PRADESH,3147,GONDA,99.99333333333334,33.97222222222222,38.159990286350556,34.465696731357724
UTTAR PRADESH,3148,BARABANKI,99.96555555555557,34.611111111111114,30.21595966615168,35.073628339353625
UTTAR PRADESH,3149,AYODHYA,100.0,30.22222222222222,40.37095903187087,30.74386373239149
UTTAR PRADESH,3150,SULTANPUR,99.99277777777777,36.5,42.15760834451024,37.02008792512942
UTTAR PRADESH,3151,SIDDHARTH NAGAR,99.92833333333334,31.38888888888889,49.14319704033446,31.884859543441475
UTTAR PRADESH,3152,MAHARAJGANJ,99.9925,29.52777777777778,40.26173829976406,30.024250372083355
UTTAR PRADESH,3153,BASTI,97.21777777777778,32.638888888888886,43.36259403185807,33.08490498866815
UTTAR PRADESH,3154,GORAKHPUR,99.82583333333334,28.083333333333332,40.69405157091401,28.56587235546136
UTTAR PRADESH,3155,DEORIA,99.985,31.61111111111111,35.45886478488381,32.119164276406536
UTTAR PRADESH,3156,MAU,100.0,30.52777777777778,46.12558706496061,31.012876076108846
UTTAR PRADESH,3157,AZAMGARH,100.0,28.055555555555557,41.491314527152305,28.559935011651874
UTTAR PRADESH,3158,JAUNPUR,99.98111111111112,34.861111111111114,45.83717061252298,35.3600497193489
UTTAR PRADESH,3159,BALLIA,100.0,28.833333333333332,41.073696440441466,29.344303703361373
UTTAR PRADESH,3160,GHAZIPUR,100.0,28.77777777777778,38.75536635311364,29.26760801263908
UTTAR PRADESH,3161,VARANASI,100.0,24.444444444444443,47.06635868277964,24.972823177859922
UTTAR PRADESH,3162,MIRZAPUR,100.0,32.44444444444444,43.79395994597143,33.00764906415612
UTTAR PRADESH,3163,SONBHADRA,100.0,30.333333333333332,48.03979725159737,30.774387357434858
UTTAR PRADESH,3164,GAUTAM BUDDHA NAGAR,94.25694444444444,18.25,17.541802116758674,18.818949363509084
UTTAR PRADESH,3165,BAGHPAT,97.22222222222223,23.25,27.042930455831613,23.76651357652377
UTTAR PRADESH,3166,HATHRAS,99.99361111111111,23.27777777777778,15.187015928294269,23.836308472256363
UTTAR PRADESH,3167,AMROHA,97.22222222222223,24.916666666666668,23.79364252028385,25.304198053109115
UTTAR PRADESH,3168,KANNAUJ,100.0,27.083333333333332,22.510173458033314,27.54460693262989
UTTAR PRADESH,3169,AURAIYA,100.0,25.944444444444443,26.448697775692978,26.373057035389984
UTTAR PRADESH,3170,KAUSHAMBI,99.66694444444445,31.0,42.765238172740204,31.467007414786956
UTTAR PRADESH,3171,CHANDAULI,100.0,32.47222222222222,34.085866742980976,32.99010983082431
UTTAR PRADESH,3172,KUSHI NAGAR,99.99805555555555,29.166666666666668,34.133990561811714,29.70221546844746
UTTAR PRADESH,3173,SANT RAVIDAS NAGAR,99.99805555555555,28.36111111111111,44.69930639697603,28.844704993869584
UTTAR PRADESH,3174,SANT KABEER NAGAR,99.99638888888889,33.138888888888886,47.316104338313046,33.65525117122276
UTTAR PRADESH,3175,BALRAMPUR,100.0,34.083333333333336,32.889396118134115,34.5354349680058
UTTAR PRADESH,3176,SHRAVASTI,100.0,32.75,33.28703584021586,33.22342036382306
UTTAR PRADESH,3177,CHITRAKOOT,100.0,35.666666666666664,42.858859651931816,36.122291664070104
UTTAR PRADESH,3178,AMBEDKAR NAGAR,99.98416666666667,27.72222222222222,40.17254786832016,28.245007973959556
UTTAR PRADESH,3179,MAHOBA,100.0,34.333333333333336,39.092542021677524,34.81179383630869
UTTAR PRADESH,3180,KASHGANJ,100.0,29.583333333333332,26.33232009402223,30.220881802095146
UTTAR PRADESH,3181,AMETHI,100.0,34.611111111111114,35.02829323227585,35.09236631439197
UTTAR PRADESH,3182,HAPUR,94.4388888888889,24.22222222222222,33.296936410523244,24.588483952540273
UTTAR PRADESH,3183,SHAMLI,99.98916666666668,27.88888888888889,26.891332559168877,28.36212352193501
UTTAR PRADESH,3184,SAMBHAL,99.96027777777778,26.555555555555557,24.82186894324552,27.015651631151332
UTTARAKHAND,3501,UTTAR KASHI,99.98111111111112,34.583333333333336,52.927921798206626,35.012782436631426
UTTARAKHAND,3502,DEHRADUN,99.43194444444445,37.30555555555556,34.830570951590495,37.845642667221064
UTTARAKHAND,3503,HARIDWAR,99.83055555555556,33.72222222222222,38.396301463261814,34.198121497595054
UTTARAKHAND,3504,CHAMOLI,99.98388888888888,26.38888888888889,62.48698771251382,26.792667408016243
UTTARAKHAND,3505,PAURI GARHWAL,99.99916666666667,25.583333333333332,66.97911817531067,26.14790974546305
UTTARAKHAND,3506,RUDRA PRAYAG,100.0,36.5,61.43741196782644,37.02623552371219
UTTARAKHAND,3507,ALMORA,99.85972222222222,27.555555555555557,54.9344678986438,28.09782605506962
UTTARAKHAND,3508,NAINITAL,99.99777777777778,35.75,43.567050011543984,36.217155923770875
UTTARAKHAND,3509,UDAM SINGH NAGAR,100.0,28.52777777777778,46.34669939363491,28.978334263806598
UTTARAKHAND,3510,CHAMPAWAT,99.93166666666667,34.94444444444444,45.76942734820504,35.41898724687018
UTTARAKHAND,3511,PITHORAGARH,99.99972222222222,34.22222222222222,49.65249012369644,34.730792912382704
UTTARAKHAND,3512,BAGESHWAR,100.0,31.444444444444443,52.69472212300138,31.973550798493193
UTTARAKHAND,3513,TEHRI GARHWAL,99.91583333333332,21.11111111111111,70.57864480943631,21.58965043455948
WEST BENGAL,3201,NADIA,100.0,27.833333333333332,43.41923405474539,28.241237523227827
WEST BENGAL,3202,PASCHIM BARDHAMAN,100.0,36.638888888888886,51.152309145139114,37.1026009241801
WEST BENGAL,3203,BIRBHUM,100.0,29.944444444444443,43.86078671986165,30.500924990646404
WEST BENGAL,3204,SILIGURI MAHAKUMA PARISAD,99.9825,30.25,63.78441649194844,30.723280466938263
WEST BENGAL,3205,HOWRAH,100.0,30.22222222222222,45.893014799431526,30.769127131569252
WEST BENGAL,3206,HOOGHLY,100.0,32.72222222222222,41.09794449028767,33.168734477579754
WEST BENGAL,3207,JALPAIGURI,99.91722222222222,32.166666666666664,49.78290247385145,32.67993167039995
WEST BENGAL,3208,COOCHBEHAR,99.97583333333334,29.86111111111111,60.71003659923362,30.402945285808933
WEST BENGAL,3209,MALDAH,100.0,35.138888888888886,55.31248044903329,35.71326299651662
WEST BENGAL,3210,PASCHIM MEDINIPUR,100.0,36.97222222222222,43.245237466279995,37.46494420186352
WEST BENGAL,3211,PURBA MEDINIPUR,100.0,36.333333333333336,48.072131821250515,36.85893571525179
WEST BENGAL,3212,MURSHIDABAD,99.89166666666667,37.69444444444444,32.81122407508799,38.20361373527378
WEST BENGAL,3213,BANKURA,99.99416666666667,36.22222222222222,49.046750449229116,36.72080894416377
WEST BENGAL,3214,PURULIA,100.0,37.05555555555556,46.33105248260864,37.60590806138506
WEST BENGAL,3215,24 PARGANAS (NORTH),100.0,36.916666666666664,56.356460067091824,37.40615586112111
WEST BENGAL,3216,24 PARGANAS SOUTH,99.98388888888888,43.72222222222222,41.81984607435418,44.25980468220417
WEST BENGAL,3217,DINAJPUR DAKSHIN,99.88833333333334,31.61111111111111,48.394181783775,32.14621820026608
WEST BENGAL,3218,DINAJPUR UTTAR,99.9986111111111,40.583333333333336,52.11857167953475,41.13399412103561
WEST BENGAL,3219,Darjeeling Gorkha Hill Council (DGHC),94.44444444444444,41.083333333333336,49.35943053990318,41.63826348376769
WEST BENGAL,3220,ALIPURDUAR,100.0,34.72222222222222,50.05555254854481,35.143847362132846
WEST BENGAL,3221,KALIMPONG,94.44444444444444,52.333333333333336,47.2005307646987,52.811400021937814
WEST BENGAL,3222,JHARGRAM,100.0,32.69444444444444,40.30664983741427,33.12129040795116
WEST BENGAL,3225,PURBA BARDHAMAN,100.0,25.88888888888889,41.01709700482402,26.424683462778617
