State,District,STUNTING,WASTING,UNDERWEIGHT,ANEMIA,INST_DEL,SANITATION,CLEAN_FUEL,IMMUNIZATION
Andaman And Nicobar Islands,Nicobars,20.3,7.4,10.5,50.5,96.1,86.7,39.3,45.5
Andaman And Nicobar Islands,North And Middle Andaman,32.5,31.7,33.5,47.3,95.0,49.8,35.5,89.1
Andaman And Nicobar Islands,South Andamans,20.1,15.6,18.5,49.6,97.0,83.6,77.3,69.1
Andhra Pradesh,Ananthapuramu,40.3,15.2,39.3,53.0,89.9,46.5,65.9,76.3
Andhra Pradesh,Chittoor,31.4,18.1,32.4,46.6,94.0,39.8,59.4,67.6
Andhra Pradesh,East Godavari,27.7,15.3,27.1,63.1,96.9,56.8,50.3,60.3
Andhra Pradesh,Guntur,22.1,17.9,29.1,68.1,97.5,63.2,79.8,61.7
Andhra Pradesh,Krishna,22.6,20.7,27.7,58.1,96.4,63.2,73.3,74.1
Andhra Pradesh,Kurnool,44.1,18.8,37.5,54.5,75.5,52.9,63.7,66.1
Andhra Pradesh,Prakasam,28.2,15.3,30.3,56.3,91.4,53.6,65.9,64.0
Andhra Pradesh,Sri Potti Sriramulu Nellore,29.4,16.9,28.7,50.4,96.0,52.7,57.1,47.7
Andhra Pradesh,Srikakulam,28.0,15.6,28.7,70.6,91.2,33.2,38.0,59.2
Andhra Pradesh,Visakhapatnam,30.1,17.2,33.1,64.5,84.9,55.2,56.1,66.0
Andhra Pradesh,Vizianagaram,36.8,18.8,34.4,78.7,90.7,31.9,48.1,49.3
Andhra Pradesh,West Godavari,28.5,14.7,30.1,55.1,97.2,61.2,62.3,77.7
Andhra Pradesh,Y.S.R.,36.3,17.9,34.4,55.8,93.7,68.7,72.1,65.3
Arunachal Pradesh,Anjaw,21.0,18.3,10.4,61.6,51.4,45.3,24.7,35.8
Arunachal Pradesh,Changlang,23.5,16.0,20.1,64.3,51.5,56.4,26.5,79.5
Arunachal Pradesh,Dibang Valley,36.3,9.0,14.5,43.4,55.7,78.2,33.8,38.3
Arunachal Pradesh,East Kameng,42.0,15.1,20.5,47.7,33.5,38.3,36.8,11.9
Arunachal Pradesh,East Siang,21.0,18.1,16.9,47.4,68.6,72.8,44.9,45.5
Arunachal Pradesh,Kurung Kumey,38.9,23.2,26.1,50.6,29.6,46.7,39.2,17.4
Arunachal Pradesh,Lohit,27.0,21.4,23.9,57.1,46.9,60.5,23.9,56.5
Arunachal Pradesh,Lower Dibang Valley,22.3,21.7,15.4,59.1,58.8,68.6,41.7,37.3
Arunachal Pradesh,Lower Subansiri,35.1,23.9,21.8,50.6,60.0,73.0,64.5,40.1
Arunachal Pradesh,Papum Pare,25.3,9.5,11.6,54.4,80.6,68.0,84.3,34.9
Arunachal Pradesh,Tawang,20.5,19.4,8.1,66.4,30.2,54.3,45.6,27.8
Arunachal Pradesh,Tirap,39.7,25.2,35.0,59.3,34.5,54.9,21.0,45.3
Arunachal Pradesh,Upper Siang,24.6,29.4,21.5,48.1,66.4,60.0,22.4,
Arunachal Pradesh,Upper Subansiri,28.3,12.3,12.2,52.6,44.7,59.9,38.5,21.9
Arunachal Pradesh,West Kameng,27.3,7.2,11.6,49.9,57.0,58.8,56.1,25.0
Arunachal Pradesh,West Siang,34.7,19.2,21.3,39.2,50.2,76.0,48.7,34.4
Assam,Baksa,32.4,10.5,22.4,39.0,87.8,54.3,16.6,59.1
Assam,Barpeta,41.7,16.6,33.1,30.2,51.9,34.9,22.6,34.1
Assam,Bongaigaon,39.1,23.6,32.9,34.5,67.0,45.9,27.2,42.4
Assam,Cachar,36.3,30.6,36.3,30.9,70.7,37.3,28.8,45.4
Assam,Chirang,40.1,13.0,24.7,35.6,59.4,32.6,18.3,40.4
Assam,Darrang,43.5,19.2,37.9,45.4,66.1,45.6,17.6,40.6
Assam,Dhemaji,35.5,6.2,15.8,38.9,76.1,41.4,11.0,47.0
Assam,Dhubri,47.4,22.2,39.0,42.6,43.6,33.0,16.7,20.1
Assam,Dibrugarh,33.3,22.4,33.0,52.6,88.5,56.6,28.1,71.1
Assam,Dima Hasao,34.7,6.3,18.2,28.9,57.1,59.0,24.3,59.8
Assam,Goalpara,42.7,22.1,39.5,36.0,71.2,46.2,21.3,43.7
Assam,Golaghat,32.6,13.9,20.2,33.3,88.4,59.6,15.7,67.9
Assam,Hailakandi,38.1,19.1,32.5,29.0,56.5,36.0,13.8,39.2
Assam,Jorhat,25.5,14.8,18.1,38.0,95.9,64.5,34.4,64.8
Assam,Kamrup,33.3,18.8,29.6,33.7,83.8,52.6,37.3,35.7
Assam,Kamrup Metro,24.6,11.0,23.2,34.5,92.9,61.2,79.0,72.8
Assam,Karbi Anglong,28.1,18.7,23.7,24.6,50.2,41.5,14.4,23.6
Assam,Karimganj,42.3,17.6,35.6,24.6,48.0,39.5,22.5,53.9
Assam,Kokrajhar,30.6,15.7,27.1,40.4,66.7,39.2,18.3,42.1
Assam,Lakhimpur,29.3,11.2,24.2,31.8,82.7,49.6,18.9,54.0
Assam,Marigaon,38.4,10.3,25.8,38.2,72.2,40.1,18.0,44.4
Assam,Nagaon,38.4,13.3,31.3,35.4,67.4,45.5,19.0,43.1
Assam,Nalbari,26.8,15.3,20.0,45.3,82.8,51.2,35.5,48.8
Assam,Sivasagar,35.5,8.3,22.2,33.5,87.1,55.5,26.4,73.0
Assam,Sonitpur,28.7,21.5,26.9,27.0,88.4,61.0,22.7,45.3
Assam,Tinsukia,36.0,14.8,32.7,42.6,76.3,50.8,26.9,64.0
Assam,Udalguri,39.1,18.3,31.8,39.7,72.2,53.8,14.1,52.8
Bihar,Araria,48.4,22.8,45.4,61.8,51.6,12.5,5.2,53.9
Bihar,Arwal,50.2,30.7,54.0,66.8,69.9,21.3,10.2,74.1
Bihar,Aurangabad,48.3,24.8,47.6,53.4,71.5,27.1,16.6,77.6
Bihar,Banka,49.6,26.0,48.5,70.4,70.7,14.3,9.3,64.9
Bihar,Begusarai,44.9,18.4,39.1,62.7,75.3,34.2,16.5,77.1
Bihar,Bhagalpur,46.6,23.1,40.8,70.1,69.4,32.3,23.2,66.7
Bihar,Bhojpur,43.5,26.0,47.2,70.6,80.4,26.2,21.0,71.9
Bihar,Buxar,43.9,19.6,41.2,59.8,81.6,27.9,23.3,63.9
Bihar,Darbhanga,49.0,16.6,41.1,69.9,47.2,27.7,18.3,52.9
Bihar,Gaya,52.9,25.6,53.1,59.0,56.8,26.8,15.6,67.6
Bihar,Gopalganj,35.6,16.5,30.5,63.3,75.1,26.4,20.4,63.1
Bihar,Jamui,45.9,29.4,47.2,61.3,59.4,14.8,9.2,55.5
Bihar,Jehanabad,52.1,19.6,47.1,61.4,83.0,29.3,20.1,67.5
Bihar,Kaimur (Bhabua),53.8,21.4,48.1,63.0,80.1,21.5,13.8,70.5
Bihar,Katihar,49.2,20.7,45.1,61.3,51.8,21.5,10.0,71.2
Bihar,Khagaria,49.8,17.0,42.4,63.4,71.2,30.8,13.4,65.9
Bihar,Kishanganj,46.9,22.8,45.4,65.2,41.8,15.9,5.7,54.9
Bihar,Lakhisarai,50.6,20.1,47.3,66.3,64.1,36.8,14.7,59.1
Bihar,Madhepura,51.8,24.2,49.2,61.4,60.9,15.0,9.0,62.2
Bihar,Madhubani,51.8,19.1,45.4,62.9,50.3,19.1,12.2,48.9
Bihar,Munger,46.6,21.5,43.7,62.5,83.5,34.1,26.3,63.7
Bihar,Muzaffarpur,47.9,17.5,42.3,58.5,62.3,28.5,21.9,55.0
Bihar,Nalanda,54.1,24.3,50.2,59.0,78.5,31.0,23.4,65.2
Bihar,Nawada,48.4,21.4,45.9,56.4,67.8,28.8,21.0,63.5
Bihar,Pashchim Champaran,43.6,21.7,39.1,62.3,64.2,21.4,18.1,29.4
Bihar,Patna,43.5,28.5,43.3,51.6,86.4,49.9,51.7,69.7
Bihar,Purbi Champaran,47.2,18.0,40.8,65.7,44.9,20.5,14.4,49.3
Bihar,Purnia,52.1,20.8,47.0,66.5,61.5,14.4,8.6,65.8
Bihar,Rohtas,48.5,19.9,45.1,61.3,80.7,25.9,17.9,75.6
Bihar,Saharsa,43.9,24.0,44.4,68.4,59.6,16.6,12.9,78.0
Bihar,Samastipur,49.2,18.4,41.3,65.4,73.4,19.2,14.0,57.4
Bihar,Saran,46.1,18.1,40.4,61.9,62.0,25.4,17.4,55.1
Bihar,Sheikhpura,46.4,28.9,51.7,66.0,74.6,33.6,16.5,63.5
Bihar,Sheohar,53.0,14.8,42.8,63.7,52.7,21.0,11.1,59.3
Bihar,Sitamarhi,57.3,15.8,47.7,69.0,37.2,20.2,12.8,62.6
Bihar,Siwan,37.9,15.0,31.6,63.1,74.8,23.6,20.0,63.3
Bihar,Supaul,48.1,20.9,43.4,72.4,61.1,15.8,6.1,65.9
Bihar,Vaishali,53.7,15.1,41.3,67.4,78.9,30.5,21.0,70.2
Chhattisgarh,Bastar,41.6,33.9,50.6,59.4,66.4,17.6,10.4,71.6
Chhattisgarh,Bijapur,48.2,26.0,47.2,51.3,75.5,21.9,9.6,83.7
Chhattisgarh,Bilaspur,34.1,26.8,33.3,31.1,77.6,40.0,28.2,82.0
Chhattisgarh,Dakshin Bastar Dantewada,44.2,32.3,51.6,71.3,58.3,22.4,16.1,66.1
Chhattisgarh,Dhamtari,34.2,27.0,40.2,52.7,82.6,54.5,20.6,88.2
Chhattisgarh,Durg,34.3,21.2,36.3,44.4,71.9,44.7,36.4,90.4
Chhattisgarh,Janjgir-Champa,36.8,21.7,34.7,35.6,62.4,29.0,18.9,70.5
Chhattisgarh,Jashpur,35.1,18.6,35.2,31.1,60.8,15.1,7.6,50.4
Chhattisgarh,Kabeerdham,40.4,17.6,38.4,37.6,44.6,20.8,10.3,61.5
Chhattisgarh,Korba,33.2,25.7,36.6,39.1,67.1,34.3,26.5,80.8
Chhattisgarh,Korea,30.6,29.0,34.5,33.7,70.6,24.5,18.7,74.6
Chhattisgarh,Mahasamund,43.7,19.8,38.1,38.0,77.9,22.0,12.9,74.8
Chhattisgarh,Narayanpur,49.0,30.5,49.2,48.2,61.3,15.6,11.8,62.4
Chhattisgarh,Raigarh,39.2,19.4,37.1,38.8,66.8,26.7,19.6,68.5
Chhattisgarh,Raipur,38.3,19.5,37.4,47.1,69.1,38.6,34.7,80.1
Chhattisgarh,Rajnandgaon,48.8,17.2,36.6,29.7,83.5,44.8,19.7,87.1
Chhattisgarh,Surguja,32.3,22.3,34.7,38.6,64.5,18.2,12.4,64.3
Chhattisgarh,Uttar Bastar Kanker,36.3,30.9,49.9,61.9,77.5,38.7,14.5,82.0
Delhi,Central,36.6,22.9,34.7,77.2,96.3,74.6,97.8,69.5
Delhi,East,22.5,23.7,20.6,48.7,84.5,80.8,98.2,64.0
Delhi,New Delhi,28.5,20.3,32.0,67.5,82.6,67.7,94.5,
Delhi,North,28.5,13.5,27.9,62.4,88.9,77.8,97.6,52.3
Delhi,North East,27.9,12.7,23.1,46.6,78.5,75.5,98.8,55.2
Delhi,North West,38.6,17.8,32.5,73.4,78.1,66.2,96.8,74.2
Delhi,South,31.3,21.2,28.7,67.9,84.1,73.6,96.7,51.1
Delhi,South West,30.6,9.2,23.1,52.0,89.1,64.6,98.2,89.0
Delhi,West,37.4,17.7,31.0,64.8,88.4,87.8,99.5,
Goa,North Goa,21.4,17.5,23.8,48.5,98.6,79.8,82.5,87.3
Goa,South Goa,18.3,27.7,23.9,48.1,94.5,76.1,86.4,89.5
Gujarat,Ahmadabad,29.4,27.1,31.0,76.0,94.6,88.5,83.4,49.0
Gujarat,Amreli,37.8,24.6,31.7,74.5,81.7,74.8,52.4,59.9
Gujarat,Anand,48.2,21.7,41.3,59.7,92.6,67.2,43.1,61.4
Gujarat,Banas Kantha,40.7,21.6,43.1,57.2,89.3,39.6,27.6,35.3
Gujarat,Bharuch,41.5,29.4,44.2,56.8,81.1,67.2,49.2,56.9
Gujarat,Bhavnagar,48.4,26.0,44.4,69.2,93.3,65.8,46.3,52.4
Gujarat,Dang,48.1,43.0,60.0,74.1,53.2,19.4,9.1,44.3
Gujarat,Dohad,44.4,24.9,50.8,58.9,83.8,21.9,15.3,33.0
Gujarat,Gandhinagar,36.5,29.0,42.7,73.7,92.3,62.3,52.2,66.1
Gujarat,Jamnagar,27.9,31.3,29.3,75.7,95.8,68.0,56.8,71.4
Gujarat,Junagadh,27.9,30.4,27.2,77.1,90.6,75.1,47.8,56.5
Gujarat,Kachchh,40.8,31.4,39.0,81.4,82.7,61.5,38.5,45.0
Gujarat,Kheda,45.5,27.2,48.1,53.7,88.4,51.3,28.6,39.5
Gujarat,Mahesana,40.5,25.3,41.9,77.8,96.4,66.1,54.9,55.1
Gujarat,Narmada,47.4,35.8,53.6,53.6,77.3,34.8,15.3,69.3
Gujarat,Navsari,38.9,26.8,37.4,51.9,95.2,68.8,53.2,78.5
Gujarat,Panch Mahals,40.4,36.3,42.3,50.2,79.0,39.8,25.2,30.2
Gujarat,Patan,37.6,24.5,38.4,67.2,92.0,56.3,32.5,30.7
Gujarat,Porbandar,22.6,25.4,27.7,70.8,97.3,72.4,48.4,68.8
Gujarat,Rajkot,30.9,23.4,31.4,57.6,92.3,72.3,65.2,51.4
Gujarat,Sabar Kantha,50.6,23.5,45.5,72.5,88.9,46.7,29.9,49.1
Gujarat,Surat,30.0,26.2,36.1,42.3,92.7,77.4,83.4,48.0
Gujarat,Surendranagar,45.5,27.7,45.9,76.8,80.8,47.7,36.5,37.5
Gujarat,Tapi,35.9,35.8,42.4,49.5,83.2,38.6,22.7,72.9
Gujarat,Vadodara,43.8,16.3,39.1,54.3,79.9,60.8,52.1,63.3
Gujarat,Valsad,43.3,30.3,41.9,50.4,75.0,61.2,56.7,52.9
Haryana,Ambala,19.8,37.9,32.9,75.1,96.1,89.9,67.8,97.4
Haryana,Bhiwani,35.1,15.7,26.9,74.8,87.2,82.6,33.4,66.1
Haryana,Faridabad,29.7,19.7,20.5,75.0,72.0,78.0,82.6,46.3
Haryana,Fatehabad,28.5,20.7,30.0,70.5,91.2,87.5,39.1,87.6
Haryana,Gurugram,41.2,17.9,30.6,66.2,74.2,66.3,82.0,23.6
Haryana,Hisar,25.6,23.5,23.5,66.4,90.8,84.5,38.8,75.3
Haryana,Jhajjar,22.3,15.5,21.0,70.9,86.9,86.4,43.9,50.0
Haryana,Jind,26.0,26.7,29.3,76.6,92.9,84.6,36.8,89.0
Haryana,Kaithal,33.6,23.8,37.5,68.0,83.6,78.0,41.1,90.5
Haryana,Karnal,41.0,19.8,32.5,75.5,92.7,87.5,54.7,91.0
Haryana,Kurukshetra,31.9,24.1,27.1,63.4,91.7,86.0,59.1,88.2
Haryana,Mahendragarh,23.5,19.2,26.1,73.7,96.8,74.3,32.9,73.0
Haryana,Nuh,52.2,17.2,40.2,83.7,37.6,46.7,17.2,13.1
Haryana,Palwal,34.0,21.4,27.5,75.2,56.2,66.4,30.6,25.3
Haryana,Panchkula,21.5,31.8,26.2,66.4,96.5,86.9,77.3,96.9
Haryana,Panipat,44.6,25.1,40.8,65.5,78.2,91.0,63.6,68.4
Haryana,Rewari,27.8,18.3,23.0,77.8,90.2,69.7,39.1,41.2
Haryana,Rohtak,36.6,13.6,25.2,76.3,86.3,77.0,45.8,64.1
Haryana,Sirsa,34.2,22.5,30.1,72.4,85.1,79.5,41.8,75.2
Haryana,Sonipat,40.2,21.6,30.4,58.6,83.7,79.9,48.4,64.1
Haryana,Yamunanagar,30.0,26.8,31.8,58.0,94.4,80.2,61.6,87.9
Himachal Pradesh,Bilaspur,27.2,13.1,23.4,28.3,82.9,70.3,19.1,58.3
Himachal Pradesh,Chamba,29.9,15.0,22.5,66.3,56.9,75.7,25.4,64.6
Himachal Pradesh,Hamirpur,29.3,12.6,19.4,41.2,90.9,81.0,24.3,45.9
Himachal Pradesh,Kangra,25.6,11.3,23.3,47.3,87.8,67.1,34.9,68.6
Himachal Pradesh,Kinnaur,18.4,12.4,15.9,83.1,79.9,67.1,66.7,82.0
Himachal Pradesh,Kullu,19.0,11.3,11.0,54.9,70.5,65.2,37.8,65.7
Himachal Pradesh,Lahul And Spiti,23.0,20.8,16.1,94.7,73.3,52.5,59.9,58.9
Himachal Pradesh,Mandi,26.3,13.1,16.2,37.8,64.3,71.6,23.8,78.8
Himachal Pradesh,Shimla,30.3,15.0,24.8,70.0,77.3,74.0,67.2,87.3
Himachal Pradesh,Sirmaur,23.5,19.5,25.3,65.1,77.8,69.3,38.2,70.6
Himachal Pradesh,Solan,27.6,17.5,29.4,71.8,75.4,69.1,48.4,79.8
Himachal Pradesh,Una,22.6,10.7,14.6,56.6,80.6,69.3,32.2,59.1
Jammu And Kashmir,Anantnag,18.2,5.4,8.2,41.1,91.2,54.9,70.0,72.7
Jammu And Kashmir,Bandipora,20.5,6.2,9.9,58.9,88.7,37.2,54.3,68.0
Jammu And Kashmir,Baramulla,28.6,14.5,12.8,63.6,93.8,62.4,70.6,78.6
Jammu And Kashmir,Budgam,20.4,4.2,8.9,71.3,97.1,50.0,61.8,87.5
Jammu And Kashmir,Doda,36.2,13.2,18.8,56.3,49.6,45.5,15.8,43.2
Jammu And Kashmir,Ganderbal,24.4,4.6,8.3,52.7,95.4,55.8,66.6,82.9
Jammu And Kashmir,Jammu,23.2,13.7,16.6,33.7,91.8,64.3,73.4,77.3
Jammu And Kashmir,Kathua,31.5,15.3,19.1,41.6,92.0,43.5,40.4,82.5
Jammu And Kashmir,Kishtwar,29.3,16.3,18.9,65.3,64.7,39.0,23.9,74.4
Jammu And Kashmir,Kulgam,20.9,7.4,10.2,59.7,89.5,50.9,50.8,83.0
Jammu And Kashmir,Kupwara,30.8,5.1,14.4,75.2,91.0,38.4,48.6,77.8
Jammu And Kashmir,Poonch,27.6,17.7,22.2,51.5,79.6,54.7,22.5,84.2
Jammu And Kashmir,Pulwama,22.7,10.4,11.5,53.7,93.9,66.1,78.6,89.9
Jammu And Kashmir,Rajouri,36.7,11.1,22.8,52.0,75.2,39.6,32.6,44.5
Jammu And Kashmir,Ramban,33.6,16.2,18.8,51.6,60.7,41.1,19.8,57.5
Jammu And Kashmir,Reasi,25.4,17.4,22.7,63.5,62.6,44.4,16.5,73.1
Jammu And Kashmir,Samba,19.6,5.2,9.0,45.9,85.8,44.9,49.6,68.7
Jammu And Kashmir,Shopian,22.8,8.5,11.1,58.4,92.1,57.2,43.8,69.9
Jammu And Kashmir,Srinagar,26.9,24.8,23.2,51.4,99.2,66.6,97.0,85.5
Jammu And Kashmir,Udhampur,43.1,13.2,27.4,64.0,82.7,34.6,26.8,82.7
Jharkhand,Bokaro,39.8,36.9,50.8,74.0,62.5,35.8,26.8,66.2
Jharkhand,Chatra,49.6,30.6,51.3,60.6,55.7,14.6,10.8,42.0
Jharkhand,Deoghar,44.8,23.8,46.0,64.6,58.0,22.3,20.5,64.2
Jharkhand,Dhanbad,38.5,28.1,42.6,69.9,65.4,28.6,20.5,73.5
Jharkhand,Dumka,43.8,41.4,53.5,74.9,54.3,12.1,9.0,76.0
Jharkhand,East Singhbum,39.3,40.6,49.8,66.5,81.7,43.4,40.4,68.9
Jharkhand,Garhwa,45.6,31.3,50.7,65.4,57.8,10.8,5.7,54.2
Jharkhand,Giridih,45.8,23.6,40.6,74.4,63.3,18.3,14.6,47.6
Jharkhand,Godda,54.0,24.8,46.0,80.7,57.5,17.1,6.0,60.1
Jharkhand,Gumla,45.8,31.7,47.7,73.8,69.3,16.3,10.6,58.8
Jharkhand,Hazaribagh,49.3,24.5,47.1,64.3,76.5,27.7,18.0,72.5
Jharkhand,Jamtara,44.1,29.8,48.8,73.7,60.6,14.0,3.7,62.4
Jharkhand,Khunti,40.1,43.0,53.8,64.8,67.7,14.0,7.3,72.7
Jharkhand,Koderma,42.4,20.3,42.2,72.4,78.6,28.6,31.1,70.9
Jharkhand,Latehar,44.2,29.0,44.2,50.1,51.3,12.0,5.2,52.7
Jharkhand,Lohardaga,41.7,28.9,48.1,64.9,71.8,19.5,14.9,60.0
Jharkhand,Pakur,51.8,24.2,46.9,74.3,49.4,13.4,6.5,70.1
Jharkhand,Palamu,45.4,23.8,43.9,59.5,54.7,17.2,16.2,57.7
Jharkhand,Ramgarh,38.7,30.3,46.3,71.3,71.5,39.3,17.8,66.1
Jharkhand,Ranchi,40.7,27.2,43.8,64.8,76.9,37.8,39.1,67.7
Jharkhand,Sahebganj,50.2,24.6,49.7,70.4,48.2,24.7,11.6,62.2
Jharkhand,Saraikela Kharsawan,45.1,23.3,52.6,81.9,64.1,27.0,24.9,65.1
Jharkhand,Simdega,39.2,36.7,47.9,80.0,49.2,8.5,5.7,56.9
Jharkhand,West Singhbhum,59.4,37.5,66.9,83.8,37.4,16.1,10.0,49.7
Karnataka,Bagalkote,47.3,24.6,44.6,62.6,91.6,23.0,29.7,75.9
Karnataka,Ballari,49.5,26.9,53.3,72.3,86.0,40.7,46.7,71.1
Karnataka,Belagavi,36.7,31.7,38.5,66.3,97.1,40.2,47.1,63.4
Karnataka,Bengaluru Rural,28.7,22.8,26.5,48.8,98.5,74.4,64.5,64.1
Karnataka,Bengaluru Urban,28.1,28.9,26.8,51.7,95.9,86.2,93.9,62.1
Karnataka,Bidar,42.8,23.6,39.4,69.1,98.0,26.7,31.3,59.6
Karnataka,Chamarajanagara,30.5,19.1,31.1,53.2,95.5,32.9,36.3,59.5
Karnataka,Chikkaballapura,37.7,17.2,28.5,62.9,92.0,49.7,47.3,63.7
Karnataka,Chikkamagaluru,21.1,22.3,24.6,57.9,96.2,62.7,49.7,41.2
Karnataka,Chitradurga,28.6,31.8,29.9,64.4,95.6,44.2,40.2,48.7
Karnataka,Dakshina Kannada,23.9,17.1,21.7,54.3,96.6,92.0,54.2,77.3
Karnataka,Davangere,46.4,22.4,41.9,65.9,97.3,64.0,52.7,75.2
Karnataka,Dharwad,37.4,33.8,41.1,50.7,95.3,62.0,56.2,54.9
Karnataka,Gadag,34.8,43.1,38.1,70.7,92.9,30.2,24.8,46.7
Karnataka,Hassan,27.0,19.1,26.4,53.1,97.3,64.3,51.1,68.1
Karnataka,Haveri,43.8,20.4,36.9,63.9,96.7,53.5,35.8,69.3
Karnataka,Kalaburagi,52.2,34.0,56.7,72.4,91.1,29.1,35.1,58.6
Karnataka,Kodagu,29.8,16.4,25.7,46.6,96.9,82.0,47.9,68.2
Karnataka,Kolar,32.0,18.4,27.7,57.3,96.4,58.1,56.5,76.4
Karnataka,Koppal,55.8,26.4,49.9,68.1,84.8,48.9,33.6,72.8
Karnataka,Mandya,18.6,23.2,20.3,55.2,97.8,56.8,53.8,61.0
Karnataka,Mysuru,25.1,17.3,24.9,60.1,94.7,63.6,66.7,46.7
Karnataka,Raichur,37.2,34.9,41.2,70.6,79.7,27.6,26.7,65.4
Karnataka,Ramanagara,22.0,20.3,22.9,53.9,99.3,60.8,54.5,58.8
Karnataka,Shivamogga,35.3,14.3,30.6,53.8,97.3,71.7,61.2,45.5
Karnataka,Tumakuru,28.6,26.2,26.0,53.8,96.4,52.3,39.4,64.8
Karnataka,Udupi,21.1,20.9,22.3,56.2,97.9,89.1,44.7,64.6
Karnataka,Uttara Kannada,37.9,18.3,30.1,47.7,93.5,66.0,48.5,67.7
Karnataka,Vijayapura,44.9,29.1,38.9,68.0,90.7,22.9,29.1,58.1
Karnataka,Yadgir,55.5,31.3,50.3,74.0,90.5,18.1,18.7,61.3
Kerala,Alappuzha,14.5,16.6,17.2,24.9,99.0,97.0,64.2,
Kerala,Ernakulam,12.4,15.9,12.0,23.4,100.0,99.3,79.7,75.9
Kerala,Idukki,15.1,24.2,14.8,32.6,100.0,94.6,47.2,
Kerala,Kannur,25.3,10.2,10.5,44.1,100.0,98.9,55.5,87.1
Kerala,Kasaragod,18.7,9.7,13.9,37.7,100.0,97.7,52.9,91.8
Kerala,Kollam,14.4,18.8,14.2,18.1,99.5,98.1,58.8,87.3
Kerala,Kottayam,22.0,16.2,11.3,33.8,100.0,98.9,62.6,95.2
Kerala,Kozhikode,18.0,13.5,18.5,39.7,100.0,99.4,51.8,70.0
Kerala,Malappuram,26.3,22.3,17.3,54.6,99.6,98.7,45.7,70.6
Kerala,Palakkad,20.2,10.3,19.1,41.1,100.0,96.7,50.7,88.1
Kerala,Pathanamthitta,13.3,14.4,11.4,18.4,100.0,97.4,57.7,78.0
Kerala,Thiruvananthapuram,19.5,13.1,21.6,20.5,100.0,96.8,52.4,81.9
Kerala,Thrissur,20.8,15.3,14.0,39.4,100.0,99.5,67.5,88.3
Kerala,Wayanad,27.7,23.9,27.2,45.6,99.6,95.3,33.2,72.8
Ladakh,Kargil,39.6,6.8,20.3,87.6,85.7,16.5,43.8,81.9
Ladakh,Leh Ladakh,20.6,12.4,16.8,95.8,96.9,16.7,87.7,82.0
Madhya Pradesh,Alirajpur,48.6,32.9,52.4,74.5,50.4,17.6,11.7,22.6
Madhya Pradesh,Anuppur,33.5,30.0,40.0,67.6,76.7,22.2,18.2,57.8
Madhya Pradesh,Ashoknagar,42.5,31.2,46.3,60.2,82.3,19.8,15.9,37.2
Madhya Pradesh,Balaghat,32.1,32.4,41.5,69.2,83.7,28.4,16.4,64.6
Madhya Pradesh,Barwani,52.0,28.3,55.0,82.0,50.7,21.3,22.0,41.8
Madhya Pradesh,Betul,34.7,34.1,45.0,61.5,76.0,30.7,28.0,69.1
Madhya Pradesh,Bhind,47.6,30.6,49.8,71.8,85.6,30.6,18.3,51.0
Madhya Pradesh,Bhopal,47.6,21.0,39.5,77.3,91.7,61.8,74.9,62.3
Madhya Pradesh,Burhanpur,50.0,20.1,46.1,80.2,76.2,40.0,45.1,43.3
Madhya Pradesh,Chhatarpur,42.7,18.9,41.3,66.2,81.2,14.5,13.5,41.1
Madhya Pradesh,Chhindwara,33.6,30.5,41.4,65.7,86.1,34.0,25.0,64.3
Madhya Pradesh,Damoh,43.2,21.0,38.0,75.7,69.9,22.2,13.3,55.9
Madhya Pradesh,Datia,48.9,26.2,46.9,73.2,84.5,33.5,21.7,53.2
Madhya Pradesh,Dewas,42.0,25.7,44.7,65.8,92.4,47.0,37.8,60.3
Madhya Pradesh,Dhar,42.6,31.4,47.9,75.3,78.0,35.5,34.6,65.6
Madhya Pradesh,Dindori,45.8,27.4,46.6,66.5,55.8,6.9,4.0,49.4
Madhya Pradesh,Guna,43.4,33.0,51.2,67.4,90.1,27.9,23.2,65.1
Madhya Pradesh,Gwalior,42.8,28.0,48.5,68.6,88.0,56.2,57.3,52.5
Madhya Pradesh,Harda,39.7,25.2,40.6,65.7,79.7,51.4,30.9,48.6
Madhya Pradesh,Indore,39.2,17.8,30.6,71.2,94.7,74.2,84.9,57.8
Madhya Pradesh,Jabalpur,36.2,30.7,42.7,59.4,88.3,47.5,48.5,67.5
Madhya Pradesh,Jhabua,45.6,24.4,43.6,72.4,74.2,13.0,9.1,25.0
Madhya Pradesh,Katni,45.5,23.8,43.1,65.5,78.4,23.2,18.8,46.7
Madhya Pradesh,Khandwa (East Nimar),43.6,21.5,46.8,77.0,81.8,34.1,28.0,58.7
Madhya Pradesh,Khargone (West Nimar),48.3,21.2,44.7,76.9,74.3,33.2,31.7,64.2
Madhya Pradesh,Mandla,36.9,33.5,49.8,69.7,59.2,15.1,14.7,55.1
Madhya Pradesh,Mandsaur,34.0,21.9,31.2,66.1,88.2,28.3,29.1,43.5
Madhya Pradesh,Morena,47.7,29.5,52.2,67.3,93.5,36.9,23.5,60.6
Madhya Pradesh,Narmadapuram,37.2,29.6,40.7,67.3,88.8,46.4,34.4,49.5
Madhya Pradesh,Narsimhapur,37.9,21.9,35.3,69.3,85.7,40.7,21.4,54.2
Madhya Pradesh,Neemuch,36.3,24.6,39.2,68.8,86.7,32.0,34.7,47.0
Madhya Pradesh,Panna,42.3,24.0,40.8,68.2,74.2,19.8,11.3,26.2
Madhya Pradesh,Raisen,45.8,24.9,44.4,68.0,84.7,39.0,26.7,78.5
Madhya Pradesh,Rajgarh,38.8,32.1,46.8,62.5,88.6,19.0,18.6,42.7
Madhya Pradesh,Ratlam,46.1,21.7,41.9,75.9,86.2,33.7,32.9,45.2
Madhya Pradesh,Rewa,40.4,18.0,36.2,54.5,81.6,24.7,13.2,52.8
Madhya Pradesh,Sagar,41.0,16.9,30.5,67.4,77.4,26.7,17.6,52.7
Madhya Pradesh,Satna,41.2,26.6,39.6,70.3,80.4,30.2,22.1,52.4
Madhya Pradesh,Sehore,33.6,27.0,39.9,65.4,88.3,47.1,24.9,60.0
Madhya Pradesh,Seoni,34.7,32.4,43.8,60.8,85.8,24.4,18.0,57.1
Madhya Pradesh,Shahdol,36.7,27.8,41.2,66.5,71.9,16.9,13.5,40.3
Madhya Pradesh,Shajapur,48.1,30.0,48.6,77.5,96.1,34.8,25.5,71.7
Madhya Pradesh,Sheopur,52.1,28.1,55.0,77.5,77.2,15.4,13.8,48.7
Madhya Pradesh,Shivpuri,48.6,25.8,49.6,62.7,86.9,22.6,19.7,63.1
Madhya Pradesh,Sidhi,48.7,24.9,43.9,67.7,60.8,10.0,6.9,34.4
Madhya Pradesh,Singrauli,33.0,34.0,37.5,61.8,43.5,15.8,17.4,42.2
Madhya Pradesh,Tikamgarh,49.7,19.2,43.3,67.1,80.5,13.9,14.6,34.4
Madhya Pradesh,Ujjain,35.8,19.2,31.3,69.1,88.8,51.9,46.5,56.8
Madhya Pradesh,Umaria,41.1,27.4,46.6,73.5,84.5,18.6,12.5,67.1
Madhya Pradesh,Vidisha,41.1,21.4,40.4,69.8,73.3,24.0,17.9,45.7
Maharashtra,Ahmednagar,33.4,21.7,31.1,47.3,93.9,50.8,57.8,42.0
Maharashtra,Akola,41.2,22.7,39.3,53.2,92.0,46.5,43.1,50.8
Maharashtra,Amravati,38.1,24.7,33.0,50.5,93.0,64.5,50.3,64.7
Maharashtra,Beed,37.8,29.5,36.9,57.4,93.7,39.7,28.0,53.9
Maharashtra,Bhandara,40.5,16.2,32.5,43.0,98.7,67.3,47.7,81.1
Maharashtra,Buldhana,43.9,21.1,41.3,43.1,82.6,45.7,33.1,64.2
Maharashtra,Chandrapur,32.2,31.3,40.3,58.8,91.7,53.9,47.2,60.5
Maharashtra,Chhatrapati Sambhajinagar,38.6,20.8,36.0,38.3,93.5,45.3,54.6,59.3
Maharashtra,Dharashiv,43.3,21.9,44.5,36.7,88.2,27.3,31.8,62.7
Maharashtra,Dhule,39.6,30.3,47.5,67.0,72.6,32.0,41.0,40.0
Maharashtra,Gadchiroli,32.5,45.8,42.1,58.3,87.7,32.6,22.4,82.0
Maharashtra,Gondia,34.7,29.7,40.1,57.0,93.3,55.4,23.8,74.4
Maharashtra,Hingoli,39.6,24.2,36.9,51.5,84.6,40.3,25.6,65.9
Maharashtra,Jalgaon,36.4,32.5,36.4,60.2,84.2,42.1,52.9,43.2
Maharashtra,Jalna,44.1,22.4,43.6,49.5,92.0,34.0,20.7,70.0
Maharashtra,Kolhapur,26.9,25.7,31.2,45.2,95.4,67.0,64.0,46.9
Maharashtra,Latur,34.7,22.5,34.5,53.6,89.9,39.7,32.4,59.4
Maharashtra,Mumbai,25.5,25.8,22.7,65.7,97.4,39.2,89.2,45.6
Maharashtra,Nagpur,33.9,25.6,33.6,44.7,97.2,71.1,75.7,76.5
Maharashtra,Nanded,40.4,20.1,34.4,53.6,84.3,43.8,32.4,51.1
Maharashtra,Nandurbar,47.6,39.8,55.4,60.1,55.5,23.6,19.1,32.8
Maharashtra,Nashik,43.5,32.0,42.9,52.9,85.3,52.8,65.7,62.3
Maharashtra,Parbhani,46.4,19.8,42.3,52.1,85.8,34.0,26.6,51.5
Maharashtra,Pune,22.4,23.4,25.6,53.4,93.5,63.5,81.4,81.0
Maharashtra,Raigad,29.9,28.9,38.6,53.4,96.0,75.4,75.6,47.6
Maharashtra,Ratnagiri,28.3,22.3,28.9,50.1,97.8,67.8,34.2,73.1
Maharashtra,Sangli,23.3,17.5,24.8,49.6,95.9,68.8,63.2,43.4
Maharashtra,Satara,23.3,23.5,27.8,55.2,96.3,63.8,57.0,59.2
Maharashtra,Sindhudurg,25.9,19.6,25.2,39.9,99.3,77.6,38.7,80.3
Maharashtra,Solapur,25.4,24.1,34.6,51.5,86.4,49.3,50.7,64.9
Maharashtra,Thane,38.5,29.2,40.3,54.1,91.2,64.7,76.7,40.9
Maharashtra,Wardha,30.5,26.2,36.1,48.5,97.9,56.9,54.9,76.5
Maharashtra,Washim,41.1,32.5,42.9,60.3,84.0,41.5,33.9,67.9
Maharashtra,Yavatmal,47.4,28.8,49.1,68.9,85.3,43.7,37.2,61.6
Manipur,Bishnupur,24.7,6.9,13.7,21.4,86.5,38.2,38.8,77.2
Manipur,Chandel,36.1,7.5,13.2,28.4,38.2,61.6,17.5,50.6
Manipur,Churachandpur,35.7,6.6,11.3,17.5,63.2,66.1,42.2,52.2
Manipur,Imphal East,26.2,7.8,17.1,20.8,80.8,43.4,50.1,72.7
Manipur,Imphal West,21.0,4.7,8.4,29.3,91.4,47.3,63.2,82.8
Manipur,Senapati,35.0,8.2,14.7,22.8,38.2,59.6,19.0,58.7
Manipur,Tamenglong,37.1,8.2,16.3,22.9,33.3,62.0,12.7,44.0
Manipur,Thoubal,30.1,7.0,17.9,24.9,73.5,45.5,37.1,65.4
Manipur,Ukhrul,32.7,7.2,11.1,26.1,33.7,59.8,10.8,42.4
Meghalaya,East Garo Hills,31.0,13.3,18.2,75.4,44.3,51.8,6.6,40.8
Meghalaya,East Khasi Hills,48.6,11.1,30.4,46.5,66.8,65.6,43.1,68.7
Meghalaya,Ri Bhoi,51.6,9.4,30.8,44.4,44.9,56.3,9.6,55.7
Meghalaya,South Garo Hills,16.8,36.0,32.6,74.9,88.4,84.8,9.8,83.0
Meghalaya,West Garo Hills,30.6,21.5,26.0,52.7,45.5,45.7,16.3,48.0
Meghalaya,West Jaintia Hills,50.8,15.8,34.0,33.3,44.3,55.5,21.6,68.3
Meghalaya,West Khasi Hills,51.1,17.2,30.3,35.8,39.0,79.7,6.9,74.2
Mizoram,Aizawl,23.7,2.3,6.7,10.5,96.2,90.9,87.5,55.3
Mizoram,Champhai,32.9,6.0,12.7,7.8,81.1,87.0,52.2,49.1
Mizoram,Kolasib,26.3,6.6,11.4,41.0,86.3,87.0,69.2,51.3
Mizoram,Lawngtlai,35.3,12.0,21.3,33.8,45.9,65.3,38.7,42.2
Mizoram,Lunglei,25.3,6.1,13.1,26.9,74.4,77.7,52.2,46.4
Mizoram,Mamit,30.8,9.3,17.5,19.4,58.0,66.1,38.0,40.7
Mizoram,Serchhip,25.4,9.4,12.2,29.0,88.4,91.9,64.8,61.6
Mizoram,Siaha,37.5,11.6,16.7,21.1,58.9,79.8,56.6,55.4
Nagaland,Dimapur,21.3,8.1,14.9,15.2,56.3,65.2,66.7,33.7
Nagaland,Kiphire,41.8,13.9,25.6,25.6,24.7,80.5,11.1,36.0
Nagaland,Kohima,24.7,11.7,15.2,36.4,54.9,69.1,55.6,60.5
Nagaland,Longleng,26.1,16.3,17.1,14.2,10.2,73.6,4.8,10.8
Nagaland,Mokokchung,19.8,1.8,5.8,12.2,45.3,91.1,38.3,51.9
Nagaland,Mon,35.8,21.3,24.5,42.6,9.7,81.0,5.8,19.5
Nagaland,Peren,29.8,4.1,10.3,15.9,41.3,74.2,16.9,49.1
Nagaland,Phek,27.8,6.7,12.8,12.5,18.7,82.7,9.8,34.7
Nagaland,Tuensang,35.5,11.8,20.3,28.8,25.1,72.9,9.2,43.2
Nagaland,Wokha,18.0,12.7,11.9,31.6,33.1,73.2,35.4,22.6
Nagaland,Zunheboto,31.1,9.5,13.7,41.1,23.3,81.1,12.8,24.7
Odisha,Anugul,31.8,21.6,35.3,37.4,90.3,35.6,21.4,88.9
Odisha,Balangir,44.4,26.1,44.7,67.3,87.1,14.1,9.2,93.0
Odisha,Baleshwar,33.2,18.0,33.7,28.6,91.9,37.3,14.2,79.0
Odisha,Bargarh,39.1,24.2,39.0,68.3,92.0,26.4,13.3,81.4
Odisha,Bhadrak,34.9,15.3,28.2,22.7,87.4,23.0,10.7,88.4
Odisha,Boudh,42.2,22.5,43.5,44.1,82.3,16.4,11.5,94.2
Odisha,Cuttack,15.3,9.1,17.1,18.9,94.0,38.8,31.0,79.2
Odisha,Deogarh,33.4,19.9,37.5,30.0,85.3,30.9,7.4,68.4
Odisha,Dhenkanal,26.1,19.0,29.2,39.4,90.1,33.3,21.0,87.0
Odisha,Gajapati,32.5,18.4,32.1,57.9,63.3,38.2,19.2,46.4
Odisha,Ganjam,28.9,16.4,21.3,37.4,91.5,40.7,34.5,54.2
Odisha,Jagatsinghapur,19.5,12.6,16.5,23.4,97.6,30.8,12.8,85.7
Odisha,Jajapur,30.3,16.5,30.0,30.0,94.0,30.7,15.9,90.0
Odisha,Jharsuguda,34.9,24.8,36.5,67.1,95.2,40.3,28.0,79.1
Odisha,Kalahandi,36.6,24.8,39.7,67.2,74.5,14.9,7.1,88.2
Odisha,Kandhamal,38.4,23.1,43.1,42.7,72.7,16.5,6.4,73.5
Odisha,Kendrapara,26.9,12.3,24.1,28.7,94.0,25.6,13.8,76.8
Odisha,Kendujhar,44.6,19.0,44.3,32.7,72.2,20.5,16.4,77.6
Odisha,Khordha,24.7,13.8,20.3,19.0,85.1,47.0,46.2,73.2
Odisha,Koraput,40.3,28.5,44.4,71.4,68.4,18.2,19.0,67.1
Odisha,Malkangiri,45.7,32.5,51.8,72.2,67.8,16.7,5.6,76.9
Odisha,Mayurbhanj,43.5,17.2,43.8,34.5,84.9,18.1,9.5,72.7
Odisha,Nabarangpur,45.8,36.0,51.0,71.9,64.3,16.1,9.2,71.5
Odisha,Nayagarh,28.0,17.5,25.4,26.5,92.5,31.6,21.0,85.9
Odisha,Nuapada,37.6,26.4,40.0,63.9,84.7,20.2,8.7,83.8
Odisha,Puri,16.1,12.1,17.2,29.2,97.8,40.1,19.9,88.2
Odisha,Rayagada,43.5,23.1,42.4,49.8,71.5,23.4,17.1,71.2
Odisha,Sambalpur,40.2,28.6,45.3,70.5,90.3,33.7,22.7,74.4
Odisha,Sonepur,47.5,22.3,43.0,75.0,93.0,16.0,12.7,91.9
Odisha,Sundargarh,37.2,31.4,44.2,75.3,88.3,37.9,24.6,85.4
Puducherry,Karaikal,19.0,23.3,24.8,48.4,99.6,69.1,73.1,89.6
Puducherry,Mahe,31.3,6.3,13.1,41.3,100.0,98.2,86.9,90.6
Puducherry,Pondicherry,24.1,24.6,21.3,44.6,100.0,62.5,86.9,91.9
Puducherry,Yanam,32.0,17.1,27.4,38.2,99.3,73.1,92.4,88.3
Punjab,Amritsar,22.4,10.7,12.8,45.0,90.0,78.3,72.8,91.9
Punjab,Barnala,24.6,11.8,17.9,51.5,96.3,85.5,54.4,90.9
Punjab,Bathinda,24.7,10.4,17.2,44.6,94.7,85.0,62.7,92.6
Punjab,Faridkot,34.8,22.6,26.9,60.6,95.5,83.7,64.2,97.8
Punjab,Fatehgarh Sahib,18.7,14.2,17.1,62.9,94.3,83.0,69.4,87.8
Punjab,Ferozepur,28.3,21.9,30.8,46.4,86.6,77.1,49.6,87.0
Punjab,Gurdaspur,22.4,15.5,21.1,71.5,87.3,74.7,69.8,89.2
Punjab,Hoshiarpur,25.7,16.7,21.1,59.7,91.3,76.2,62.7,92.7
Punjab,Jalandhar,29.3,17.3,25.4,60.0,95.7,89.2,78.7,91.0
Punjab,Kapurthala,20.8,18.0,20.5,67.2,91.2,81.8,76.1,100.0
Punjab,Ludhiana,30.1,17.8,28.5,60.8,82.5,80.8,76.8,72.3
Punjab,Mansa,29.6,16.1,24.9,52.4,91.3,75.0,40.6,91.9
Punjab,Moga,28.6,20.0,24.4,50.4,93.1,86.9,55.4,94.0
Punjab,Patiala,17.6,12.1,13.6,49.3,96.9,87.5,68.6,95.3
Punjab,Rupnagar,19.0,14.4,20.1,69.6,91.3,80.9,67.6,93.1
Punjab,S.A.S Nagar,24.1,9.9,24.0,66.7,88.9,79.4,80.7,90.1
Punjab,Sangrur,27.3,18.0,19.2,51.4,88.0,87.7,51.8,79.0
Punjab,Shahid Bhagat Singh Nagar,23.3,15.7,25.1,76.2,91.8,81.6,55.1,86.1
Punjab,Sri Muktsar Sahib,31.5,16.0,22.4,63.9,93.6,79.6,59.3,96.9
Punjab,Tarn Taran,23.2,9.5,14.3,53.3,90.5,77.9,55.1,96.5
Rajasthan,Ajmer,33.5,31.6,39.6,68.7,87.2,69.4,50.6,67.1
Rajasthan,Alwar,41.8,18.5,35.6,54.0,81.9,40.3,24.0,47.4
Rajasthan,Banswara,50.0,30.8,50.7,84.6,93.1,20.8,12.6,46.1
Rajasthan,Baran,40.2,28.5,41.1,76.3,97.0,31.4,25.0,68.0
Rajasthan,Barmer,36.6,25.9,39.6,60.1,60.3,20.2,14.7,36.0
Rajasthan,Bharatpur,47.6,14.6,30.9,56.4,79.4,34.3,16.2,50.5
Rajasthan,Bhilwara,35.5,33.8,42.6,71.7,81.8,32.7,27.3,66.5
Rajasthan,Bikaner,33.7,24.4,33.2,51.2,73.4,64.8,39.7,56.0
Rajasthan,Bundi,38.4,27.7,43.4,80.0,92.4,26.6,22.8,63.0
Rajasthan,Chittorgarh,37.4,23.8,41.9,71.1,85.6,32.0,25.4,42.4
Rajasthan,Churu,31.2,21.7,27.1,42.2,80.6,73.3,30.3,57.4
Rajasthan,Dausa,33.8,15.3,28.1,45.2,89.6,36.1,16.7,57.0
Rajasthan,Dholpur,54.3,15.8,39.8,50.1,85.4,31.6,20.7,55.8
Rajasthan,Dungarpur,46.8,37.5,53.4,76.0,86.4,32.9,16.9,65.8
Rajasthan,Ganganagar,29.1,20.6,29.3,40.2,88.8,73.4,39.6,79.9
Rajasthan,Hanumangarh,35.0,20.7,23.4,46.2,84.2,55.2,25.1,62.1
Rajasthan,Jaipur,35.7,12.8,25.2,49.5,93.9,58.1,54.6,58.2
Rajasthan,Jaisalmer,37.4,21.9,37.4,42.5,49.8,36.8,17.1,38.6
Rajasthan,Jalore,45.0,27.2,42.7,67.0,83.9,39.4,27.1,35.7
Rajasthan,Jhalawar,38.1,31.8,47.2,76.6,93.9,36.1,25.5,75.4
Rajasthan,Jhunjhunu,32.5,13.6,19.5,46.2,96.9,66.0,51.0,65.1
Rajasthan,Jodhpur,40.3,23.8,38.6,63.6,72.7,52.6,44.8,42.1
Rajasthan,Karauli,45.5,18.9,35.7,52.8,88.3,21.1,14.0,54.6
Rajasthan,Kota,32.0,27.7,39.7,73.8,92.1,50.5,60.0,71.2
Rajasthan,Nagaur,39.1,18.4,31.4,50.8,87.0,53.8,24.4,44.4
Rajasthan,Pali,44.4,21.7,41.3,53.4,83.1,50.9,40.8,57.6
Rajasthan,Pratapgarh,46.3,38.2,54.6,75.8,89.5,15.1,13.6,66.3
Rajasthan,Rajsamand,38.6,28.9,38.8,75.9,84.7,32.3,25.1,60.0
Rajasthan,Sawai Madhopur,39.4,16.4,34.4,49.8,87.4,34.6,17.9,46.0
Rajasthan,Sikar,28.4,11.5,20.5,48.8,92.0,61.2,42.8,56.8
Rajasthan,Sirohi,42.3,36.6,50.4,69.8,84.2,42.0,40.0,47.1
Rajasthan,Tonk,32.0,23.6,37.3,74.3,93.4,32.6,21.5,75.9
Rajasthan,Udaipur,47.5,29.9,52.0,79.1,73.7,29.2,24.2,43.9
Sikkim,Gangtok,24.0,11.9,11.2,49.7,93.3,83.6,70.7,79.2
Sikkim,Gyalshing,42.3,14.5,14.7,58.7,94.6,93.0,41.4,78.4
Sikkim,Mangan,24.1,19.3,17.9,64.9,94.9,89.3,48.8,89.9
Sikkim,Namchi,32.8,18.5,20.5,61.6,98.5,93.4,52.5,92.3
Tamil Nadu,Ariyalur,37.0,20.3,29.7,47.1,98.5,28.1,44.7,60.6
Tamil Nadu,Chennai,30.9,18.1,17.2,44.5,100.0,82.3,96.7,86.1
Tamil Nadu,Coimbatore,27.3,21.3,22.9,43.3,99.6,57.6,85.1,80.7
Tamil Nadu,Cuddalore,28.2,19.7,25.0,53.2,98.0,38.6,52.8,64.2
Tamil Nadu,Dharmapuri,24.2,33.0,29.6,57.9,98.6,37.7,71.8,51.6
Tamil Nadu,Dindigul,31.1,26.5,29.8,43.7,99.3,42.6,66.2,80.0
Tamil Nadu,Erode,25.6,16.3,16.1,51.0,100.0,61.1,87.4,81.9
Tamil Nadu,Kanchipuram,25.0,13.9,16.1,45.2,100.0,68.0,86.7,56.8
Tamil Nadu,Kanniyakumari,17.2,9.0,12.8,37.5,99.3,85.6,59.7,55.1
Tamil Nadu,Karur,27.5,23.0,28.9,53.0,100.0,47.9,77.6,87.4
Tamil Nadu,Krishnagiri,25.1,20.1,23.1,52.1,95.1,43.8,62.4,81.6
Tamil Nadu,Madurai,21.2,12.7,19.5,54.7,98.3,54.4,75.8,61.0
Tamil Nadu,Nagapattinam,24.5,17.4,22.9,42.3,100.0,43.1,58.2,39.0
Tamil Nadu,Namakkal,25.2,15.0,18.0,49.2,100.0,49.6,85.3,57.3
Tamil Nadu,Perambalur,24.0,18.2,22.0,56.4,100.0,37.2,63.8,70.4
Tamil Nadu,Pudukkottai,26.7,20.9,25.0,44.9,99.7,35.2,38.9,54.3
Tamil Nadu,Ramanathapuram,22.5,17.0,22.6,49.5,98.8,45.4,55.0,59.0
Tamil Nadu,Salem,27.0,22.5,22.2,50.3,97.5,46.2,76.6,73.6
Tamil Nadu,Sivaganga,20.9,18.8,22.7,51.4,99.3,47.6,55.7,69.9
Tamil Nadu,Thanjavur,26.0,20.4,22.9,54.4,98.4,46.9,47.3,74.6
Tamil Nadu,The Nilgiris,33.1,31.0,30.7,53.3,99.8,63.0,69.9,78.7
Tamil Nadu,Theni,27.4,14.0,22.0,50.0,96.6,47.0,73.3,56.8
Tamil Nadu,Thiruvallur,30.1,23.3,26.6,50.0,99.5,66.6,86.3,78.9
Tamil Nadu,Thiruvarur,28.4,22.1,29.6,52.6,99.6,45.2,44.2,72.0
Tamil Nadu,Tiruchirappalli,30.0,19.0,27.6,60.4,98.3,46.5,71.1,70.0
Tamil Nadu,Tirunelveli,30.8,12.9,22.7,61.9,98.6,45.8,72.3,49.8
Tamil Nadu,Tiruppur,29.4,20.4,24.9,51.7,100.0,51.6,90.5,93.2
Tamil Nadu,Tiruvannamalai,24.5,34.6,34.7,57.9,96.1,31.0,63.8,62.1
Tamil Nadu,Tuticorin,21.2,12.4,17.6,56.3,99.1,50.4,68.2,47.7
Tamil Nadu,Vellore,29.0,27.5,32.6,50.4,100.0,53.4,78.2,74.0
Tamil Nadu,Villupuram,31.8,16.3,28.6,57.1,99.2,32.4,57.5,72.1
Tamil Nadu,Virudhunagar,29.9,17.7,25.7,51.6,96.0,36.5,73.3,54.4
Telangana,Adilabad,38.3,22.1,35.8,67.8,70.8,30.7,40.4,70.0
Telangana,Hyderabad,16.4,15.0,17.2,55.3,97.5,72.6,91.6,67.9
Telangana,Karimnagar,24.3,19.3,25.4,52.1,95.6,53.9,70.7,84.3
Telangana,Khammam,26.5,13.7,22.2,72.2,94.2,50.3,70.0,62.4
Telangana,Mahabubnagar,37.1,18.6,34.5,64.4,78.4,32.8,47.1,45.0
Telangana,Medak,33.4,20.7,37.0,67.5,91.0,53.3,48.7,81.4
Telangana,Nalgonda,28.9,23.1,34.1,69.1,94.5,50.1,60.3,69.0
Telangana,Nizamabad,36.6,22.0,36.3,65.9,91.6,42.3,56.9,64.2
Telangana,Ranga Reddy,26.2,14.8,25.8,48.2,95.3,51.2,84.4,68.1
Telangana,Warangal,26.6,16.6,29.1,63.0,96.0,46.9,60.9,67.0
The Dadra And Nagar Haveli And Daman And Diu,Daman,18.9,26.4,25.2,74.3,92.1,58.2,74.4,62.8
The Dadra And Nagar Haveli And Daman And Diu,Diu,37.3,17.1,31.1,72.1,83.1,71.4,69.7,81.4
Tripura,Dhalai,32.5,23.3,27.2,50.4,76.2,49.5,19.2,44.3
Tripura,North Tripura,29.0,14.8,30.7,37.3,64.8,46.1,23.0,53.8
Tripura,South Tripura,25.0,21.5,25.8,51.8,78.8,61.0,22.1,54.7
Tripura,West Tripura,19.5,14.2,19.0,52.0,89.1,68.9,42.0,56.7
Uttar Pradesh,Agra,44.7,14.9,34.8,51.7,78.7,42.8,46.7,60.9
Uttar Pradesh,Aligarh,49.1,14.6,38.2,66.8,65.4,38.4,39.6,67.9
Uttar Pradesh,Ambedkar Nagar,43.0,22.7,41.0,62.0,81.1,19.8,13.8,61.2
Uttar Pradesh,Amroha,44.7,22.8,42.4,75.3,67.2,48.8,31.6,74.2
Uttar Pradesh,Auraiya,43.6,26.5,46.4,80.1,69.2,35.6,27.3,34.0
Uttar Pradesh,Ayodhya,49.9,19.3,44.9,63.5,78.6,24.2,24.5,48.5
Uttar Pradesh,Azamgarh,40.0,16.9,33.0,61.8,84.3,24.7,24.0,35.2
Uttar Pradesh,Baghpat,35.8,14.9,33.3,78.8,76.2,64.7,42.7,69.8
Uttar Pradesh,Bahraich,65.1,13.7,44.0,73.5,37.4,12.9,14.9,9.4
Uttar Pradesh,Ballia,39.6,14.1,31.1,60.2,73.6,24.1,23.6,43.8
Uttar Pradesh,Balrampur,62.8,10.3,43.5,72.4,30.8,13.8,9.2,7.1
Uttar Pradesh,Banda,46.7,18.0,41.5,62.7,75.0,27.5,15.0,42.8
Uttar Pradesh,Barabanki,51.5,12.2,40.2,43.9,62.5,20.3,27.9,40.1
Uttar Pradesh,Bareilly,45.6,18.8,42.1,74.3,59.7,54.3,44.1,48.7
Uttar Pradesh,Basti,48.9,14.1,33.3,71.6,73.6,16.1,19.6,57.5
Uttar Pradesh,Bhadohi,51.4,21.5,49.1,62.3,80.7,20.6,25.4,43.1
Uttar Pradesh,Bijnor,42.6,22.4,41.8,72.4,73.1,60.4,33.6,70.1
Uttar Pradesh,Budaun,55.1,20.1,53.6,58.3,58.9,30.6,22.3,51.5
Uttar Pradesh,Bulandshahr,43.2,16.0,33.8,65.8,68.8,47.7,31.8,57.3
Uttar Pradesh,Chandauli,43.3,17.8,34.8,66.4,77.4,27.9,21.8,58.5
Uttar Pradesh,Chitrakoot,50.9,33.3,52.5,72.5,74.1,15.8,11.6,67.7
Uttar Pradesh,Deoria,41.2,14.1,31.6,68.3,82.0,24.8,32.9,63.8
Uttar Pradesh,Etah,51.0,9.6,32.2,40.2,61.7,23.2,24.4,48.0
Uttar Pradesh,Etawah,53.2,11.4,32.6,40.0,75.2,28.7,26.9,53.8
Uttar Pradesh,Farrukhabad,49.1,8.4,31.4,38.7,52.0,30.3,24.6,38.6
Uttar Pradesh,Fatehpur,52.4,14.9,40.4,44.0,69.0,26.6,17.6,48.4
Uttar Pradesh,Firozabad,44.0,11.7,27.9,47.2,67.0,33.6,36.3,58.8
Uttar Pradesh,Gautam Buddha Nagar,32.2,16.2,28.4,68.3,70.9,54.5,76.3,65.5
Uttar Pradesh,Ghaziabad,34.7,13.9,29.6,62.6,68.3,64.8,78.5,61.1
Uttar Pradesh,Ghazipur,41.4,17.7,31.7,68.6,75.3,19.1,17.0,40.2
Uttar Pradesh,Gonda,56.9,9.8,38.6,72.6,55.8,11.1,19.1,36.8
Uttar Pradesh,Gorakhpur,42.1,19.9,35.2,59.9,76.7,34.3,39.7,65.4
Uttar Pradesh,Hamirpur,38.5,32.3,39.8,55.5,83.0,45.1,19.7,52.5
Uttar Pradesh,Hardoi,50.5,14.7,39.9,44.6,65.4,28.3,23.2,39.1
Uttar Pradesh,Hathras,44.2,9.7,31.7,48.9,72.1,30.5,30.2,61.2
Uttar Pradesh,Jalaun,45.6,32.2,49.2,84.8,83.8,48.1,33.3,54.7
Uttar Pradesh,Jaunpur,48.0,27.3,52.7,58.0,73.3,24.1,21.5,53.1
Uttar Pradesh,Jhansi,36.1,27.2,39.5,77.8,84.5,45.9,40.8,62.7
Uttar Pradesh,Kannauj,50.4,12.2,32.9,41.5,62.4,22.0,19.2,48.7
Uttar Pradesh,Kanpur Dehat,45.9,15.4,36.1,65.8,72.5,28.7,17.7,62.1
Uttar Pradesh,Kanpur Nagar,43.6,24.1,41.8,73.6,76.4,65.2,70.8,50.9
Uttar Pradesh,Kasganj,51.5,11.6,32.8,40.9,59.6,20.8,18.7,47.2
Uttar Pradesh,Kaushambi,50.1,29.9,52.8,67.4,72.5,18.7,18.6,37.1
Uttar Pradesh,Kheri,53.9,17.5,40.8,49.8,52.9,22.5,16.4,53.1
Uttar Pradesh,Kushi Nagar,45.0,14.6,35.1,58.8,70.7,22.1,23.9,43.7
Uttar Pradesh,Lalitpur,40.7,39.0,48.8,75.8,84.5,19.9,18.2,61.1
Uttar Pradesh,Lucknow,37.5,33.6,44.5,72.0,88.1,66.9,76.1,58.8
Uttar Pradesh,Mahoba,44.6,23.9,47.7,77.6,89.6,35.5,16.7,64.5
Uttar Pradesh,Mahrajganj,53.3,12.5,37.1,58.8,61.6,19.4,18.1,41.7
Uttar Pradesh,Mainpuri,46.5,11.5,32.5,41.7,59.6,27.3,24.4,55.7
Uttar Pradesh,Mathura,40.8,12.9,27.7,56.5,70.6,43.0,32.7,51.5
Uttar Pradesh,Mau,40.9,19.7,35.1,61.3,77.7,26.6,20.7,46.4
Uttar Pradesh,Meerut,35.3,18.8,35.2,71.9,65.2,67.1,64.1,62.8
Uttar Pradesh,Mirzapur,49.1,20.8,46.5,63.0,72.7,23.3,17.7,46.5
Uttar Pradesh,Moradabad,45.1,16.4,43.2,74.8,61.4,51.6,44.5,49.9
Uttar Pradesh,Muzaffarnagar,40.8,18.8,36.9,78.7,65.8,54.5,39.2,63.7
Uttar Pradesh,Pilibhit,51.5,21.8,44.1,77.5,63.6,37.0,27.6,71.0
Uttar Pradesh,Pratapgarh,41.3,23.8,42.6,61.6,77.1,15.8,23.5,49.5
Uttar Pradesh,Prayagraj,43.8,20.0,43.4,60.7,73.8,32.7,36.8,37.9
Uttar Pradesh,Rae Bareli,36.2,31.4,41.3,60.2,81.7,18.4,22.7,61.8
Uttar Pradesh,Rampur,46.0,20.8,44.4,77.0,61.9,52.6,31.7,68.3
Uttar Pradesh,Saharanpur,36.9,18.5,36.1,75.5,62.3,51.0,37.6,62.6
Uttar Pradesh,Sant Kabir Nagar,50.5,10.9,36.5,69.1,68.8,15.2,18.0,43.3
Uttar Pradesh,Shahjahanpur,49.3,23.6,54.3,76.9,52.2,33.4,26.0,65.3
Uttar Pradesh,Shrawasti,63.5,10.1,39.2,69.9,48.4,10.4,9.2,17.3
Uttar Pradesh,Siddharth Nagar,57.9,13.7,43.5,65.1,45.3,14.9,19.2,35.3
Uttar Pradesh,Sitapur,56.4,14.0,48.6,52.6,67.8,16.7,19.0,44.8
Uttar Pradesh,Sonbhadra,45.9,22.5,46.4,58.1,57.4,23.7,20.3,30.3
Uttar Pradesh,Sultanpur,45.9,19.1,39.8,66.9,73.1,16.7,16.8,48.9
Uttar Pradesh,Unnao,46.5,13.1,34.3,43.6,68.8,28.3,22.9,57.4
Uttar Pradesh,Varanasi,44.7,25.3,45.4,58.5,82.4,48.8,48.6,59.0
Uttarakhand,Almora,32.9,14.4,22.5,48.6,66.3,65.0,26.6,60.6
Uttarakhand,Bageshwar,25.1,26.3,27.2,49.0,55.9,67.4,23.0,60.2
Uttarakhand,Chamoli,33.7,18.0,22.3,53.6,53.3,62.4,34.8,62.2
Uttarakhand,Champawat,30.5,17.4,21.2,46.1,73.3,59.5,30.4,68.4
Uttarakhand,Dehradun,28.5,30.1,30.7,50.6,83.7,75.6,84.9,60.7
Uttarakhand,Haridwar,39.1,12.3,24.7,71.1,62.8,56.9,46.2,55.3
Uttarakhand,Nainital,32.1,9.0,17.0,58.0,64.5,73.0,62.8,59.0
Uttarakhand,Pauri Garhwal,22.9,27.4,27.9,58.1,74.5,66.2,35.4,61.2
Uttarakhand,Pithoragarh,30.6,20.6,16.6,42.3,73.0,62.7,36.8,74.2
Uttarakhand,Rudra Prayag,29.9,18.4,25.9,58.6,66.5,67.6,32.5,70.3
Uttarakhand,Tehri Garhwal,30.1,46.9,44.2,59.9,71.1,65.8,35.1,51.1
Uttarakhand,Udam Singh Nagar,37.9,12.0,27.0,64.6,67.5,56.2,52.6,47.0
Uttarakhand,Uttar Kashi,35.2,39.4,40.3,76.2,65.1,48.5,28.2,72.0
West Bengal,Bankura,34.0,27.0,39.8,47.3,85.6,29.5,16.3,96.2
West Bengal,Birbhum,40.5,29.5,43.1,59.0,86.3,28.0,15.5,91.4
West Bengal,Coochbehar,32.9,20.1,29.3,58.2,81.2,49.6,13.7,76.6
West Bengal,Dakshin Dinajpur,32.9,17.1,28.1,66.7,78.2,43.9,12.6,83.2
West Bengal,Darjeeling,29.1,11.3,25.7,45.8,94.5,61.0,56.3,84.2
West Bengal,Hooghly,30.1,18.5,28.7,53.3,91.3,54.6,30.8,88.4
West Bengal,Howrah,34.6,14.6,28.4,56.8,86.6,60.0,47.2,73.8
West Bengal,Jalpaiguri,31.2,17.7,24.6,71.0,84.0,49.2,27.0,81.7
West Bengal,Kolkata,24.2,17.4,19.6,70.0,94.8,50.1,69.4,66.6
West Bengal,Malda,37.8,22.8,37.2,55.2,55.0,44.0,15.8,69.5
West Bengal,Murshidabad,41.9,17.5,34.6,46.7,63.8,50.6,19.2,78.9
West Bengal,Nadia,23.3,10.7,19.3,36.6,93.1,68.5,28.2,93.2
West Bengal,North 24 Parganas,23.8,13.6,18.3,53.5,86.9,69.0,50.7,88.7
West Bengal,Paschim Medinipur,29.4,28.0,40.3,53.0,77.7,40.9,13.9,92.2
West Bengal,Purba Bardhaman,32.5,25.8,33.7,44.2,82.6,46.6,29.7,82.3
West Bengal,Purba Medinipur,29.9,24.5,32.8,42.5,74.1,66.9,10.9,92.6
West Bengal,Purulia,45.5,34.6,58.2,66.8,72.9,12.3,6.8,87.4
West Bengal,South 24 Parganas,27.3,20.1,27.8,65.2,52.2,51.7,19.3,94.8
West Bengal,Uttar Dinajpur,40.4,14.0,34.7,64.4,47.0,31.8,12.3,66.0
