pc11_state_id,pc11_district_id,night_lights_log
28,532,0.4222192290424104
28,533,0.6592648600602916
28,534,0.7515535782824982
28,535,0.9503488735252236
28,536,3.8118082350815072
28,537,1.636112653573386
28,538,0.6277102781822376
28,539,0.683408161910713
28,540,0.5585597628982707
28,541,0.38140915288125254
28,542,0.48528419508841736
28,543,0.33358554661684037
28,544,0.6123791751225701
28,545,0.6020771801798234
28,546,0.6266638746650942
28,547,0.7674679387279997
28,548,0.6468686293900381
28,549,0.38797355893770336
28,550,0.5369050883058791
28,551,0.3369505069369677
28,552,0.35219918869170275
28,553,0.38283570507438136
28,554,0.5619834841202599
2,23,0.07340062272643696
2,24,0.20559128506395513
2,25,0.0037326270998094997
2,26,0.08464606525007351
2,27,0.16480074436898556
2,28,0.2012785195267473
2,29,0.4922314583244077
2,30,0.39601927749446136
2,32,0.2632375878879434
2,34,0.041124880277370525
18,300,0.3161494227791821
18,301,0.4252345159271966
18,302,0.533980367685888
18,303,0.24768164930826345
18,304,0.35680321639539436
18,305,0.4409640494502885
18,306,0.33613279438779803
18,307,0.17408100099965476
18,308,0.09940858897824813
18,309,0.871586559825372
18,310,0.7981998821754623
18,311,0.6289294597987931
18,312,0.2879304944275716
18,313,0.6860755777464425
18,316,0.30879976727572617
18,317,0.4141815447802522
18,318,0.23922673709227957
18,319,0.5185603210192129
18,320,0.2859856097250646
18,321,0.43994929712687064
18,322,1.369525866835772
18,323,0.2725948776585703
18,324,0.18087425625474302
18,325,0.3543057530485606
18,326,0.3012990956485217
10,203,0.557117164490218
10,204,0.9360518683677727
10,205,1.0523018007798681
10,206,0.9394621025789299
10,207,0.9238352723401673
10,208,0.8332780824578034
10,209,0.7629267647905228
10,210,0.5539430059903538
10,211,0.844722786187544
10,212,0.6833210260833876
10,213,0.9142166459923603
10,214,0.9165923607498975
10,215,0.9771699909466186
10,216,1.1823818517852638
10,217,0.9830894502706001
10,218,0.9498122268399034
10,219,1.069020353667294
10,220,1.2066813571707802
10,221,0.9909835921526794
10,222,1.2215677402947789
10,223,0.7139505893666154
10,224,1.0563899843269136
10,225,0.6491068060081424
10,226,0.8707318453079875
10,227,0.8497803303976846
10,228,1.0215693955571268
10,229,1.0874821317572847
10,230,1.5852308295653805
10,231,1.0070927263459195
10,232,0.9365554837358487
10,233,0.6048828632297459
10,234,0.8723904322959712
10,235,0.923176034312116
10,236,0.9818905221220126
10,237,0.8041985978622522
10,238,0.6400430572317187
10,239,1.2634456354637282
10,240,1.0208527338929825
4,55,3.1416130557496555
22,400,0.279149678699522
22,401,0.36426782500439975
22,402,0.325209025230853
22,403,0.6773232164005855
22,404,0.6807508290122427
22,405,0.8706195920336824
22,406,0.8432059991998367
22,407,0.5133253728867934
22,408,0.4085104465275321
22,409,0.8449621023587572
22,410,0.7696654876264231
22,411,0.5821530303895112
22,412,0.35963024686838063
22,413,0.19665304383067028
22,414,0.2352959886300603
22,416,0.14399764060783113
26,496,1.4461054472462533
25,494,1.5276895692039592
25,495,2.2399064723698476
7,90,3.0361287538041632
7,91,3.4372419561171252
7,92,3.347805724397066
7,93,3.7162779307164984
7,94,3.912973944731906
7,95,3.86579900821521
7,96,3.5734002936786733
7,97,3.1493838062126396
7,98,3.204282855498907
6,69,1.2938446371854175
6,70,1.3047121825365389
6,71,1.002800308488396
6,72,1.0481907210406298
6,73,0.7422125933764417
6,74,1.073091262103111
6,75,1.5275762669952921
6,76,1.225107267062124
6,77,0.8198614989292029
6,78,0.7153927486752601
6,79,0.6039902682412722
6,80,0.8154351422805707
6,81,0.6497854054880926
6,82,1.1020855647250136
6,83,1.182815617151717
6,84,0.7773666939929476
6,85,1.1882101143562862
6,86,2.294932658062329
6,87,1.176006034000203
6,88,2.3250288119220155
6,89,1.2643487113756893
30,585,1.1044740177849333
30,586,0.7558598264571842
24,468,0.30684069413117443
24,469,0.37881486485980703
24,470,0.4088444996445415
24,471,0.9301187871243356
24,472,0.4820059473198342
24,473,1.478115276119672
24,474,1.217944737562721
24,475,0.47470452728027346
24,476,0.8048333941973855
24,477,0.7845991854472814
24,478,0.5508172675603101
24,479,0.5657695631223398
24,480,0.36874597824725125
24,481,0.5357096655833443
24,482,0.8366803860774651
24,483,0.7689332639110282
24,484,0.5073594789423636
24,485,0.3883177618873265
24,486,0.9914734608831417
24,487,0.3241291821606023
24,488,1.1565315586757376
24,489,0.0728279148616243
24,490,0.6358724055432731
24,491,0.7656225591248367
24,492,1.475436432742578
24,493,0.37389421626683234
1,1,0.1696925119397294
1,2,0.705365299538801
1,3,0.010296070362747085
1,4,0.021810809630523745
1,5,0.49198262593938896
1,6,0.47409040824043874
1,7,0.5922373513178282
1,8,0.38967157579684586
1,9,0.14452511352937514
1,10,1.918643993239171
1,11,0.36326247148965823
1,12,0.5688046933954485
1,13,0.2978347404442109
1,14,0.24870810496064533
1,15,0.13180419877404473
1,16,0.19523093976823214
1,17,0.42839208380650806
1,18,0.039195763360133085
1,19,0.502510744163647
1,20,0.3109220950267106
1,21,1.289163004364243
1,22,1.1793838973684032
20,346,0.2431814700589891
20,347,0.3388265266731811
20,348,0.6951660661359949
20,349,0.5692883111727645
20,350,0.9268251560932274
20,351,0.7116349034175715
20,352,0.5449619749171474
20,353,0.43302348702643173
20,354,1.4513346230087365
20,355,1.0890511980887554
20,356,0.4452588438089049
20,357,1.019139052270943
20,358,0.5138438838758658
20,359,0.2344714094230182
20,360,0.7566076916816394
20,361,1.1843236607949097
20,362,0.4137990245837467
20,363,0.6128265507882856
20,364,1.0235679953825547
20,365,0.28539725618746753
20,366,0.14956965843767325
20,367,0.0931678439003756
20,368,0.3791459476190026
20,369,0.8783026760627399
29,555,0.5122987838894149
29,556,0.5306561858385523
29,557,0.4154086021811176
29,558,0.5721491108096696
29,559,0.4992913748855522
29,560,0.5064047619796829
29,561,0.43098570207505343
29,562,0.7007494339213576
29,563,0.19607717359043025
29,564,0.5726946707048851
29,565,0.6980256667551078
29,566,0.5468811783507406
29,567,0.6358525275601576
29,568,0.335310353150624
29,569,0.29667086528544867
29,570,0.281632030512392
29,571,0.6502309317601097
29,572,3.022819244857733
29,573,0.7336221077929801
29,574,0.6613540155823492
29,575,0.6014528491792617
29,576,0.11529272180783937
29,577,0.8309867262566282
29,578,0.34613184597754404
29,579,0.500263860137969
29,580,0.41774899544522603
29,581,0.9967091399114354
29,582,0.6618790789169621
29,583,1.4456336525591618
29,584,0.8842339239988549
32,588,0.34815300126147575
32,589,0.35473032948729777
32,590,0.12799922639996514
32,591,0.41817281563280156
32,592,0.4388951878804191
32,593,0.4541701837588893
32,594,0.7125186486354907
32,595,1.142927703267153
32,596,0.15894847671282797
32,597,0.4792627421889267
32,598,0.8466718527119635
32,599,0.3159717702244414
32,600,0.7088415232584719
32,601,1.0924081362399136
23,418,0.2803444532788208
23,419,0.6633571125241294
23,420,0.7467092873812202
23,421,0.9548589178377541
23,422,0.7175933143524288
23,423,0.44528255464985367
23,424,0.6680084843554374
23,425,0.5353424708376627
23,426,0.33554114153341524
23,427,0.572623852250894
23,428,0.4402850118779271
23,429,0.7235240330051836
23,430,0.7501331102309653
23,431,0.2775736025659313
23,432,0.44030855239325256
23,433,0.5122222041645665
23,434,0.6161196449350622
23,435,0.7461608146488481
23,436,0.4823686636619539
23,437,0.5426397338926153
23,438,0.5478732085523367
23,439,1.3823320225629774
23,440,0.3573745857697061
23,441,0.30324937522455436
23,442,0.5536465939707012
23,443,0.6048130324149182
23,444,1.4000898277286082
23,445,0.5195880855709172
23,446,0.5723119706312222
23,447,0.22474027855530038
23,448,0.3934623224301449
23,449,0.47787449834865003
23,450,0.5706346731879381
23,451,0.9790765638100336
23,452,0.5546286367487914
23,453,0.2506703975452539
23,454,0.23945783667234713
23,455,0.23855134630394736
23,456,0.2949318530634958
23,457,0.19272399934633708
23,458,0.54621492586361
23,459,0.4889185770233196
23,460,0.3818213228147782
23,461,0.4885605910560239
23,462,0.5129911246198701
23,463,0.7391482040943199
23,464,0.520395534628534
23,465,0.324644149757184
23,466,0.31437379929886067
23,467,0.23013229423603027
27,497,0.4204122255781456
27,498,0.4203867843469723
27,499,0.4827102168016797
27,500,0.45997150172880163
27,501,0.6097483430099775
27,502,0.42019366388664303
27,503,0.5044970418855039
27,504,0.5293984091315134
27,505,0.8203014086275534
27,506,0.40926239782581836
27,507,0.33150980973324773
27,508,0.14127161267688626
27,509,0.4428359457922256
27,510,0.46269156919975035
27,511,0.568864159344929
27,512,0.5207035303248024
27,513,0.5402109691964381
27,514,0.48490712598387226
27,515,0.646203471088614
27,516,0.7291438613853483
27,517,1.1532043926551905
27,518,3.175026794128927
27,519,3.647099229793967
27,520,0.9786686487112466
27,521,1.1874275518042896
27,522,0.697275359631028
27,523,0.5302427414083025
27,524,0.5286468268132413
27,525,0.44156370049353094
27,526,0.7199836423282828
27,527,0.47776518059587886
27,528,0.16126783086647997
27,529,0.12736889200259188
27,530,0.4666734562587936
27,531,0.5195124892774252
21,370,0.4521930402863746
21,371,0.9493742885294876
21,372,0.456169575353474
21,373,0.15174042073124813
21,374,0.5315637990111398
21,375,0.4855399609623972
21,376,0.2525631934544388
21,377,0.6403671494636429
21,378,0.580981728206107
21,379,0.5240671400789207
21,380,1.2186182023490977
21,381,0.8559859401173161
21,382,1.149243980966565
21,383,0.5819018041176032
21,384,0.6010764557909989
21,385,0.21907729709298077
21,386,1.1499837769860384
21,387,0.6207608682665946
21,388,0.4516179822668256
21,389,0.1151914127518692
21,390,0.09136390026030976
21,391,0.17900291950983552
21,392,0.44148186045180904
21,393,0.477670415740449
21,394,0.28050594688834873
21,395,0.2769729808241757
21,396,0.17706424710574023
21,397,0.31268216265425225
21,398,0.27237212152467793
21,399,0.11643647970004907
34,634,1.6451212664260515
34,635,1.8151448445341147
34,636,1.1825154096181891
34,637,1.3906439076711943
3,35,0.8277350873596548
3,36,0.9405717796556925
3,37,1.2168950696917678
3,38,0.5779483273343397
3,39,0.8757409780509137
3,40,1.026737390804246
3,41,1.3398001676737308
3,42,0.8689353526116893
3,43,0.8532917313909884
3,44,0.7177896705540264
3,45,0.8307329968168926
3,46,1.0433416924671035
3,47,0.6416271131277693
3,48,1.0800300726627778
3,49,1.3356983930435056
3,50,1.054670773343526
3,51,0.9220139704024188
3,52,1.8738023937994839
3,53,0.8682445785567559
3,54,0.847671598083196
8,99,0.3637944041152315
8,100,0.25994190361578823
8,101,0.22669635405531513
8,102,0.24984178810250893
8,103,0.5262185489430156
8,104,0.8889479178099773
8,105,0.7306036663184909
8,106,0.45745528263279644
8,107,0.5779418127358744
8,108,0.49010116685015304
8,109,0.8870162250898886
8,110,1.1319845177735708
8,111,0.5335227124632045
8,112,0.36205485557355493
8,113,0.5013437967561788
8,114,0.0874319276053494
8,115,0.20901233106509934
8,116,0.18839883874096913
8,117,0.42312208333188595
8,118,0.36555549968177786
8,119,0.6445247132809525
8,120,0.3144769193045153
8,121,0.45306565074671973
8,122,0.5029639579331915
8,123,0.6321605532976656
8,124,0.3491218260633888
8,125,0.4178620607318529
8,126,0.5869714246009026
8,127,0.8538277472343999
8,128,0.571586381970426
8,129,0.5387659935413882
8,130,0.4630198846928567
8,131,0.284201930216925
11,241,0.008633705751335947
11,242,0.06238068567473549
11,243,0.26719906518957676
11,244,0.3253921459263703
33,602,1.6893746323942356
33,603,3.3867412884529147
33,604,1.4185627252208861
33,605,0.7881419297818503
33,606,0.5639370838405386
33,607,0.6435803255782808
33,608,0.9233460965234651
33,609,0.7974721764865523
33,610,0.598352702416166
33,611,0.299651569962851
33,612,0.5224866068695242
33,613,0.6784113384468292
33,614,0.846798302380124
33,615,0.6353211008811323
33,616,0.7542448195257887
33,617,0.9151511049443012
33,618,0.7962465452272548
33,619,0.70615400103373
33,620,0.8395222463545412
33,621,0.555360513807624
33,622,0.44502477973062876
33,623,0.8342017616777513
33,624,0.4072876235778897
33,625,0.6239373437350277
33,626,0.4160145357345333
33,627,0.6806351725112474
33,628,0.647588553631838
33,629,0.883133816875106
33,630,0.4985413707527633
33,631,0.7287200248329714
33,632,1.0752411068853274
33,633,0.8502231052133661
16,289,0.8589357501787469
16,290,0.4827220173795588
16,291,0.24714553102987658
16,292,0.40743262899060706
9,132,0.961079301668029
9,133,0.9037417264641454
9,134,0.6425252815437741
9,135,0.9783590725742963
9,136,0.8690652032549984
9,137,0.8607765716919907
9,138,1.310186564952142
9,139,1.0065296365190504
9,140,1.9484969550654279
9,141,2.4694893986641864
9,142,1.0249283130613946
9,143,0.9718019799416938
9,144,0.9181574224759091
9,145,1.1200824274969698
9,146,1.2178381231778477
9,147,1.0561864285290201
9,148,0.8172113203489986
9,149,0.6395707662716202
9,150,1.0032784999655728
9,151,0.373316803955013
9,152,0.686833793656733
9,153,0.52201397026628
9,154,0.6075219913094956
9,155,0.5330240301762862
9,156,0.6337568851746831
9,157,2.0636809223445622
9,158,0.7470230437079269
9,159,0.6592381106993637
9,160,0.7722489537553534
9,161,0.9780734091363115
9,162,0.9744796874391103
9,163,0.7092994883884408
9,164,1.4607820953658783
9,165,0.5780522665236181
9,166,0.797325213226469
9,167,0.41227685208801174
9,168,0.46183861752984334
9,169,0.5325753259915392
9,170,0.4528867705152212
9,171,0.3961951703379552
9,172,0.6737245160044599
9,173,0.7887798844590651
9,174,0.7605139842348801
9,175,1.2215105321514064
9,176,0.6863284084599572
9,177,0.8594936624781567
9,178,0.8050677255830033
9,179,0.8514202956200638
9,180,0.5422164698201127
9,181,0.44732237279742554
9,182,0.4462697290212157
9,183,0.6928465678783894
9,184,0.5639011372149769
9,185,0.6870971007987462
9,186,0.6328559052081917
9,187,0.5766361184628972
9,188,1.1926596589382823
9,189,0.7330743618332589
9,190,0.9501235430865653
9,191,0.9292492701462772
9,192,1.0726838937095957
9,193,0.9881429952774575
9,194,0.9715338112366582
9,195,0.9233164681050321
9,196,0.903607563494974
9,197,1.6683011450202665
9,198,1.2659041278204264
9,199,0.787525511894068
9,200,0.5377282835855025
9,201,0.7833619681381366
9,202,0.6166831120189705
5,56,0.05257246661598312
5,57,0.08689712814073465
5,58,0.2078788419842161
5,59,0.30969923223085405
5,60,1.0946803277955035
5,61,0.18227733843288804
5,62,0.07100979431084119
5,63,0.07481732873362447
5,64,0.13562398962700425
5,65,0.15313265156845257
5,66,0.4357123289949076
5,67,1.242238701589144
5,68,1.2933478491524326
19,327,0.5105441011085684
19,328,0.507026182329078
19,329,0.4419392794138293
19,330,0.6917189322942986
19,331,0.5130251802440895
19,332,0.6382233073927265
19,333,0.7489469858373643
19,334,0.7724070336208878
19,335,1.1571341003248723
19,336,0.8501173161592823
19,337,1.430770177518182
19,338,1.0709941015899493
19,339,0.5013086393696391
19,340,0.37010839756242864
19,341,1.5608307247241417
19,342,3.7807339594774327
19,343,0.8092492104111769
19,344,0.5765132916377683
19,345,1.0112126397028849
12,245,0.035217985820089455
12,246,0.03736346594413742
12,247,0.008965468874986574
12,248,0.22008055943829558
12,249,0.00624512868040808
12,250,0.005640361420000137
12,251,0.03650067629498841
12,252,0.0008072131838902567
12,253,0.23541625144498232
12,254,0.055760229057773336
12,255,0.06108582078737494
12,256,0.0020999011102787414
12,257,0.0023812435226101742
12,258,0.015364034714939401
12,259,0.06032575894595976
12,260,0.004691424115591837
13,261,0.07360110619091483
13,262,0.14296545681451023
13,263,0.19723498545203952
13,264,0.13734156034639075
13,265,0.6876652512727297
13,266,0.07752894602020151
13,267,0.08588280028571196
13,268,0.10483267450482306
13,269,0.09076396804700725
13,270,0.24048822837684186
13,271,0.057431271191795676
14,272,0.21951154459870395
14,273,0.0593569346337539
14,274,0.0739645506261938
14,275,0.5485162746188971
14,276,0.6404091529025051
14,277,1.0322267226187478
14,278,0.8064214605919295
14,279,0.07487230050048188
14,280,0.09456185885827688
15,281,0.03272612809771534
15,282,0.07538084677209131
15,283,0.11784094622144889
15,284,0.03817992104225522
15,285,0.045026531251571154
15,286,0.03185812134751458
15,287,0.03320324271083801
15,288,0.047485208613632666
17,293,0.20715378449852997
17,294,0.28817707085601546
17,295,0.0984096212811464
17,296,0.09029336035141207
17,297,0.2336468342293644
17,298,0.35408543680537513
17,299,0.22241765530229932
31,587,0.40801805494808957
35,638,0.024683692367453845
35,639,0.03584577237191109
35,640,0.1838755879779755
2,31,0.7260763414546029
2,33,0.14271864001749138
22,415,0.040144268203553206
22,417,0.03644413237293728
18,314,0.14692782866412976
18,315,0.05789581550558021
