pc11_state_id,pc11_district_id,poverty_rate,poverty_log
1.0,1,0.3084096501434883,0.2688123921849205
1.0,2,0.2565594397045746,0.22837738265626378
1.0,3,0.11163968417442785,0.10583611829794354
1.0,4,0.2900344175158637,0.2546688982625249
1.0,5,0.2323066697784783,0.20888775441055552
1.0,6,0.16263947839459003,0.15069283269688116
1.0,7,0.1542265004531202,0.14343042304945036
1.0,8,0.21094208420456426,0.19139863865816853
1.0,9,0.4117684836425216,0.3448431622016021
1.0,10,0.16787611942863495,0.15518681664803152
1.0,11,0.2956857901992514,0.2590401227014296
1.0,12,0.1809846929412205,0.16634857603150086
1.0,13,0.1919677714995716,0.1756055309450686
1.0,14,0.19145247310553548,0.17517312847367786
1.0,15,0.24079029095006582,0.21574850801887657
1.0,16,0.1830926199060176,0.16813187432886983
1.0,17,0.2460726294637191,0.2199967087657526
1.0,18,0.23183806195294554,0.20850741325189917
1.0,19,0.19625189557932723,0.17919324838508996
1.0,20,0.2135329899725149,0.1935359316184651
1.0,21,0.079980763148229,0.07694322907770659
1.0,22,0.05298718741314625,0.05163106537899493
2.0,23,0.1198813639843095,0.11322275468254331
2.0,24,0.045950644095454046,0.04492617915227124
2.0,25,0.2034324852968753,0.1851778780358074
2.0,26,0.0858793081556607,0.08239008104089862
2.0,27,0.055965880491458904,0.05445587462142198
2.0,28,0.03816452215976665,0.03745427137455395
2.0,29,0.05591101301326075,0.05440391375345732
2.0,30,0.040690119514155146,0.039884069539693194
2.0,31,0.0431422258313243,0.04223752897653402
2.0,32,0.13142211614518834,0.12347535132751264
2.0,33,0.05633029729728015,0.05480091790963945
2.0,34,0.0958071067639946,0.09149117555834312
3.0,35,0.07945303559816129,0.07645446432753934
3.0,36,0.04368544934526715,0.042758150331784914
3.0,37,0.040532582299164795,0.039732680440243175
3.0,38,0.05636560080310245,0.05483433824794495
3.0,39,0.052639776448918846,0.05130108198370003
3.0,40,0.08250595448505416,0.07927868155841304
3.0,41,0.07979243335028706,0.0767688313226788
3.0,42,0.10374380192674974,0.09870785745186252
3.0,43,0.159650777527483,0.14811890593684596
3.0,44,0.152865951142012,0.14225097359315372
3.0,45,0.09535625733996095,0.09107965952281423
3.0,46,0.09262633875970244,0.08858428318691196
3.0,47,0.1415042167719969,0.13234688104308628
3.0,48,0.07548999362963525,0.07277636575827039
3.0,49,0.08098439290150736,0.07787210090391801
3.0,50,0.118333640361798,0.11183975629659879
3.0,51,0.065064356579082,0.06303522604840037
3.0,52,0.0532446083257703,0.05187550278082939
3.0,53,0.10869941958478294,0.10318763428632043
3.0,54,0.0978467264850937,0.09335073997815414
4.0,55,0.05503143689119845,0.053570564485214175
5.0,56,0.12470726952931255,0.11752279693439117
5.0,57,0.0728011557814699,0.07027313033511481
5.0,58,0.0590812337715866,0.05740177167697088
5.0,59,0.09053968515686606,0.08667269770473539
5.0,60,0.10160671164015324,0.09676976104279057
5.0,61,0.0612904653733707,0.05948558783250804
5.0,62,0.07996768614901201,0.07693112045611296
5.0,63,0.08920838853094624,0.08545118334027693
5.0,64,0.0672732784250917,0.0651070580133723
5.0,65,0.1395342936232453,0.13061966457610455
5.0,66,0.10435758786255285,0.09926379745937296
5.0,67,0.15649847773220904,0.14539688641716242
5.0,68,0.16168092272989915,0.14986802754646425
6.0,69,0.0963733340628225,0.09200776379248177
6.0,70,0.09842815891783666,0.0938802114484064
6.0,71,0.12787290051188244,0.12033346987618582
6.0,72,0.11726986786501946,0.11088809150170187
6.0,73,0.13432490455344148,0.12603767622073764
6.0,74,0.13202930878653218,0.12401187060000142
6.0,75,0.1343909558016378,0.1260959040926093
6.0,76,0.1037544950025759,0.09871754541025515
6.0,77,0.1123726821598133,0.10649528550674314
6.0,78,0.13805529948855366,0.12932092809868861
6.0,79,0.1277571283831452,0.1202308181759018
6.0,80,0.1018694229609012,0.09700821274904453
6.0,81,0.1065029647094496,0.1012045598632175
6.0,82,0.08986889495355291,0.08605740914772421
6.0,83,0.08346196401353935,0.0801614366374719
6.0,84,0.09851439827937156,0.09395871997499183
6.0,85,0.061560388346377046,0.05973989017691253
6.0,86,0.14197066754399346,0.13275542574107116
6.0,87,0.22874495668323258,0.2059932880421142
6.0,88,0.09544998467211506,0.09116522375977314
6.0,89,0.1687612824482813,0.15594445500585016
7.0,90,0.04710622915229575,0.04603038725003145
7.0,91,0.04710622915229575,0.04603038725003145
7.0,92,0.04710622915229575,0.04603038725003145
7.0,93,0.04710622915229575,0.04603038725003145
,94,0.0277184980478295,0.027341294949614334
,95,0.0277184980478295,0.027341294949614334
7.0,96,0.04710622915229575,0.04603038725003145
7.0,97,0.04710622915229575,0.04603038725003145
7.0,98,0.04710622915229575,0.04603038725003145
8.0,99,0.20490921157480826,0.1864042210127396
8.0,100,0.2059730701515066,0.1872867681647216
8.0,101,0.2399664715808941,0.2150843402037178
8.0,102,0.271909505764402,0.24051931912014857
8.0,103,0.15387335240629213,0.14312441544830926
8.0,104,0.166005884080737,0.15358413429698878
8.0,105,0.21817077915275668,0.19735037222790788
8.0,106,0.3480930874644361,0.2986910660883801
8.0,107,0.26994580643154487,0.23897422745887412
8.0,108,0.24927481911763472,0.22256323825926327
8.0,109,0.2047504664003436,0.18627246367277556
8.0,110,0.1449133022469843,0.1353289155778222
8.0,111,0.17502873829397542,0.16129260541955956
8.0,112,0.224887725567048,0.2028491871980061
8.0,113,0.18014869310171455,0.16564044164198916
8.0,114,0.3032734732573003,0.2648791558273371
8.0,115,0.278162400203551,0.2454234215938616
8.0,116,0.28502991984469006,0.25078200200194556
8.0,117,0.28641384396426045,0.251858381172795
8.0,118,0.20766603646271475,0.18868960140868668
8.0,119,0.17265253702166705,0.1592683084174738
8.0,120,0.2857693726937332,0.2513572727915261
8.0,121,0.2577226174664785,0.22930263910596826
8.0,122,0.1903679064314251,0.1742624244101907
8.0,123,0.18596128983973595,0.17055366078462877
8.0,124,0.36912765543150333,0.3141737891698011
8.0,125,0.3148798319457816,0.27374527890335176
8.0,126,0.2957713755694971,0.25910617462882196
8.0,127,0.20377515349311445,0.18546257985631673
8.0,128,0.25511413207082284,0.22722651033788616
8.0,129,0.265243472946769,0.235264572392377
8.0,130,0.27250101361804563,0.24098426599864442
8.0,131,0.3117717011393518,0.27137866710276737
9.0,132,0.11268505351868324,0.10677606146676726
9.0,133,0.101769519719475,0.09691754159638
9.0,134,0.2657845448524907,0.23569212349821939
9.0,135,0.2606564606781714,0.23163258582795945
9.0,136,0.2255654639469461,0.20340234071269425
9.0,137,0.11465546227423451,0.1085453547163569
9.0,138,0.1914365005179717,0.17515972240420435
9.0,139,0.2017437079324069,0.18377359202404034
9.0,140,0.12016895136111655,0.11347952335994041
9.0,141,0.1395574782075259,0.1306400100352633
9.0,142,0.1729235855076344,0.15949942305457332
9.0,143,0.14936776781146172,0.1392120240773365
9.0,144,0.12074882981578106,0.11399705994470798
9.0,145,0.1026893109747972,0.09775202423301703
9.0,146,0.12317837494356125,0.11616250102675305
9.0,147,0.170863902456291,0.15774185451038975
9.0,148,0.2330731748841279,0.20950956944810983
9.0,149,0.32263222826225135,0.2796238633154331
9.0,150,0.240167777181411,0.215246674642718
9.0,151,0.31378300907932194,0.27291076873872
9.0,152,0.31430372911047055,0.27330704183762194
9.0,153,0.3299306104774263,0.28512676829926265
9.0,154,0.313187255534806,0.2724572017054313
9.0,155,0.30897344315536845,0.26924319883454184
9.0,156,0.23930694463356045,0.21455230774729134
9.0,157,0.1894507472956547,0.17349164367885958
9.0,158,0.2498335194943585,0.22301035803986619
9.0,159,0.27539949839201117,0.24325946160431294
9.0,160,0.26547445139052933,0.23544711224968823
9.0,161,0.18798060641798006,0.1722548962432162
9.0,162,0.18475963541960205,0.169539914704067
9.0,163,0.21177143626948045,0.19208328592686408
9.0,164,0.189018054254137,0.17312780199549666
9.0,165,0.2162877848613607,0.19580342072522888
9.0,166,0.13756890206384215,0.12889344325142177
9.0,167,0.1799085535561043,0.1654369384881745
9.0,168,0.2309125349144392,0.20775579261824234
9.0,169,0.25434646688019613,0.22661469342799434
9.0,170,0.29242234425502606,0.25651824378116944
9.0,171,0.3208585013948447,0.2782819050375452
9.0,172,0.24920784314716155,0.2225096249430688
9.0,173,0.26849745333621877,0.23783309243690973
9.0,174,0.2696262617988321,0.23872257511287726
9.0,175,0.22388619647928304,0.20203120303491812
9.0,176,0.2728167411342667,0.24123235095169274
9.0,177,0.2855366016073235,0.2511762199807195
9.0,178,0.2852934700676809,0.2509870736477539
9.0,179,0.21837413366780115,0.19751729261952194
9.0,180,0.3130497705844872,0.2723525006071854
9.0,181,0.3359517884973362,0.2896439880092326
9.0,182,0.36320897888849324,0.3098414636971712
9.0,183,0.2757101375485071,0.24350299418610002
9.0,184,0.37461014011453636,0.31817015645288405
9.0,185,0.2923070069737904,0.25642899862963564
9.0,186,0.35799199703596246,0.30600713592029
9.0,187,0.2912124796929307,0.25558168367653195
9.0,188,0.2456378381588832,0.21964771853201676
9.0,189,0.27638612582543476,0.2440327455927675
9.0,190,0.2610158135157784,0.23191759736075623
9.0,191,0.21101477143095598,0.1914586622099873
9.0,192,0.3158144193755315,0.27445580424744986
9.0,193,0.3068178389394114,0.26759505150821095
9.0,194,0.2487183903752655,0.2221177376474461
9.0,195,0.2800604138063409,0.24690727510392554
9.0,196,0.23747484051050063,0.2130728843534272
9.0,197,0.22248853429007798,0.20088856341908615
9.0,198,0.3185959272455735,0.2765674789963825
9.0,199,0.29442559108911665,0.2580670377455637
9.0,200,0.2892761029610236,0.2540809003687713
9.0,201,0.25294506136539835,0.22549682927462741
9.0,202,0.29145571382319435,0.2557700424688797
10.0,203,0.30770151845729066,0.26827103009603726
10.0,204,0.2926225144981236,0.2566731116882542
10.0,205,0.24598225218037434,0.21992417642784134
10.0,206,0.26001225074028234,0.23112144372586832
10.0,207,0.3242852115910583,0.2808728509255508
10.0,208,0.32784704882288596,0.2835588703420464
10.0,209,0.34979168750738066,0.29995027499392346
10.0,210,0.3694228277486843,0.3143893574568471
10.0,211,0.33166709953822926,0.2864316156100724
10.0,212,0.3208498216789554,0.2782753337474346
10.0,213,0.32922326832321197,0.2845947628545709
10.0,214,0.33783762467625533,0.2910545975975074
10.0,215,0.3134865293744647,0.27268507457085767
10.0,216,0.2366172867930994,0.21237965733711697
10.0,217,0.3149936381059283,0.27383182767576514
10.0,218,0.3143547136396194,0.27334583313003646
10.0,219,0.32608482821126394,0.282230862727488
10.0,220,0.34561906850124985,0.29685418113885126
10.0,221,0.2790573350339668,0.24612334960913507
10.0,222,0.3200561234793783,0.2776742534818318
10.0,223,0.33118142942187184,0.28606684073349886
10.0,224,0.2952875070426348,0.2587326836705622
10.0,225,0.33124257518781114,0.28611277313633493
10.0,226,0.26339149819361796,0.23379977015288578
10.0,227,0.3638204054253693,0.3102898831756253
10.0,228,0.3882996702185018,0.3280797395151943
10.0,229,0.3593874636718637,0.30703420393103237
10.0,230,0.293093460518873,0.257037379094657
10.0,231,0.32667563848618725,0.28267629328340044
10.0,232,0.2856194097744247,0.2512406331604435
10.0,233,0.27720785492132566,0.24467633195023078
10.0,234,0.29836138769507803,0.2611029984019575
10.0,235,0.3482818311927629,0.29883106422241484
10.0,236,0.29197313559184523,0.2561706122586664
10.0,237,0.37911430570802634,0.32144148566458863
10.0,238,0.34099519218471497,0.2934120190468169
10.0,239,0.360144744230084,0.30759112366567876
10.0,240,0.3674928613178138,0.3129790350574587
11.0,241,0.17629362814812188,0.16236850211004633
11.0,242,0.1733324421625748,0.15984794142107475
11.0,243,0.142911227263771,0.1335787153605839
11.0,244,0.12024291502228004,0.11354555020286172
12.0,245,0.22724750426695214,0.20477386035603662
12.0,246,0.10916185938008906,0.10360464846695801
12.0,247,0.3203794375927334,0.2779191480134292
12.0,248,0.1854638072122403,0.17013409650202763
12.0,249,0.34310737075199416,0.2949858627832159
12.0,250,0.17419973370355782,0.16058683785824285
12.0,251,0.1748719087483233,0.1611591278224685
12.0,252,0.3343363657843021,0.2884340639734957
12.0,253,0.20919181281911925,0.1899522131585302
12.0,254,0.250980193349599,0.22392739870523884
12.0,255,0.1952870966631042,0.17838640478212747
12.0,256,0.26460308895884627,0.2347583092764685
12.0,257,0.1534318443888637,0.1427417109639347
12.0,258,0.12324635447355235,0.11622302344633084
12.0,259,0.25698246661312496,0.22871398091347295
12.0,260,0.22499387929767595,0.2029358474925147
13.0,261,0.5095850731583418,0.41183482707839275
13.0,262,0.1458389333012911,0.1361370615574006
13.0,263,0.27262004063860723,0.24107779948338717
13.0,264,0.31067100043188045,0.2705392201463493
13.0,265,0.1127121159040744,0.10680038286500064
13.0,266,0.22429210667550115,0.20236280486262365
13.0,267,0.415448719367954,0.3474465969855969
13.0,268,0.23020868586106885,0.2071838182948179
13.0,269,0.4728867985452698,0.38722428357365485
13.0,270,0.19764728150102626,0.18035903355523628
13.0,271,0.3032171068075401,0.2648359049902153
14.0,272,0.4532487419978901,0.37380156195153047
14.0,273,0.5755335184370319,0.45459395678230624
14.0,274,0.4585069520996841,0.37741327692359256
14.0,275,0.21222404439797454,0.19245672567736183
14.0,276,0.2044570750307853,0.18602890526947224
14.0,277,0.1292860328088144,0.12158560366322341
14.0,278,0.17418765737940634,0.1605765530779741
14.0,279,0.4703773646387154,0.38551907848468886
14.0,280,0.2794576673752219,0.2464362907833281
15.0,281,0.23826016469687486,0.2137073013738777
15.0,282,0.2490382397378694,0.22237384695809395
15.0,283,0.20265297713951355,0.1845299308229561
15.0,284,0.1938579460125698,0.17719003470373662
15.0,285,0.17200714450481053,0.158717787130106
15.0,286,0.21165237268599207,0.19198502528987257
15.0,287,0.2314766139588027,0.2082139485149158
15.0,288,0.234324974646297,0.21052424141729123
16.0,289,0.363310177708501,0.3099156966764696
16.0,290,0.3209494354697616,0.27835074734336457
16.0,291,0.4701270043043458,0.3853487945445466
16.0,292,0.4340864543915459,0.3605280293360948
17.0,293,0.3601439495633323,0.3075905394139017
17.0,294,0.4341268277136441,0.36055618158150327
17.0,295,0.4620826815317352,0.37986191344376286
17.0,296,0.4496047480682541,0.37129093173461186
17.0,297,0.3965950013814218,0.33403713228936854
17.0,298,0.347956188183809,0.29858951061461236
17.0,299,0.2453276380528779,0.2193986583900187
18.0,300,0.25026172778340927,0.2233529116235381
18.0,301,0.392940429076345,0.33141692940107775
18.0,302,0.3819181732228438,0.32347251463658466
18.0,303,0.3251449930017747,0.2815218821318889
18.0,304,0.2960142782558931,0.25929361504215137
18.0,305,0.29638826121871575,0.25958213733737545
18.0,306,0.2471815522794822,0.22088624734309092
18.0,307,0.2719970894066279,0.24058817671297592
18.0,308,0.25536706132831705,0.22742800896612925
18.0,309,0.2625924762483808,0.2331671279984054
18.0,310,0.24802200860156792,0.22155990488914962
18.0,311,0.18160013405561962,0.1668695656876498
18.0,312,0.1968474008806816,0.17969093380460183
18.0,313,0.20217560082592906,0.18413291598021106
18.0,314,0.30330768125902496,0.26490540323702727
18.0,315,0.3089773325877111,0.2692461701909009
18.0,316,0.3897553527732954,0.32912772645279964
18.0,317,0.4378199110909294,0.36312801577535647
18.0,318,0.3921192931474686,0.33082725734046275
18.0,319,0.3015395651714309,0.2635478446611338
18.0,320,0.23537796640357433,0.21137696892842753
18.0,321,0.22605945483362555,0.2038053313085074
18.0,322,0.1439608496173577,0.13449667000955817
18.0,323,0.22759621170718375,0.2050579578244888
18.0,324,0.3523916546177738,0.3018746210382434
18.0,325,0.310100792401862,0.2701040750180515
18.0,326,0.25422980272387086,0.22652168118210572
19.0,327,0.2398145367823733,0.21496180131968046
19.0,328,0.28893679569120123,0.25381768915610636
19.0,329,0.2620483051869572,0.23273604007979748
19.0,330,0.39070589337794404,0.3298114551995999
19.0,331,0.24707364570808077,0.22079972326042627
19.0,332,0.4935115785731758,0.40113011128754855
19.0,333,0.3351914651184778,0.2890747011330132
19.0,334,0.334636771374911,0.2886591734642545
19.0,335,0.3651652611489552,0.31127549174728397
19.0,336,0.25276046869202334,0.22534949139194754
19.0,337,0.23664458327732124,0.21240173060364265
19.0,338,0.18489469992443425,0.1696539098154754
19.0,339,0.3275948961087656,0.28336895640673365
19.0,340,0.42125689426781343,0.35154161691890917
19.0,341,0.3307430468575346,0.28573746807683115
19.0,343,0.4362278344091143,0.3620201171002868
19.0,344,0.2650496777294766,0.23511139234079323
19.0,345,0.2734442719604633,0.24172525473152873
20.0,346,0.3346927893180979,0.2887011450094845
20.0,347,0.38762208879295945,0.32759155469024404
20.0,348,0.3108834622123669,0.27070130854388524
20.0,349,0.29979831016720454,0.26220910640587425
20.0,350,0.32930155945379735,0.2846536610298221
20.0,351,0.29925575984428743,0.26179160810365887
20.0,352,0.3425881239627474,0.29459918693203446
20.0,353,0.4308234244108568,0.3582500998166982
20.0,354,0.24913258521687898,0.2224493786055794
20.0,355,0.2417349129585848,0.21650952510955607
20.0,356,0.30342621820800925,0.2649963499570513
20.0,357,0.19113306352364504,0.1749050083336926
20.0,358,0.341972547432851,0.2941405818818716
20.0,359,0.42523127823650464,0.3543341010681552
20.0,360,0.2075880285144499,0.18862500534865048
20.0,361,0.2105663994328258,0.19108834878944306
20.0,362,0.3277450083225048,0.2834820208122726
20.0,363,0.3382207305831785,0.29134091864038564
20.0,364,0.22981673177638515,0.20686515972715414
20.0,365,0.32808062195100274,0.283734758511961
20.0,366,0.28247339370531865,0.24879055219871926
20.0,367,0.29603615265256933,0.25931049310626303
20.0,368,0.27829587471421724,0.2455278430210346
20.0,369,0.21208128047514116,0.19233894849679495
21.0,370,0.2992520852151498,0.2617887798427055
21.0,371,0.28188504171821266,0.24833168343115364
21.0,372,0.29405208956876994,0.25777844995844096
21.0,373,0.3791079585896,0.3214368833390194
21.0,374,0.502098581239245,0.40686318450324777
21.0,375,0.37484308959371987,0.31833960794762045
21.0,376,0.3037505001197705,0.2652451109337461
21.0,377,0.2901805161831756,0.25478214360930584
21.0,378,0.36676395501258596,0.31244586910308214
21.0,379,0.339311008718466,0.29215530913260124
21.0,380,0.2575310190969055,0.22915028996140616
21.0,381,0.3657224794106734,0.31168357755848397
21.0,382,0.4158713722868677,0.3477451523649755
21.0,383,0.34599136428282506,0.29713081536452884
21.0,384,0.31644933393376495,0.27493821378543654
21.0,385,0.26289145596832014,0.23340389824075153
21.0,386,0.24536502385908215,0.21942867879902278
21.0,387,0.2849094568956356,0.25068825430483416
21.0,388,0.23011514186707333,0.20710777627710758
21.0,389,0.38262771840193477,0.32398583235492723
21.0,390,0.40207836433307187,0.33795568172443763
21.0,391,0.4793756555073239,0.391620144383486
21.0,392,0.31515208653481064,0.27395231410173737
21.0,393,0.3255763221549422,0.2818473249873925
21.0,394,0.4749101242079049,0.38859705519490484
21.0,395,0.3594447025288042,0.30707630940386044
21.0,396,0.3666245266199541,0.3123438503862479
21.0,397,0.38197875295781253,0.32351635110125493
21.0,398,0.3385317743560513,0.2915733224757786
21.0,399,0.38059798640142173,0.3225167287908984
22.0,400,0.31728183200575405,0.27557039531594446
22.0,401,0.3502946584989161,0.30032283418863004
22.0,402,0.39708714368685927,0.3343894574895687
22.0,403,0.31881544635420234,0.27673394457800027
22.0,404,0.35518723939244,0.3039396288385886
22.0,405,0.38731655062047177,0.3273713421281479
22.0,406,0.3538156032247338,0.30292697852804534
22.0,407,0.3877571051656721,0.32768885049264324
22.0,408,0.33480959023547296,0.28878865264262554
22.0,409,0.2637305341179603,0.23406808796424713
22.0,410,0.298960414059994,0.261564263059369
22.0,411,0.3405751402058207,0.29309873098775974
22.0,412,0.2921600212053552,0.25631525311306214
22.0,413,0.31914448412779123,0.2769834083939538
22.0,414,0.32247187783351833,0.2795026201261311
22.0,415,0.4349844858374679,0.36115403789005374
22.0,416,0.3382358732072317,0.2913522340669327
22.0,417,0.4096909385377659,0.343370487837477
23.0,418,0.29044468932935413,0.2549868793815032
23.0,419,0.19597682577625955,0.1789632788994598
23.0,420,0.18619567095408307,0.17075127090822817
23.0,421,0.16349458614614065,0.15142805067344106
23.0,422,0.20163957665106264,0.18368693811238393
23.0,423,0.20707966960262159,0.1882039462358497
23.0,424,0.2894601247885089,0.25422362285881694
23.0,425,0.29896656258696563,0.26156899646952786
23.0,426,0.3141532197464309,0.2731925188554064
23.0,427,0.30962150004152245,0.26973816419836666
23.0,428,0.31471672265408257,0.27362122238858116
23.0,429,0.29564451406003867,0.25900826559764906
23.0,430,0.26784689338193446,0.23732010218036761
23.0,431,0.3609368216723881,0.30817330207194277
23.0,432,0.19153044962092325,0.1752385729337887
23.0,433,0.1997185448211718,0.18208698330138717
23.0,434,0.26428745494346784,0.23450868675502054
23.0,435,0.1996583288486597,0.1820367902923726
23.0,436,0.25516940980378744,0.2272705513651657
23.0,437,0.25769515360689793,0.22928080268587336
23.0,438,0.2934253001732585,0.25729397082037675
23.0,439,0.16593897246153122,0.15352674733173838
23.0,440,0.35975436476681955,0.3073040692932178
23.0,441,0.4107623646238685,0.34413024240348206
23.0,442,0.2988869151603408,0.2615076785951119
23.0,443,0.29374437485815785,0.25754063008636646
23.0,444,0.22805101970469455,0.205428375852692
23.0,445,0.2730618963325982,0.24142494080690532
23.0,446,0.3084236799793129,0.2688231149433501
23.0,447,0.31340925461072267,0.2726262410501406
23.0,448,0.2771462048385124,0.24462806136488283
23.0,449,0.2513219821004953,0.22420057814485658
23.0,450,0.32385600852139723,0.28054869670736976
23.0,451,0.2878613376770309,0.2529829648036716
23.0,452,0.3335214992823027,0.28782318695638787
23.0,453,0.37464902997387706,0.31819844760838256
23.0,454,0.3299892560888336,0.2851708640723376
23.0,455,0.310959405313441,0.27075923962895215
23.0,456,0.30409811692180855,0.2655117037120425
23.0,457,0.3289868909217637,0.28441691581621753
23.0,458,0.30710754591353645,0.26781671581201244
23.0,459,0.29352608131395247,0.2573718858066932
23.0,460,0.32635238014016976,0.2824326031713114
23.0,461,0.30394886777449676,0.2653972509062837
23.0,462,0.346838919299322,0.2977603054958987
23.0,463,0.3404441180018907,0.29300099039627897
23.0,464,0.37463736995302477,0.31818996539215894
23.0,465,0.4573135384519188,0.3765946986069426
23.0,466,0.32379840374296387,0.2805051828876087
23.0,467,0.3814201958727851,0.32311209742454966
24.0,468,0.1473006656264576,0.13741193599054025
24.0,469,0.2824264610704378,0.24875395612281498
24.0,470,0.2329018577988373,0.20937062474405108
24.0,471,0.19419136522896158,0.17746927451422861
24.0,472,0.25860376743127966,0.23000298545698653
24.0,473,0.1611778799159468,0.14943490365512532
24.0,474,0.19245492809660195,0.17601414692065975
24.0,475,0.20003441102860606,0.1823502322399818
24.0,476,0.09836263290452925,0.09382055532314335
24.0,477,0.1180942600686942,0.11162568251047592
24.0,478,0.13310129324181744,0.12495838073443362
24.0,479,0.16221895196604655,0.1503310675006541
24.0,480,0.1714695778308451,0.1582590100675727
24.0,481,0.14777001995537709,0.13782094677910658
24.0,482,0.24973533113007076,0.22293179379922629
24.0,483,0.3088669165436917,0.269161813725369
24.0,484,0.33385806883902636,0.2880755466599204
24.0,485,0.45559791379448866,0.3754167535276413
24.0,486,0.1921693054330365,0.17577459331643544
24.0,487,0.3712265948743572,0.31570566400173156
24.0,488,0.21315570115163054,0.19322498211323658
24.0,489,0.6897287940280079,0.5245680391506814
24.0,490,0.17707919637117653,0.1630361126510091
24.0,491,0.17848073115368468,0.16422609294530638
24.0,492,0.16570902946174929,0.15332951087037053
24.0,493,0.27617485355791555,0.24386720810339263
25.0,494,0.08492541799808405,0.08151124545750493
25.0,495,0.0585268069119701,0.05687813664949347
,496,0.033997256308794,0.033432122609597
27.0,497,0.4362535204531339,0.3620380013201282
27.0,498,0.30753701391245614,0.2681452254759115
27.0,499,0.2686993186152376,0.2379922170910764
27.0,500,0.2770175803318565,0.24452734385607514
27.0,501,0.26673945779439817,0.23644624309287204
27.0,502,0.2834121261286716,0.249522254730246
27.0,503,0.2813453125217375,0.2479105513986313
27.0,504,0.1696844987809277,0.15673405328349527
27.0,505,0.18044686505023178,0.16589306598424322
27.0,506,0.2162253434246896,0.19575208169156966
27.0,507,0.2598146175911464,0.2309645812429533
27.0,508,0.2744944254657204,0.24254957092546434
27.0,509,0.22195680300719445,0.20045351070331693
27.0,510,0.25640645761552505,0.22825562844590883
27.0,511,0.24489863325493927,0.2190541075296204
27.0,512,0.2988791142835082,0.26150167276029523
27.0,513,0.25661386440112305,0.22842069419110145
27.0,514,0.21043370350505247,0.19097872803581717
27.0,515,0.17327729301211753,0.15980093816387286
27.0,516,0.2608859448777229,0.23181460473803564
27.0,517,0.23319571962947264,0.20960894607789923
,518,0.0637714266777038,0.0618205432903233
,519,0.0637714266777038,0.0618205432903233
27.0,520,0.14771864659463743,0.13777618649647322
27.0,521,0.07912161012751165,0.07614738625274561
27.0,522,0.1629393158825166,0.15095069322633373
27.0,523,0.20600144882246546,0.1873102996496
27.0,524,0.22229860443579375,0.20073318804782556
27.0,525,0.23782761065456764,0.21335791630682693
27.0,526,0.19108808475105332,0.1748672462874362
27.0,527,0.13421983489471995,0.12594504444939136
27.0,528,0.18962838762252132,0.17364097904529568
27.0,529,0.14272705817859355,0.1334175620523382
27.0,530,0.12820169706496826,0.12062494654612112
27.0,531,0.1342974139312513,0.12601344069949855
28.0,532,0.10271196570611069,0.0977725690033079
28.0,533,0.06907898478343591,0.06679751592094446
28.0,534,0.0427108166859328,0.0418238764873612
28.0,535,0.0701316886334668,0.06778171439011559
,536,0.0122892478984359,0.012214348108525704
28.0,537,0.051238550278746,0.04996904071538276
28.0,538,0.08325215859494875,0.07996777433836458
28.0,539,0.0545998737920209,0.05316142844043504
28.0,540,0.0627850675376777,0.06089288468972322
28.0,541,0.0551740992605151,0.05370577630898198
28.0,542,0.125308713333701,0.11805740986451631
28.0,543,0.11884274986863545,0.11229489208101805
28.0,544,0.11645044117946365,0.11015440365457449
28.0,545,0.0709239811071894,0.06852180958809127
28.0,546,0.0619374541354715,0.060095026674359384
28.0,547,0.06581576390532785,0.0637404814498351
28.0,548,0.0740480761170549,0.07143475869473322
28.0,549,0.0797277082530989,0.07670888736016546
28.0,550,0.06798397502248606,0.06577273576483847
28.0,551,0.05507849666192415,0.05361516857904379
28.0,552,0.09495431100846499,0.09071263729152301
28.0,553,0.07227701241035946,0.06978443636646223
28.0,554,0.050179854710334454,0.04896143970125919
29.0,555,0.15352456586448981,0.14282209520983022
29.0,556,0.2138117238726539,0.19376559319044892
29.0,557,0.18218291786155114,0.1673626598548722
29.0,558,0.2616241752930325,0.2323999188903814
29.0,559,0.19437949833815185,0.17762680227482294
29.0,560,0.23625316172633426,0.2120851614652327
29.0,561,0.229776746163318,0.20683264572560933
29.0,562,0.19145335668402025,0.1751738700711625
29.0,563,0.14917091481617714,0.13904073873221381
29.0,564,0.2061094936986656,0.18739988497867235
29.0,565,0.17202036259783549,0.15872906523412575
29.0,566,0.1694601365732413,0.1565422205896264
29.0,567,0.16461317474645965,0.15238899303632075
29.0,568,0.1110893440857815,0.10534092514313677
29.0,569,0.14959533248338405,0.1394099956521185
29.0,570,0.08291628201220365,0.07965766310311576
29.0,571,0.107557823099214,0.10215743204756525
29.0,572,0.05166320790326305,0.0503729184796551
29.0,573,0.12654774526039295,0.11915786371183155
29.0,574,0.0793470616260261,0.07635628573994657
29.0,575,0.10986817418991904,0.10424124628041517
29.0,576,0.0759178933385277,0.07317415152184105
29.0,577,0.11716344663697316,0.11079283582552119
29.0,578,0.15281649861536514,0.14220807737675614
29.0,579,0.14222490638681445,0.13297803263758426
29.0,580,0.2503355628246565,0.22341196554761136
29.0,581,0.09651531965478635,0.09213726019160039
29.0,582,0.0968161858420488,0.09241160648936296
29.0,583,0.0935425008046051,0.08942242714171993
29.0,584,0.11246185806180431,0.10657544958225222
30.0,585,0.038107091130967,0.037398950068375444
30.0,586,0.03630956680413575,0.0356659088590789
33.0,602,0.0668243950952036,0.06468638060757434
,603,0.0106046153232455,0.010548780779200384
33.0,604,0.05658248403380565,0.055039627940598836
33.0,605,0.10210774280247024,0.09722447618970077
33.0,606,0.11271285041016549,0.10680104296911756
33.0,607,0.10775475510725704,0.10233522366983937
33.0,608,0.056796820369232795,0.05524246548681259
33.0,609,0.04019557816546205,0.03940875140131066
33.0,610,0.044730697160775545,0.04375914613861648
33.0,611,0.06918466088169554,0.0668963588288898
33.0,612,0.08160245791631154,0.07844369878577742
33.0,613,0.06851964222184465,0.0662741785953203
33.0,614,0.0756190454773307,0.07289635209601908
33.0,615,0.05981865040723675,0.058097808965874846
33.0,616,0.1261347867681613,0.11879122661052133
33.0,617,0.1071754310733324,0.10181211549175792
33.0,618,0.1086862750149667,0.10317577836982525
33.0,619,0.13017552635277746,0.12237295371687457
33.0,620,0.1033937534920722,0.09839066069468431
33.0,621,0.09869566542062945,0.09412371752771911
33.0,622,0.09547922497369794,0.09119191590615183
33.0,623,0.060451947742369505,0.058695183050596324
33.0,624,0.06653661398024704,0.0644165893106697
33.0,625,0.07638313546347715,0.07360647221115893
33.0,626,0.09879920040635805,0.09421794754155466
33.0,627,0.0767357498407644,0.07393401044682847
33.0,628,0.07403501295641016,0.07142259607336038
33.0,629,0.04399937783392345,0.04305889351575164
33.0,630,0.08890678005491305,0.08517423886800024
33.0,631,0.09325922814598825,0.08916335229606648
33.0,632,0.0437716491104387,0.04284073863051864
33.0,633,0.04238748590442365,0.04151374167625991
34.0,635,0.0838294163650454,0.08050052565739196
34.0,637,0.07450615225394086,0.07186116277406977
35.0,638,0.22977314560839,0.20682971790947513
35.0,639,0.2127499019404686,0.19289042728601685
35.0,640,0.06346234413568211,0.06152994754251456
