pc11_state_id,pc11_district_id,female_literacy_pct,scst_pct,agri_worker_pct,total_population,total_households
1,1,39.587393099827345,8.203558552037448,7.9410838440853695,870354,113929
1,2,35.95911207071048,3.221248565496289,8.757376726286523,753745,103363
1,3,56.746643187321155,72.17556765827385,1.038074398249453,133487,21909
1,4,47.50305473126299,86.89791338191219,1.8105801458138973,140802,18338
1,5,43.741775438346906,37.04782576782325,8.078146545251,476835,90261
1,6,47.00670562572375,43.736836779963106,4.715555657823082,642415,130401
1,7,55.35329250566604,31.55742292374703,7.106904590225906,616435,119583
1,8,43.941762834191834,3.8868535840379193,10.193180427646455,1008039,152635
1,9,37.345030127010276,19.316628933896265,12.53508573556995,392232,58392
1,10,54.095150288968,0.8087617609224881,1.9703703255512832,1236829,191678
1,11,37.98494874789153,20.570792681696844,10.461009650796049,297446,45361
1,12,43.246963078211955,4.105524230961388,7.112485504445304,560440,86241
1,13,43.27667938489999,8.21253498112428,6.8753084839953935,266215,44411
1,14,42.610203786674376,10.92360006378095,11.122171945701357,1078692,153640
1,15,40.62253762151762,6.253725119733888,11.347864082660772,424483,73728
1,16,40.990855599989814,22.594746497014167,4.961134837547401,409936,79636
1,17,30.55929143043966,18.924758470708074,6.551267026570094,283713,55490
1,18,35.10870253594015,22.738148905919477,8.012433471979962,230696,45209
1,19,48.338697371427685,35.11410218294188,2.5307985988113515,554985,99240
1,20,38.193460453692836,40.08110160900253,1.461644547941489,314667,56689
1,21,69.15143331513384,29.228514769686488,4.000058487512916,1529958,314199
1,22,65.31641005782045,34.308148687041,3.256485316138084,318898,65385
2,23,53.45204841713221,47.6207906295754,2.2151263875886054,519080,102460
2,24,71.91685407460855,26.75026074863831,3.5429973081885224,1510075,338887
2,26,62.66009573972351,31.852031157585124,3.6992716994367534,437903,94807
2,27,65.79033389673758,30.659437054463147,1.6923921535505395,999777,219145
2,28,74.68973234945182,24.693909861731697,2.7545916466512885,454768,105519
2,29,72.40689604281481,23.810135981718165,5.243824452343064,521173,110332
2,30,69.78149181783586,28.715873032495892,1.1246929578554437,381956,80485
2,31,67.83102450233093,32.771746622553074,2.6291422446233494,580320,122425
2,32,61.927860990826844,32.463032339036154,3.0700442482439945,529855,98208
2,33,69.36146910695142,27.583444920824068,5.608621740385541,814010,184362
3,35,66.96647158623053,25.2608532395142,11.308643001192117,2298323,443666
3,36,66.94311790709695,33.94478193452147,13.250177270676208,815168,167989
3,37,70.58096356374936,38.95185517804148,7.59449065534403,2193590,461635
3,38,72.24731470430882,35.13772945718112,12.04031035665712,1586625,336994
3,39,66.65262073647494,42.50853325929676,9.541978133447065,612310,129500
3,40,67.05742962687208,32.07345337849884,9.14361274598771,600163,118100
3,41,69.4010078955291,26.39116550277114,6.987284987362272,3498739,716826
3,42,59.456053943374776,36.496958059585474,21.062385200734717,995746,193256
3,43,54.35772797583549,42.173227787650916,24.844185121336693,2029074,385994
3,44,52.65322304433299,42.30576474449382,29.638063404188646,901896,174360
3,45,56.9109157363059,38.91900995614632,21.566578263267075,617508,120893
3,46,55.25980586616418,32.44255594965881,20.182999836528392,1388525,273902
3,47,49.72674568374518,33.63139508750233,23.99433599676343,769751,149630
3,48,62.22138375483114,24.548316546094657,11.48422748605781,1895686,372293
3,49,64.13224846619487,30.950239615587215,11.590668323057107,2490656,488898
3,50,54.64038260620302,33.713727875444235,19.351901615503778,1119627,203421
3,51,68.5320136209964,26.423877527471163,7.7056161145981905,684627,135635
3,52,70.18662369057212,21.739886671197674,5.4633248586498695,994628,205411
3,53,55.54520421030959,27.888934604260957,14.433804462656466,1655169,318870
3,54,56.77307962087013,32.24051974133834,17.008700129804648,595527,115798
4,55,71.63043638515798,18.86266521388981,0.36172456591756513,1055450,241173
5,56,53.80490312033637,25.47184673085196,1.8610702127493828,330086,67602
5,57,63.33609966905179,23.385043602609773,0.9312426703731052,391605,88964
5,58,61.96748527753414,19.838207070185938,1.9240025332488915,242285,53542
5,59,56.26758478867095,16.6424044037219,2.1589758426153622,618931,132714
5,60,69.2720277938334,20.072211017425655,4.183865568941394,1696694,347001
5,61,64.57099894019011,18.126183121359695,2.526164717615651,687271,161778
5,62,63.86969397828233,28.94119009844055,1.5149744640193565,483439,114730
5,63,60.43799604638126,28.489253476363803,3.5000320163923933,259898,58046
5,64,61.82182997661613,24.461772256010384,2.0017107789017197,622506,140577
5,65,58.908522210032444,18.76463519842248,3.1579954703499316,259648,53953
5,66,67.41043825755686,20.81499677877237,6.618222546082639,954605,191383
5,67,55.60099174934409,21.91161148449089,23.871355615602024,1648902,308581
5,68,55.013913257645505,22.090147067691763,15.33933014508676,1890422,338104
6,69,67.06674719242855,18.142039897166008,4.720206091964711,561293,117107
6,70,67.35372804905909,26.254796827225597,12.871742702871899,1128350,224334
6,71,63.02593715803181,25.26286747295556,15.940759356269762,1214205,235423
6,72,60.85029282818909,22.301029901882018,21.435866584587835,964655,188143
6,73,51.80736775806128,23.0393817764804,16.938172385202108,1074304,204274
6,74,58.435555078206704,22.56019302156878,20.147837475973983,1505324,292084
6,75,57.72906298113073,17.10690811713926,10.675307360124595,1205437,235640
6,76,61.07877649535966,18.616194057797202,13.620221643651249,1450001,277726
6,77,53.241749926748305,21.163330714941026,14.679759803654779,1334152,249736
6,78,51.51829952244593,30.186165554330046,21.329360227487093,942011,180637
6,79,53.20360361536842,29.90922560336754,24.830836061918635,1295189,246571
6,80,54.66862964982661,23.440434283237124,16.199477812686478,1743931,335608
6,81,55.57801589792817,20.87326278950959,11.870757839232624,1634445,311380
6,82,63.23141711908266,20.438011918537814,7.134823100270291,1061204,206988
6,83,62.336558960467656,17.78454828595427,7.884945446873086,958405,185334
6,84,57.37294538873693,16.95217810013795,5.071986139490212,922088,171712
6,85,61.38400035681002,20.28207372391518,4.177140824637617,900332,178043
6,86,67.71127436788956,13.070048704728901,3.226031458166219,1514432,326428
6,87,28.269005464185554,6.908432582397456,12.452859759621507,1089263,160280
6,88,63.748736106056846,12.366409851618995,3.9130575228742868,1809733,358919
6,89,45.08296617650975,19.48033389980704,12.09088562314458,1042708,171157
7,90,68.75980837653786,19.06822271005451,0.929676529301593,3656539,736253
7,91,72.6197163999845,18.65620544653133,0.5264772570993325,887978,180044
7,92,66.37938319348955,16.67353668590272,0.3041242330623045,2241624,406125
7,93,75.40300756005517,16.463723552750583,0.5118679124941895,1709346,358937
7,96,73.06182039977995,14.802832446604592,0.4436525527589234,2543243,533221
7,97,72.82636936055754,13.886342444998991,0.7036046906979381,2292958,494439
7,98,70.6496871097769,15.480856200874912,0.5704843939495056,2731929,574133
8,99,52.108490994007525,37.268988730265775,21.702178931267202,1969168,387511
8,100,48.589343550979955,28.651619548631537,18.176820446372812,1774692,336192
8,101,44.197853154025864,21.211436683803335,7.209392535283116,2363937,384944
8,102,45.79896184701766,22.69945237839579,6.599976765688333,2039547,348984
8,103,53.26096456895218,18.8268379935846,5.8136376901316265,2137045,384197
8,104,47.41063180019284,25.646137545285626,8.10421031301586,3674179,639720
8,105,45.01909894561747,23.990744221416684,12.861601688805619,2548462,425414
8,106,44.74423416758762,25.22046951718833,9.483119606318303,1206516,203754
8,107,40.60796698532039,46.59186914708609,10.446984854119092,1458248,262503
8,108,40.46807702052192,42.27745701961213,9.39135836389483,1335551,254716
8,109,43.92304106759788,48.19362840023519,6.449248736700289,1634409,292502
8,110,55.29936462665046,23.10937013765703,3.3198867966660357,6626178,1177096
8,111,50.4354075692809,18.45698685968462,6.068174109181049,2677333,444816
8,112,40.7016677237067,21.47473367791875,12.544032164653164,3307743,578809
8,113,43.430293261767986,19.7156351831285,9.749460235366723,3687165,649013
8,114,31.873619046692035,21.131360657034655,8.399331748231015,669919,117171
8,115,32.78946230306407,23.530322215910815,6.7921825492637256,2603751,451629
8,116,32.02110535189038,29.305310242627396,13.302780758537292,1828730,326134
8,117,33.24059229459387,47.69960997581889,17.566359817678077,1036346,201785
8,118,41.32901118508997,26.633352522829856,19.1386579611689,2037573,418157
8,119,47.690288943236794,20.963921748381374,9.404954901043423,2583052,494832
8,120,39.14222651798208,32.7940247346492,11.068037926812787,1421326,266870
8,121,39.970135607573646,39.54763049258893,12.715262968399479,1110906,220768
8,122,40.28870496141143,26.4568783441138,8.773514737996829,2408523,498125
8,123,40.99117265644285,26.71431795171525,11.743209849303886,1156597,243078
8,124,38.405103898731255,74.58878025453855,10.522108395599114,1388552,282029
8,125,35.45891960603823,80.84017390965711,10.43550166395633,1797485,367797
8,126,40.329388951439036,29.25331112748634,11.143028509493016,1544338,329119
8,127,57.31540361756105,30.200910910941698,10.057692174503245,1951014,396501
8,128,44.2757425994803,40.731054054164574,21.055074558416834,1222755,241428
8,129,39.793377707416774,30.175200141163565,20.20969067786811,1411129,283295
8,130,40.568546348974,55.85330561005338,10.37605413720352,3068420,623531
8,131,35.199161133121294,70.38744111872126,12.197162882316114,867848,178726
9,132,52.503008069713694,22.081524771361032,23.909115317644368,3466382,597656
9,133,49.680628159489004,13.55292322068815,23.084852845394387,4143512,676642
9,134,50.747829404291124,21.46520785084257,25.157363017368876,3682713,633197
9,135,39.950855510794156,15.341367969780423,20.208006023703852,4772006,796170
9,136,37.165828784186054,13.198539784118546,26.726756529721797,2335819,393736
9,137,43.633806736528996,17.289499467726973,18.079357625224056,1840221,314401
9,138,54.82061824065821,18.222870880616686,12.600554551475623,3443689,579110
9,139,51.098381698834785,11.440407414001633,14.780027442387428,1303048,209916
9,140,59.82581262133399,16.605936588528177,6.642690502358109,4681645,850676
9,141,60.282543498425255,13.246648443828251,6.023660172914686,1648115,327090
9,142,47.06069431789256,20.741998604812398,15.451595994649894,3499171,587529
9,143,46.99403505328147,20.574464824604117,17.211847091530483,3673889,611371
9,144,49.87983491197273,24.785582996955345,22.970693310010525,1564708,260860
9,145,47.82811706872284,19.947518514563534,15.108465212618045,2547184,423125
9,146,51.89858626068972,22.598458358689026,12.98999963828884,4418797,710566
9,147,52.26711030691787,19.07226770465896,15.417964643885023,2498156,414266
9,148,56.19309559939302,19.731243132967162,18.744202908786153,1868529,313690
9,149,32.72643901858486,16.909331496598494,18.00567048390946,3681896,615776
9,150,40.61149072987247,12.597387036432986,20.20716305588977,4448359,756784
9,151,42.419486863989235,16.507673287192016,29.87408694151031,2031007,362573
9,152,41.12374878136751,17.734051590234348,25.020621784324014,3006538,527501
9,153,41.984377700131084,27.731649144306875,26.911585610838102,4021243,745077
9,154,42.0173203940954,32.293300255665045,25.63913946477382,4483992,801764
9,155,44.54678992302,31.14835768273658,23.60499489107314,4092845,730442
9,156,48.74049571123197,30.61137890088268,20.602338313878015,3108367,588533
9,157,63.07934636747835,20.824264385801854,8.896063039959733,4589838,860703
9,158,48.38897603593914,30.30700686730137,26.934307588052768,3405559,619707
9,159,49.81432686662935,16.59990112475891,20.392006505353013,1885204,314144
9,160,53.36469464663672,18.71254412609802,19.69729874208583,1656616,280928
9,161,59.5716580112344,24.557437366055343,23.306912840027877,1581810,277527
9,162,60.146206831846506,28.398638681594296,27.604299385056535,1379545,248197
9,163,57.30128258230893,25.6847294041145,29.76634399566701,1796184,329817
9,164,66.64474782013536,17.91004149942767,13.033552831757467,4581268,863338
9,165,53.80478184216501,27.75249796742435,29.80636073344025,1689974,288338
9,166,55.33640682259365,28.338694578162848,22.639235341698196,1998603,367779
9,167,41.95883089525837,25.55100229863981,16.602106808054156,1221592,222094
9,168,48.002929037411796,21.88493006787197,30.853207059836418,1104285,204863
9,169,45.366943359375,25.291737731717728,27.93407956030698,875958,158435
9,170,44.66656429131865,21.563623632190552,32.13673763326932,1799410,319963
9,171,43.26058330765136,26.924767829953716,31.672174768412038,991730,168232
9,172,48.16968760692013,24.75830249402427,30.580342487420843,2632733,472238
9,173,50.53959437474423,22.123521528035074,23.195476417371744,3209141,533546
9,174,40.22343652896884,34.733145119142584,45.005682474862276,1599596,277851
9,175,51.951934822843185,22.13166720156604,18.248244389663114,5954391,976733
9,176,43.893446685367,26.533237198527065,27.10914857352444,3260699,579058
9,177,50.56778782335343,22.50015783109321,21.30134379424019,2470996,423375
9,178,54.008847064222195,24.683012717858382,24.889908797772325,2397888,368728
9,179,49.91439715999365,22.44552906850118,27.458185412617393,3797117,623523
9,180,31.638163405718416,14.922767839606896,30.034353260197026,3487731,603754
9,181,28.008229792306633,17.440021622376296,29.113858791383475,1117361,188289
9,182,31.27964377180969,14.059846462803648,31.19284454588459,2148665,323881
9,183,39.21688052937472,15.517052091211237,27.103559323637928,3433919,541247
9,184,38.61787910476332,16.441389959821,29.79955038922363,2559297,379351
9,185,47.47500810458554,21.001686370748367,21.292965897720205,2464464,382212
9,186,45.87091837398451,21.60888954706291,27.42293362666837,1715183,256645
9,187,41.250271499498446,18.974575586200782,35.11369404930195,2684703,426565
9,188,51.150145299516716,21.48740287712274,21.91159742812317,4440895,692960
9,189,44.15132302579632,17.519772515081872,33.854618562926895,3564544,561062
9,190,50.9079570965328,18.6574355051652,18.830564229591857,3100946,468346
9,191,52.06313342427721,25.59010107039296,19.593329865148824,4613913,665232
9,192,54.062509450093884,22.550281781059383,16.987019407826697,2205968,324424
9,193,51.22498838450109,18.668339211315356,28.303033069837515,3239774,480268
9,194,51.293618132951934,22.141429272013465,22.675331020013452,4494204,663513
9,195,51.21230369710281,20.864560303270366,28.67837382853402,3620268,546664
9,196,50.82649534524754,25.016489515331152,23.943414822462106,1952756,296804
9,197,57.823148245226164,14.022227232561866,10.67964433767286,3676841,560162
9,198,47.12195602725407,22.492274490198724,12.584936824425567,1578213,222403
9,199,47.510863803192116,27.283507611224806,28.15351588464525,2496970,394925
9,200,43.055828279371426,43.3102521852999,37.08874208199479,1862559,333174
9,201,49.3458793603509,15.84413461971958,19.284387064475446,1774480,290683
9,202,40.44983748516848,17.71042214935558,17.971698512661714,1436719,237903
10,203,35.66057893242658,20.431548125788744,58.27540549486925,3935042,710461
10,204,35.95102395951967,12.985660388310638,54.30746590936176,5099371,981516
10,205,36.19598608405772,14.77692816413357,59.583176105192884,656246,150144
10,206,34.042986517494676,11.937904657530405,51.87482169987195,3423574,736322
10,207,37.77701886781961,13.173569694024062,52.615746710474255,4487379,898515
10,208,35.911111359451965,16.34834343916493,53.24289271742879,2229076,443073
10,209,34.721295084836775,14.991700363747077,59.53762869573958,2811569,568142
10,210,37.056580401491324,10.491126360624705,57.30796845084492,1690400,338445
10,211,33.672917216366216,16.249400006555128,61.12598775092255,3264619,647777
10,212,35.21925419505929,14.427444351714033,59.9044041210182,3071029,619076
10,213,33.21211524172529,17.924558463993222,53.86205854699024,2001762,401289
10,214,33.052163451161995,17.007662071247847,42.87389286756246,1900661,368979
10,215,36.80913756847104,15.70737939012822,41.2285823282245,3937385,803012
10,216,44.95648903814054,15.787215411923444,40.24007364572714,4801062,945703
10,217,45.512791788285355,14.866089620189133,29.901600337087007,2562012,413044
10,218,49.18942788759519,14.222792980197354,24.28977026816474,3330464,535661
10,219,45.18758284556938,12.926868397732513,31.57501099868016,3951862,631097
10,220,46.90521458527973,21.181703915369894,39.89268246355478,3495021,626087
10,221,41.80549655609991,18.890051215914525,46.348876445974525,4261566,835493
10,222,44.91941939480255,14.605656006767791,38.12669923337012,2970541,589667
10,223,39.18720469927212,14.86820334443987,47.59878935494298,1666886,328823
10,224,44.68009701125727,12.698443527249959,34.924521978772916,3037766,564711
10,225,38.68862149824881,16.62552346391201,49.06374549916198,2034763,381601
10,226,51.36428253831076,15.006232795838468,32.640251583105545,1367765,263171
10,227,42.58366047365282,16.139480793516313,39.83186866535227,1000912,163355
10,228,43.132886930485746,20.701446706330874,44.22169970676072,636342,100701
10,229,43.486748085786324,21.16704133542161,46.27322528271176,2877653,477529
10,230,51.87160795854132,15.928621649697309,29.1474235141661,5838465,975578
10,231,48.201231561439016,16.10386573557391,35.99819534422247,2728407,416090
10,232,48.420711776386135,16.324943505208772,34.787108084992404,1706352,261660
10,233,47.51904724023516,26.25880480870446,40.852848801669445,1626384,250884
10,234,52.10841502091258,19.635543957636663,31.8056039480937,2959918,460345
10,235,48.90080064582209,24.136983464648456,42.13031402122901,2540073,391898
10,236,43.711750277195776,30.455971169221424,40.90552967706893,4391418,688425
10,237,40.162571965177506,25.557444169964484,41.62777846606451,2219146,338247
10,238,38.3971641789277,21.667854840221427,40.33393809840306,1760405,307082
10,239,45.294600458376486,19.928588757083585,43.36525090388971,1125313,181740
10,240,44.7825081666894,20.247616085200253,54.65503450585019,700843,118222
11,241,62.54807945624111,67.9425289986044,5.89567843866171,43709,8873
11,242,62.607066785503875,46.72701286326822,7.777452415812592,136435,28023
11,243,67.51781134226276,32.30847803881512,2.8606232071987114,146850,30543
11,244,70.3619344537688,33.05593071516981,4.616506690197915,283583,61567
12,245,40.10851819840584,69.65404085879504,2.4314367580843226,49977,10062
12,246,50.079381879762906,55.24914529405458,2.3509438305709023,83947,18159
12,247,42.21470625078291,92.0066082094294,1.6333001511632195,78690,14508
12,248,63.22619033996636,66.38387522441144,1.8003401294055552,176573,35730
12,249,49.10290237467018,93.85845077173809,2.4069681533615896,83448,15869
12,250,51.692973052896164,82.63979193758128,1.4348837209302325,112274,21231
12,251,57.77424742352031,70.53339246477312,7.743165167669306,99214,19107
12,252,44.95517718548824,80.60022650056625,4.20683007435968,35320,7324
12,253,40.892000336709785,36.348548837585845,4.871466561607407,148226,29521
12,254,34.32160526751393,87.85175262335343,2.144051330712575,111975,20611
12,255,59.696020589020804,87.81283873298807,3.6437425559133616,83030,15249
12,256,34.963000983788874,98.57509014292542,3.9471524700475955,92076,15037
12,257,50.752089136490255,71.22688655672164,2.01980198019802,8004,1952
12,258,52.87585968417413,48.02884615384615,12.905340662665793,54080,11600
12,259,49.89856844831307,32.53365905878155,10.11545888008827,145726,30005
12,260,35.89026915113872,77.72003590494639,0.8959412780656304,21167,4612
13,261,44.042967925945305,95.21497642451851,3.7597279507720445,250260,41978
13,262,81.27338821768416,91.68079662114252,6.000296128124768,194622,42690
13,263,71.00517687661777,97.01897596567134,3.5701267668381194,140757,27835
13,264,74.32121997116255,94.1554498836741,3.7394508124448924,166343,31891
13,265,70.49780340320918,59.12948673612962,3.682636198695631,378811,78605
13,266,60.203326011923444,96.16198949932077,2.05986330426585,163418,36639
13,267,56.89445717967949,97.1108262629962,1.285399494001469,196596,36742
13,268,57.209573847051956,96.29783693843595,1.3273491214667685,50484,11985
13,269,51.2992757228949,96.5204583536025,1.7034456058846303,74004,14771
13,270,70.10509835531926,83.86121766646268,0.9164252374054401,267988,54391
13,271,60.69662674431381,88.47183860364002,3.37026398577486,95219,18475
14,272,50.23832632373557,87.699416464224,2.7131511643559025,479148,83411
14,273,55.0717633274751,95.73198910779162,1.8274710159166832,140651,25039
14,274,67.92784670750723,93.10104580456185,4.327292573987235,274143,49089
14,275,58.1872750111704,10.699286854620281,6.208863823717991,237399,46580
14,276,55.217368672600706,10.043631919046446,9.106784183229907,422168,85965
14,277,70.9828933056462,7.855526726281487,3.038389484907445,517992,111156
14,278,65.79891226376951,9.536233345684074,6.466083677920505,456113,92124
14,279,66.8469982078853,94.48689659670214,2.276888547634517,183998,35694
14,280,56.38981078401793,89.34541066152502,5.17552508697189,144182,28801
15,281,65.51906779661016,95.0986522162012,5.424899820367555,86364,17731
15,282,77.36432975120013,87.77678518253826,11.250294642556486,83955,17270
15,283,85.08199901511647,93.47004439070817,5.3999075358298665,400309,82524
15,284,79.16031880943599,98.20112131695097,6.96277607275329,125745,25520
15,285,83.76862182883501,96.89545251551503,3.371539647429452,64937,12622
15,286,72.07685549486229,95.21954060014372,10.683243835969877,161428,33058
15,287,46.10699013875556,95.42470354725431,3.841709994222992,117894,22984
15,288,72.80914939242315,96.73171421501043,1.3066557778685177,56574,11144
16,289,75.42806367871859,44.620768262176384,16.79098355964731,1725739,410565
16,290,69.0216287748829,55.36557606669399,25.714142004279246,876001,208127
16,291,67.81899545964308,71.99217407397616,19.336960437469404,378230,84509
16,292,71.75764541011532,42.42312453256517,14.212944305633915,693947,152355
17,293,51.78546808217289,75.05452431325791,10.904013887487988,643291,123352
17,294,57.20321135461472,96.15371307605443,9.595406023637057,317917,58328
17,295,53.58134289514776,94.53538859302768,7.242753340104696,142334,24527
17,296,59.74882210955699,97.8626248823218,16.68322162216305,383461,64906
17,297,59.28476988971491,89.1172152681193,15.64346629986245,258840,46872
17,298,70.033455932828,80.73401604509868,10.520208857087605,825922,164046
17,299,50.37040017300429,95.51836891709944,16.814775305784828,395124,66028
18,300,49.30141834988727,34.74471956011552,11.662123187546916,887142,181081
18,301,43.17696891981375,3.936215729267239,21.27216345411269,1949258,414674
18,302,52.39032433404528,27.44184339549467,14.081223533651679,1008183,198454
18,303,48.15041530670757,7.242702326729342,12.955196573922581,1693622,337929
18,304,53.14759586381518,26.594096862097526,15.3348303240244,957423,184602
18,305,56.97198437734715,13.51042295259384,14.646261937188518,2823768,559340
18,306,51.90851792054082,17.73999407518281,9.135718443558858,1924110,392919
18,307,60.089021061032696,31.787183450928236,5.697396775683959,1042137,204307
18,308,55.32273861994004,53.89407010011179,2.37927335571403,686133,129869
18,309,53.24595722080352,9.018102624462603,4.749773274693555,1327929,268598
18,310,60.49690645190575,12.195033683043876,5.564904736246703,1326335,276867
18,311,65.63112947952598,7.939359715042787,4.391910957830381,1151050,248367
18,312,67.71749422449487,20.932455395072218,5.958037414915765,1092256,236262
18,313,62.11041248589437,16.315020883166742,7.574046677334621,1066888,227197
18,314,52.12122382257919,61.03639707919897,7.906496418178607,956313,177646
18,315,60.32333010648596,72.94653949986454,2.683866055610056,214102,42252
18,316,62.82033038821262,16.265302021113463,7.894597238461229,1736617,379955
18,317,59.612124308668236,13.008205513857893,12.480912908327426,1228686,247714
18,318,56.16883318917506,10.822149686938795,10.725636074167792,659296,143350
18,319,54.26214785143229,13.754527587831145,12.998314820708401,738804,150018
18,320,48.05395656168089,44.34671334530718,11.433750278722837,482162,97395
18,321,60.223439650051894,19.100954042787613,9.99919286684202,1517542,311114
18,322,76.51714430373066,14.108353044568393,1.999012474767278,1253938,293112
18,323,63.51598501729081,10.831489854711855,9.962240754575069,771639,155248
18,324,53.38147606907807,42.532431650132885,15.971066881784568,950075,191701
18,325,48.18181617600011,5.2427571351642435,19.22420648068385,928500,187783
18,326,50.14010452358365,36.69925980078589,14.266642441286367,831668,168717
19,327,65.73611092787314,38.696940638057896,6.021713224047818,1846823,391234
19,328,58.321965179052405,56.54709740588704,18.43156968706799,3872846,868326
19,329,60.09100986878667,50.81295852627412,30.73648653984794,2819086,665720
19,330,43.691091350129255,32.28209983326317,35.688464253914034,3007134,605674
19,331,59.48293017628379,45.22644242356271,33.18137785628811,1676276,396406
19,332,48.34173523602184,28.83665361504128,30.85486015560443,3938973,836616
19,333,54.042453303753504,13.91604529796488,31.01386045973385,7103807,1570759
19,334,55.91113528561987,36.390691426652474,38.407028017541535,3498925,817015
19,335,62.099985229321454,33.75632955636384,27.889153392512817,7717563,1730927
19,336,63.715037440847276,32.65765539128416,28.923227310324084,5167600,1232282
19,337,72.64633140635559,24.31129000345749,14.208016969486675,10007260,2348135
19,338,69.0189137183619,28.505574685934143,21.57962726978471,5519145,1287423
19,339,53.09144485405546,42.9045557089689,33.09388002745547,3596674,766902
19,340,43.46094078719213,37.828515263052815,20.944802558860644,2930115,567824
19,341,70.76344813788465,15.134857956519435,7.801816119716601,4850029,1061336
19,343,62.41118919933967,31.37818258869484,19.422964500624854,8140975,1776835
19,344,62.342970932303885,33.96645992420477,32.39243751787852,5912509,1301415
19,345,71.97055776799779,15.169181227029114,24.617002209980257,5064835,1107469
20,346,38.847231500182254,39.75100999104918,32.75641538092574,1322784,254697
20,347,40.50664995254946,37.023797423687725,32.620126648320735,1042886,182271
20,348,43.39625884934835,16.182135233204747,16.882727247355643,716259,116155
20,349,39.561099432698654,23.049969044855924,19.040618824349984,2445474,396521
20,350,42.35417006600646,24.86460112876515,23.283840267074098,1492073,264347
20,351,35.91856191710823,30.054029116494146,37.00299064627654,1313551,253648
20,352,34.91952613796741,33.086643368008986,34.15299530027405,1150567,227023
20,353,32.58256078577634,45.2591118386712,22.9337703408897,900422,182317
20,354,55.31770445925832,24.974157073586127,4.658011318532176,2684487,507064
20,355,51.98787698719484,26.90418119311652,6.274191173377088,2062330,394918
20,356,48.06184298375378,60.21438316117715,20.660964456655762,461790,88638
20,357,58.29571080834043,33.36373254679002,7.489170622646711,2293919,476931
20,358,43.152446476792775,36.99167314906316,33.74456295690548,1939869,358754
20,359,39.45459430413756,66.85291714467287,28.299136483364734,726978,133381
20,360,49.44631075349627,24.51912516323195,13.260579989979101,1734495,304749
20,361,54.14300558200227,32.389727450726376,9.652122001519592,949443,179375
20,362,40.76008380709665,49.240980686250325,30.384581373510922,1321442,275019
20,363,43.5128892939629,39.61534280101436,21.900779195321558,791042,155275
20,364,58.210363301759436,41.00395538753842,13.722995704703667,2914253,569444
20,365,45.126718132178496,77.7730148434342,10.727233533872896,531885,103700
20,366,46.576798617133534,72.1033580338915,11.888603274644984,1025213,188988
20,367,50.62067905462978,78.23519208509985,19.027072214005532,599578,118288
20,368,38.2876487642655,71.10796638306425,21.11029480361974,1502338,302046
20,369,47.56811262952684,40.45205134753478,14.071426696646514,1065056,221232
21,370,58.26656139785328,39.150247594100954,32.133476675309346,1481255,370308
21,371,62.86335590403621,48.554887360764795,12.23230215785528,579505,136061
21,372,60.38228624990762,52.549085149443044,21.69426517126114,1041099,249597
21,373,55.2012444098775,52.0005119672341,29.328122002685593,312520,75452
21,374,57.36517838979357,59.90192205449698,11.079362824978697,2093437,479109
21,375,49.97497894433485,57.069221688230165,19.12736131544395,1801733,405272
21,376,45.52549415326171,66.04885111071071,26.493006801728697,2519738,586253
21,377,63.3512287374575,32.50396784526287,26.79916642936654,2320529,533001
21,378,66.73185207424972,24.252474711834072,22.956625632053935,1506337,306333
21,379,70.48607218630761,22.1655543297826,21.763455541247108,1440361,321934
21,380,72.96970520795699,22.517197008542876,19.31660750594479,1136971,261307
21,381,71.42615212173772,22.573916561546405,19.061894480031416,2620015,578287
21,382,64.81205293633303,32.00643391608545,26.068789196298003,1827192,407851
21,383,63.048199125156415,33.21020681398814,24.106325133952073,1192811,279364
21,384,60.6745154124798,32.90532971273044,18.080473126812723,1273821,297050
21,385,64.33273280843545,20.263006743949088,25.863468892419984,962789,228315
21,386,73.0654399669536,18.3207330726975,10.127958901402884,2251673,494212
21,387,70.44843103137937,19.500568071441606,17.646758527620435,1698730,367269
21,388,54.142814117851444,22.87208585019514,20.540242288596982,3529031,758267
21,389,36.91457439774866,61.072796404397934,40.39654636058954,577817,128523
21,390,44.453793898141576,69.3434818785721,25.60857389056441,733110,172022
21,391,51.455563299124975,36.33540513462175,28.485984934208396,441162,106961
21,392,56.22091136309645,34.97491736085732,31.688188088216286,610183,151136
21,393,46.59763096837221,38.929179373886065,26.83062052025349,1648997,414749
21,394,38.41514817456715,47.26318928146636,24.476907458436063,610382,152210
21,395,40.247135867748504,46.677054339961025,38.187213508972626,1576869,401251
21,396,33.42588279890554,70.40099761238379,29.435726356912404,967911,226144
21,397,29.765440634667133,70.31899854702829,25.905809433387674,1220946,273423
21,398,32.425039738142054,64.80809946312354,22.4900368259093,1379647,337677
21,399,31.56172472606988,80.38412112356326,13.356979277216109,613192,137599
22,400,51.79221420198655,54.491840398714864,15.724876774704288,658917,153274
22,401,42.27572665087932,60.01476342501291,26.990036765827856,2359886,526049
22,402,50.304036802975716,68.01022462952156,31.972308125306764,851669,192570
22,403,54.97911809236445,48.8995196735708,37.387161639597835,1493984,367962
22,404,53.1168470251379,51.23632566465557,27.001204633557325,1206640,280073
22,405,52.980136568862804,36.124064414119346,33.281083901473735,1619707,364532
22,406,50.61418919176407,39.47475417935456,37.65642996099535,2663629,600822
22,407,40.35978444117446,34.87318334010111,38.06881278077835,822526,178446
22,408,57.73430214987382,36.54966746533969,27.845539709946486,1537133,318488
22,409,61.306040362962165,25.582797427652732,30.117344068121042,3343872,701707
22,410,56.38730437181187,29.545615609940473,28.148542892042016,4063872,871225
22,411,52.58848627173873,40.61732029118261,45.950141137669384,1032754,248561
22,412,60.442565516417666,33.285862004723796,40.509231650008346,799781,170951
22,413,52.64707683378461,59.592544673078386,22.65108427658859,748941,160937
22,414,37.57149733039322,68.62041368554605,21.138026057179907,1413199,311538
22,415,33.23770726949337,80.91832355886139,7.176146090926385,139820,27982
22,416,27.72137619853356,79.31425423226982,9.826084597227121,533638,120850
22,417,25.949102056618234,83.96779375465266,15.195131096945397,255230,54757
23,418,36.74714867960635,39.22871045167556,29.33293915561015,687861,146043
23,419,48.13453913027978,22.307003667400824,16.274065685164214,1965970,362646
23,420,53.90678750054757,22.368108138261487,23.984449587904603,1703005,299233
23,421,58.839407927502016,22.89334440925259,11.387973456938974,2032036,383845
23,422,51.18154267492642,27.369546262236987,23.134017449409253,786754,160215
23,423,40.63280227719518,31.82509197300194,22.791718522544542,1726050,359969
23,424,42.14111630800323,29.717070564903963,26.828319502074688,1445166,296116
23,425,44.90423041824911,27.174125824526563,23.603713560417578,1762375,356297
23,426,45.63162471016893,37.27118010467084,36.1348790635969,1016520,228709
23,427,56.773430071796405,30.42164292999918,31.97102271487486,2378458,517850
23,428,50.133644118164646,32.639281643449436,36.73296700197183,1264219,297608
23,429,53.26756514597177,32.237099780837035,31.20030693376435,2228935,478741
23,430,52.29665457901099,29.406419839110804,38.33853496464107,2365106,526065
23,431,46.40955922619427,55.65405935250125,29.974747474747478,644758,145024
23,432,49.811112157733746,22.105107697075418,26.875871687587168,826067,179746
23,433,50.443001399111864,21.04697738231035,31.718143182336384,1340411,286808
23,434,47.54139068228362,41.81774197649734,31.462901606532256,1455069,296683
23,435,52.56399556963656,28.819234733731147,24.97599378403935,1986864,391438
23,436,47.95434337529587,25.897727280239526,32.75947118209707,1512681,300025
23,437,49.40331453829072,36.113230352078226,33.52001604462222,1563715,308871
23,438,40.89759456064294,62.597418877267884,34.02497257410101,2185793,425914
23,439,64.64513306321216,23.283141529412088,11.76037655715405,3276697,649540
23,440,44.6564665597739,50.146125615708314,44.01487971350605,1873046,367988
23,441,34.416589832216864,75.7738940067726,35.248796575065,1385881,243277
23,442,41.74790431999915,22.607441775013033,29.579056029064827,1545814,345297
23,443,50.85890611875406,24.65920658041299,30.027713242197628,1458875,299676
23,444,65.23533148711243,18.00649582613016,7.782889257771558,2371061,501805
23,445,49.57926286152243,31.783941824038457,27.819696358995028,1311332,257311
23,446,54.040862494237516,32.35941504824658,33.99596479050132,1331597,278895
23,447,52.82467022107235,52.452325243340894,33.46554870356571,1575362,329832
23,448,53.96532270060626,44.26967473902869,34.28786000818166,570465,113379
23,449,57.61569289179498,32.40882909735369,28.91209131531213,1241350,257199
23,450,52.408698647205135,36.64091414984962,26.542651449972166,1292042,289551
23,451,65.44298493015663,29.36155684533971,19.46238480586118,2463289,539060
23,452,58.368703206613596,30.226935103044912,46.18749703380485,1091854,250286
23,453,44.22862587951028,70.3412516819867,38.14789495356545,704524,169630
23,454,48.51076122522577,62.46562486669416,42.69695748849024,1054905,250146
23,455,54.839671334516694,47.92249543502818,34.655150665212325,2090922,443361
23,456,55.4485021631843,47.17847688145651,41.451801546877945,1379131,314767
23,457,60.63326042442293,29.879097231118568,37.63614360629286,1701698,391836
23,458,42.79996690066992,30.924536797262064,22.318482431412246,1241519,244401
23,459,44.56377076718324,30.510572484442132,30.10178707602533,845071,172680
23,460,48.55752962691192,53.06825206390241,34.49136459713219,1066063,251452
23,461,49.301178256957826,57.782517414382895,25.788407329105002,749237,170715
23,462,44.95473770732743,39.351642764675034,46.81902991847017,1127033,238448
23,463,39.87188206207185,45.37641106942109,36.49154833765317,1178273,243925
23,464,26.959266702612616,88.70267538690871,13.077074581603224,1025048,194157
23,465,24.24540942047771,92.66336442162472,9.880050862358459,728999,123800
23,466,47.08839573908502,46.999567195726,44.92285633630048,1310061,266655
23,467,47.545506480426056,38.8401616685162,42.70971262277192,757847,146341
24,468,51.53299304764602,13.529484015979959,20.44001123829405,2092371,445672
24,469,43.47455545129648,19.599866175549735,23.64763655047032,3120506,560411
24,470,52.86653925465513,10.173963001605973,35.53020795984224,1343734,267633
24,471,66.95110286302915,8.436098324180467,27.551490623497354,2035064,424479
24,472,55.735596838118205,30.052059035102275,23.681291315765645,2428589,481414
24,473,67.048267002451,9.111674269787814,21.526006137833527,1391753,289990
24,474,70.34952106927436,11.763162363247611,8.20953786407101,7214225,1510134
24,475,53.21728219143122,11.439825812461423,30.84909714784673,1756268,343213
24,476,66.16973924560942,8.258147201330615,12.92551308402961,3804558,786586
24,477,57.49865908423819,9.169957766215656,14.787876098955568,2160119,430941
24,478,60.32008133501613,11.080213647986417,18.56250351775764,585449,124556
24,479,59.44734023242994,11.715435411701144,27.428294415349807,2743082,527326
24,480,58.84199633716886,9.261519360185973,28.2646039992214,1514190,294837
24,481,57.5388227576027,5.768157854994072,25.490757352792954,2880365,538605
24,482,67.30560575065066,6.177962436895083,38.20437052828061,2092745,427605
24,483,64.42201195880656,6.781512988692913,33.19924003024369,2299885,466856
24,484,50.07247715487427,34.384233403714944,19.171236285669664,2390776,446611
24,485,38.56032727564754,76.26837842945702,23.177657911618283,2127086,334272
24,486,63.571716147503096,32.92494333384706,25.245763085561418,4165626,877106
24,487,54.82813585928613,83.03023732121288,53.30142948493162,590297,122174
24,488,66.44586428234082,35.4882177458819,36.999777795081485,1551019,333483
24,489,55.6075827727789,95.08259195500479,25.138008587200982,228291,44699
24,490,70.97974388609792,50.77364944136599,31.792887898918437,1329672,295131
24,491,62.9391195128388,55.170495251741535,15.566048357343412,1705678,364403
24,492,70.32001069016512,16.691551606706568,11.42216649316007,6081322,1333200
24,493,54.597439938345104,85.18826004743364,51.61458503046694,807022,177091
25,494,67.08156779661016,3.8118830894496294,1.2841418671015083,52074,10580
25,495,69.20648284571669,10.201231345430578,0.29690218940786695,191173,50376
26,496,53.82430026208911,53.751865677069844,4.746007260224561,343709,76458
27,497,48.386443796963654,72.19083962518845,52.790378700166976,1648295,323521
27,498,57.23417510089474,37.78342960179671,44.29580747691842,2050862,408874
27,499,62.121854693016466,23.490768258573393,49.202806646167325,4229917,903643
27,500,66.54787626792067,23.034515504640297,48.573327241766,2586258,561504
27,501,73.99327564850063,25.59884580568122,49.28663941246699,1813906,395690
27,502,66.2579005578496,25.889020682281398,52.721504510149074,1197160,259464
27,503,74.21951200452945,31.52222043348584,52.07697467085679,2888445,647451
27,504,73.82180904474936,26.01043686297543,44.1085451349356,1300774,309846
27,505,75.57929026556084,28.049089193887706,20.446972343117928,4653570,1041544
27,506,69.12261648179094,24.09812602159066,44.08319197367086,1200334,278076
27,507,69.80919974642676,29.505628325596767,33.958272844166075,1322507,292369
27,508,58.925272848344854,49.960855293203174,33.116985588694945,1072942,250435
27,509,65.34638070548732,33.47110906058004,37.673367452603266,2204307,536686
27,510,67.03677878234198,30.39210806146992,52.978411848380894,2772348,646886
27,511,57.27030799703534,27.435224312556006,40.94640197117753,3361292,665434
27,512,59.57296283519335,25.015522213115105,38.5896561042516,1177345,228868
27,513,55.028458961774085,15.675845249078746,38.13214139819703,1836086,361130
27,514,52.354277717917256,16.055212588167915,30.990583688181772,1959046,391701
27,515,60.383450593844145,18.445879022457625,24.31012362474043,3701282,751915
27,516,66.02804541422189,34.6977421847407,25.526996781242183,6107187,1222887
27,517,69.98490876927549,20.54710298632532,6.951208125355711,11060148,2529165
27,520,68.24813641843464,16.706286538607547,13.419497569353478,2634200,611790
27,521,71.72687386397763,16.22136829798859,9.757089758241383,9429408,2151503
27,522,62.6511702314285,20.952997682889812,24.608191894403163,4543159,930024
27,523,59.171175369737924,14.853722308551983,28.39072735271601,2585049,535835
27,524,60.81337379429934,21.937978873732984,39.820385676074,2454196,481572
27,525,61.99504799375911,18.172500084460683,37.778781411438196,1657576,351281
27,526,60.26161967248257,16.845254803652637,28.81965771973854,4317756,873167
27,527,68.6355875380719,11.747717263239407,20.574599778623394,3003741,653735
27,528,67.96432569664663,5.40670398602165,17.504635360639167,1615069,397115
27,529,73.50544389675217,7.3632585614564094,16.13106851830598,849651,209839
27,530,66.79978241405381,13.794294686714478,13.77403529053808,3876001,840240
27,531,66.92923835936571,13.161133223936561,22.86864108775494,2822143,598386
28,532,45.71141741066547,35.9104040180371,31.180166157192957,2741239,649849
28,533,46.098159905404344,22.106661806466025,31.32613296842225,2551335,593234
28,534,50.097944097212874,21.621923650036585,36.763662796547074,3776269,976022
28,535,45.27246338042904,23.305798855894988,35.19206286271617,3033288,668626
28,537,61.22524928411358,16.440279031955686,14.10950758593551,5296741,1235341
28,538,39.061399890744326,26.47953579397922,42.015583459964326,4053028,869451
28,539,48.59710925792797,29.570664372856182,46.420930763570034,3488809,875939
28,540,50.4896780062682,32.6472082027549,39.984065977116856,3512576,886279
28,541,51.80626600738633,43.91485573949817,54.88592128605748,2797370,754034
28,542,46.831808405613145,15.603559450322848,47.24142424410731,2703114,681330
28,543,44.8762761021372,20.61374960865422,43.99206894562087,2344474,587149
28,544,53.23149968001732,22.094542264476974,25.424555021507096,4290589,1097042
28,545,60.80782849855761,22.47569794206619,50.23027634877985,5154296,1428528
28,546,64.56059893065483,23.387806752712624,57.93473457239959,3936966,1091525
28,547,62.69975906912951,22.21471298300482,46.5986963732494,4517398,1243293
28,548,54.170691523528866,24.642841287095067,49.164706697823604,4887813,1296609
28,549,47.3498886303073,27.63856871392881,49.3001746488574,3397448,860463
28,550,55.77835457094227,32.143299420257485,42.41275786219607,2963557,776854
28,551,50.46977266944946,18.79222291722825,36.88340526880655,2882469,706204
28,552,43.7283416640354,20.248760134235837,49.44888251627293,4053463,887652
28,553,48.222773079949796,18.065064045704787,38.88667613289633,4081148,968160
28,554,56.77367961379364,22.638009383660624,36.237343189695856,4174064,1039953
29,555,56.2880898651361,18.29870361098831,26.866228384993722,4779661,983854
29,556,50.23450445436076,22.03209733340671,33.02346072704747,1889752,361149
29,557,48.55084220427662,22.14119029215126,34.3108581562803,2177331,408806
29,558,53.5018345373423,37.31620971056185,35.98628396612313,1703300,319937
29,559,41.74588639854153,39.817462769829305,37.125835933249306,1928812,363853
29,560,49.31926944292269,30.424700702198688,35.55125184760938,1389920,264595
29,561,57.448954634136165,22.15448490940004,37.16911756023719,1064570,219096
29,562,64.83589557020808,14.369230919160184,24.535131442597706,1847023,382700
29,563,70.30494589352003,10.48380531447589,16.4821073079887,1437169,324530
29,564,61.86580008734297,22.617715320079014,38.27869710325259,1597668,330414
29,565,50.029655136672744,39.501629906282936,33.415206295105776,2452595,489118
29,566,58.66068581857361,41.68058689112576,28.880159525618033,1659456,357003
29,567,61.29755384491871,32.161807497004624,30.712424780066343,1945497,410176
29,568,67.18296246706986,21.313328232785793,27.5402924988013,1752753,406816
29,569,74.88662776522601,10.899460743136558,9.879289405066102,1177361,253078
29,570,66.52582792352702,26.241760482125486,19.165231587430164,1137961,276085
29,571,60.77804192456109,26.743760685036843,20.40167613876085,2678980,640081
29,572,74.6753020837637,14.43243402233174,2.0032957161392124,9621551,2393845
29,573,56.73254992872084,15.932048894404543,20.575296439646888,1805769,428625
29,574,62.326239927236394,21.242712172396068,14.27815738443115,1776421,433453
29,575,76.05245820832563,11.027976468775378,2.702859342399363,2089649,439733
29,576,70.58493592606222,23.739132473368812,4.848639436064509,554519,142716
29,577,60.31538871064439,29.02876152858576,19.236896871661607,3001127,700968
29,578,49.61499134812018,37.193117886031516,40.455365383001926,1020791,244874
29,579,47.36855423697048,27.82347215435607,33.74846162866588,2566326,471601
29,580,34.80688150535499,35.780837643099424,37.21197234477096,1174271,202063
29,581,59.48763494977006,35.455717615388174,24.298910347422982,1536401,333348
29,582,55.12884960730086,37.37156442812707,28.772231195093035,1255104,284698
29,583,62.98648056776218,26.90451225776372,15.22863465379793,990923,229279
29,584,55.42115265193742,20.945636391178567,16.652391569192815,1082636,260533
30,585,77.57237791249617,9.072282911658567,1.9459094333740354,818008,191766
30,586,74.93287725497841,15.69183357089442,2.6692027722925618,640537,151845
31,587,78.24561403508771,94.79937338110527,0.0,64473,11574
32,588,76.75974789395988,7.812601587149823,7.438154011269117,1307375,273410
32,589,83.89341638111537,4.94335520013254,8.531724595906995,2523003,554298
32,590,76.35831392999404,22.512417117271415,26.24191007610697,817420,190894
32,591,83.48055623824172,6.947460918324993,4.979534253441123,3086293,697710
32,592,79.62080134089507,8.054034603152992,9.605221308214219,4112920,793999
32,593,77.00281842399907,16.11443542802073,22.316970098453524,2809934,637220
32,594,85.11677071414508,10.693963860053826,5.8674177466310065,3121200,759210
32,595,85.99508909805024,8.681788990210785,4.656072991215277,3282388,814011
32,596,81.11409183589072,18.152003563654333,27.020509824568993,1108974,279812
32,597,88.26786661923039,8.907392110915342,7.407621829682426,1974551,487296
32,598,86.32733053603518,9.765300976741585,6.621707045928231,2127789,535958
32,599,88.62286375877778,14.412165570413526,12.00857950534855,1197412,322684
32,600,83.97595229640876,12.864355167670634,8.146135691263758,2635375,669375
32,601,83.18370878540996,12.107976338716561,6.055149237692693,3301427,837877
33,602,69.97735472521681,23.30645818893464,13.875110383855349,3728104,946949
33,604,70.61528418460942,24.74308772933772,11.883619598969707,3998252,1006245
33,605,64.2937989297306,23.70651756673918,18.747376276021278,3936331,929281
33,606,58.34159217436162,26.62540696789898,36.214837661534396,2464875,588836
33,607,55.95266505010902,31.529778630207005,42.638019292482085,3458873,800368
33,608,58.833509263533635,20.09964802404097,25.377987610744192,3482056,915967
33,609,60.98287572566168,23.30885942959607,27.243455297729135,1726601,475511
33,610,59.21884415033391,17.3804393394631,29.828873742069444,2251744,658071
33,611,72.00513789436937,36.53701281217959,22.49376026890419,735394,197653
33,612,61.70107254385972,21.31888738410251,40.36533103776984,2159775,560773
33,613,60.658687435787954,20.851240919386036,35.916713044264874,1064493,287095
33,614,69.43152073786538,17.807030110678877,29.54000123807086,2722290,698404
33,615,59.28370062105658,31.46952618700937,35.725625938368545,565223,149243
33,616,55.504207095907056,24.765331291545568,39.02865475810036,754894,197090
33,617,62.96927022284516,29.918331917323442,38.8881258278383,2605914,635578
33,618,69.9102921462552,31.768566921339975,44.487054004704646,1616450,413837
33,619,69.54158197194408,34.32483545931785,48.52421652421653,1264277,327219
33,620,69.20735544850156,19.06250909226939,39.26654076051788,2405890,605363
33,621,61.55489065296624,17.677751035780382,36.60206669915408,1618345,387679
33,622,64.65114128416283,17.06637512779096,26.494354828215883,1339101,338938
33,623,69.42955210986806,13.82610790678324,24.510649100180423,3038252,794887
33,624,62.99047428637765,20.871274477305143,51.939252644692424,1245899,338112
33,625,65.50654179907427,20.703675253103558,19.69098406914688,1942288,537748
33,626,65.96117694588595,18.47973135221601,21.308649593746786,1353445,323905
33,627,73.04833616711197,20.158315506554768,24.552245276045063,1750176,462010
33,628,68.28584848498478,18.847581577345622,25.25414757036889,3077233,815528
33,629,81.37430100134637,4.359074709122346,9.291460541600772,1870374,483539
33,630,53.25442979222977,20.469020329257926,33.240938688751534,1506843,375873
33,631,56.64517490106864,15.415076744499043,26.599559838868142,1879809,448053
33,632,71.79282347687459,16.317109812046983,13.951201869112253,3458045,958035
33,633,64.96451841319562,16.189010960641408,18.56458519454114,2479052,712210
34,635,71.71800153932008,16.03785795689522,12.31232373166017,950289,231513
34,637,73.24558405671155,17.65440361199069,14.980631449041857,200222,49705
35,639,69.96412803532009,0.7178234230139113,2.812681229460661,105597,26199
35,640,76.19769256442869,1.7178826078558171,1.9995071637272501,238142,59064
2,25,59.748931623931625,88.52490178684577,1.7314022383146808,31564,6674
2,34,63.37663709336713,75.4817465317816,3.7599931597623018,84121,19976
35,638,61.650636053366426,64.27718364909613,1.0672469174178842,36842,9288
7,94,75.7094689519528,23.411312357398383,0.39489295390554446,142004,33208
7,95,73.53105111494031,24.587512020881988,0.2607435528477686,582320,119639
19,342,77.62980810569327,5.617816111125196,0.5647610184855676,4496694,1024928
27,518,77.50198294402284,7.3513390350415015,0.5011772161043391,9356962,2105604
27,519,78.40802739571518,7.941470358406059,0.4205620614321602,3085411,674339
28,536,70.11136003258608,7.528269938830778,1.5282629659669313,3943323,849051
33,603,78.24684709946999,16.995342102793963,0.6329520349429535,4646732,1154982
34,634,68.33186231244484,15.149390572753749,19.228517530735704,55626,13812
34,636,87.59317249592026,0.34436579299789555,0.5478662053056517,41816,7420
