pc11_district_id,pc11_state_id,secc_cons_urban,secc_cons_pc_urban,secc_pov_rate_urban,secc_pov_rate_tend_urban,_mean_p_miss,_core_p_miss,_target_weight_share,_target_group_max_weight_share
004,01,126217.125,23673.03515625,0.14537736773490906,0.18716010451316833,0.0,0.0,1.0,1.0
013,01,115740.78125,20632.36328125,0.1160714253783226,0.1600215584039688,0.0,0.0,1.0,1.0
018,01,130811.3828125,26110.505859375,0.08070205897092819,0.10117869824171066,0.0,0.0,1.0,1.0
055,04,174820.96875000003,41251.59375,0.03636462241411209,0.04649429768323898,0.0,0.0,1.0,1.0
063,05,133371.078125,33625.63671875,0.038706257939338684,0.040562037378549576,0.0,0.0,1.0,1.0
205,10,89570.03125,19229.80078125,0.18184545636177063,0.23538674414157867,0.0,0.0,1.0,1.0
214,10,108113.03125,19998.16015625,0.21530842781066895,0.25721117854118347,0.0,0.0,1.0,1.0
240,10,98332.84375,16363.5361328125,0.2942487895488739,0.35594916343688965,0.0,0.0,1.0,1.0
241,11,123506.9375,34117.9375,0.04645906761288643,0.059266701340675354,0.0,0.0,1.0,1.0
245,12,118382.2734375,33768.6171875,0.05751893296837807,0.06851784884929657,0.0,0.0,1.0,1.0
247,12,105082.609375,21967.23046875,0.15167444944381714,0.19321131706237793,0.0,0.0,1.0,1.0
249,12,106584.625,22080.23828125,0.2157205194234848,0.2501310110092163,0.0,0.0,1.0,1.0
252,12,105953.6953125,25011.890625,0.16236437857151031,0.2035166472196579,0.0,0.0,1.0,1.0
255,12,123124.6328125,29847.18359375,0.06783701479434967,0.09200260043144226,0.0,0.0,1.0,1.0
256,12,96022.2578125,20964.427734375,0.20646899938583374,0.2636118531227112,0.0,0.0,1.0,1.0
257,12,106299.296875,29553.494140625,0.08256880939006805,0.10690067708492279,0.0,0.0,1.0,1.0
258,12,132069.46875,33214.6875,0.02219782955944538,0.03744358941912651,0.0,0.0,1.0,1.0
260,12,105826.1640625,33463.94921875,0.06756756454706192,0.08648648858070374,0.0,0.0,1.0,1.0
264,13,107050.390625,19548.4609375,0.15520459413528442,0.21557921171188354,0.0,0.0,1.0,1.0
267,13,93311.84375,17303.154296875,0.27637073397636414,0.3513587415218353,0.0,0.0,1.0,1.0
268,13,93146.65625,19727.083984375,0.19197708368301392,0.26448237895965576,0.0,0.0,1.0,1.0
269,13,89684.40625,16049.3974609375,0.3501614034175873,0.4242091774940491,0.0,0.0,1.0,1.0
280,14,97738.5390625,18887.884765625,0.20338155329227448,0.26026979088783264,0.0,0.0,1.0,1.0
287,15,132384.5625,27944.3984375,0.07756321132183075,0.103275366127491,0.0,0.0,1.0,1.0
288,15,131097.375,26377.83984375,0.0832599326968193,0.10779748857021332,0.0,0.0,1.0,1.0
293,17,124244.734375,23347.546875,0.17079801857471466,0.20767641067504883,0.0,0.0,1.0,1.0
295,17,94733.9609375,17953.517578125,0.3746754825115204,0.41989782452583313,0.0,0.0,1.0,1.0
299,17,144589.875,25038.001953125,0.06905457377433777,0.1042381152510643,0.0,0.0,1.0,1.0
356,20,113844.1953125,22670.150390625,0.14080996811389923,0.17377759516239166,0.0,0.0,1.0,1.0
367,20,111856.3984375,23130.38671875,0.16504600644111633,0.19508866965770721,0.0,0.0,1.0,1.0
373,21,96260.1328125,23854.951171875,0.24078090488910675,0.26797524094581604,0.0,0.0,1.0,1.0
415,22,104674.796875,24736.4453125,0.1762586236000061,0.21307708323001862,0.0,0.0,1.0,1.0
494,25,140127.890625,30506.23828125,0.03756242245435715,0.05037273094058037,0.0,0.0,1.0,1.0
603,33,160829.40625,43484.69921875,0.010604615323245525,0.014525550417602062,0.0,0.0,1.0,1.0
001,01,125904.26236888977,20890.157873527223,0.15875838428263056,0.21082329290063356,0.6622616467263126,0.6622616467263127,1.0,1.0
002,01,159264.21051127842,26852.145500137965,0.054527883434700226,0.07504523912044515,0.038471172618162,0.038471172618162,0.0743205700804901,0.9256794299195098
010,01,159264.21051127842,26852.145500137965,0.054527883434700226,0.07504523912044515,0.038471172618162,0.038471172618162,0.9256794299195098,0.9256794299195098
003,01,135339.078125,31301.958984375,0.04178773984313011,0.05756191909313202,0.3240787370541481,0.3240787370541481,1.0,1.0
005,01,125934.60839021155,27879.81933666417,0.07910388084449778,0.09800616349576644,0.1302873414444731,0.1302873414444731,1.0,1.0
006,01,146610.3451636393,30282.44647846119,0.03593772968946925,0.04655132609009959,0.0,0.0,1.0,1.0
007,01,140719.57260566333,28947.99624658111,0.07317800810601383,0.09063954455966211,0.0,0.0,1.0,1.0
008,01,133314.08395132705,23230.53347009846,0.09633808740573388,0.13323849241300806,0.0,0.0,1.0,1.0
009,01,95699.4137353506,16068.62047048376,0.36650392555582784,0.4308967842612856,0.0,0.0,1.0,1.0
011,01,121022.34375,18614.462890625,0.22286079823970795,0.2728820741176605,0.3997959140287847,0.3997959140287846,1.0,1.0
012,01,127331.709324791,22575.18227810986,0.1247111541057153,0.15885061581547996,0.2291765056796997,0.2291765056796997,1.0,1.0
014,01,119891.33318630555,22153.20751794317,0.11754400650841566,0.15803401330754685,0.072101788170564,0.072101788170564,0.7782310866574965,0.7782310866574965
015,01,119891.33318630555,22153.20751794317,0.11754400650841566,0.15803401330754685,0.072101788170564,0.072101788170564,0.2217689133425034,0.7782310866574965
016,01,127348.71839031289,28285.10662285574,0.06080096640804365,0.07828706414981669,0.0,0.0,1.0,1.0
017,01,123354.96061649546,25318.835584186567,0.06444587689310535,0.0831011401622565,0.3653373973414613,0.3653373973414613,1.0,1.0
019,01,153533.86038938814,32269.724611565995,0.045469495992067864,0.05788041406443127,0.1267558775691262,0.1267558775691262,1.0,1.0
020,01,154756.16778839965,29699.304562908525,0.035213538561101786,0.045735845119877855,0.3525337086975848,0.3525337086975848,1.0,1.0
021,01,177659.36053469928,36859.618194852,0.023081302391502356,0.030560374086689556,0.1177326398374929,0.1177326398374929,1.0,1.0
022,01,150724.39201300856,31368.59961194435,0.026066867672277616,0.03427666657322691,0.2201995710155739,0.2201995710155739,1.0,1.0
023,02,153967.61952726886,37889.67698737555,0.03175484355030658,0.03886593711122225,0.0,0.0,1.0,1.0
024,02,150913.10274019995,39009.60547438859,0.02682620110445151,0.03555762362360476,0.052549228683024,0.052549228683024,1.0,1.0
026,02,149073.09463020047,39984.70094365708,0.022735116122372567,0.02976086404549031,0.2142977942064701,0.2142977942064701,1.0,1.0
027,02,166151.95776794766,43413.81521529807,0.014154556504321337,0.018986483809215405,0.0,0.0,1.0,1.0
028,02,160558.5991091314,39534.791874428294,0.029713824592978756,0.0374502773938041,0.0,0.0,1.0,1.0
029,02,148554.5982169695,33115.52023917247,0.04835122812239827,0.06382186456679842,0.0,0.0,1.0,1.0
030,02,157533.83469795855,37977.767544781425,0.011194601151783123,0.02026662300679019,0.0,0.0,1.0,1.0
031,02,155152.19558317302,43306.165166454346,0.012856698305261434,0.01754681040380744,0.0,0.0,1.0,1.0
032,02,160122.77983359573,39043.59618695607,0.028605438476294962,0.0381812629119757,0.0,0.0,1.0,1.0
033,02,155818.45520816388,47484.36920707431,0.006867837108065494,0.009632639475016563,0.0231188322878951,0.0231188322878951,1.0,1.0
035,03,155803.43721022006,34173.48842812291,0.027799957340555875,0.03669567816653333,0.3008482995333064,0.3008482995333064,1.0,1.0
036,03,164510.0288765888,38150.97109239195,0.023256384863682436,0.03114279679971213,0.141555324256006,0.141555324256006,1.0,1.0
037,03,171028.51248574464,41011.29295613343,0.011404912459676531,0.01582253717692528,0.0598327033658264,0.0598327033658264,1.0,1.0
038,03,171924.2105360499,37783.25902040903,0.023996088735055203,0.030159275765290504,0.1152405147939062,0.1152405147939062,1.0,1.0
039,03,161341.3297471079,36565.30761398819,0.0338358889488124,0.04466163063452088,0.335563245518913,0.335563245518913,1.0,1.0
040,03,159411.46022061777,34191.24197667892,0.03783914242417992,0.04588575371157983,0.0,0.0,1.0,1.0
041,03,162706.70060077612,37316.94541005598,0.02157479882045347,0.028170168484838005,0.0504274032858741,0.0504274032858741,1.0,1.0
042,03,158273.45975174263,34609.607447203736,0.039347694925877766,0.050439536777410816,0.0861885357718068,0.0861885357718068,1.0,1.0
043,03,147428.83109877742,30134.012984122295,0.08583641717664428,0.10447849014438063,0.1517963790095483,0.1517963790095483,1.0,1.0
044,03,142231.4847175603,29786.774009657485,0.09036351454468002,0.11016379641477299,0.0,0.0,1.0,1.0
045,03,150688.94482150796,31634.914351350606,0.06268273880636027,0.07933535989622771,0.0,0.0,1.0,1.0
046,03,165847.53123933493,34575.28594528117,0.039625203557031995,0.05075267956545086,0.1694733953370978,0.1694733953370978,1.0,1.0
047,03,148862.15002812597,29893.19112819092,0.07827856908662256,0.09615847796406773,0.2689237426957775,0.2689237426957775,1.0,1.0
048,03,176512.66468775566,37612.76337926407,0.023807220713342125,0.031552757776416904,0.0839351221046011,0.0839351221046011,1.0,1.0
049,03,155737.17150563124,36411.467468656556,0.02134381072675609,0.02863050172987378,0.0721138968583354,0.0721138968583354,1.0,1.0
050,03,145425.32557179185,30632.971625000515,0.058252007979640835,0.07045961236553329,0.1447582777954088,0.1447582777954088,1.0,1.0
051,03,170121.96396296824,36704.36361823877,0.039378088351170695,0.04746868593030602,0.107127390935115,0.107127390935115,1.0,1.0
052,03,193893.14736375792,44564.6979958068,0.015738591844547224,0.02104156262786323,0.1550923503197695,0.1550923503197695,1.0,1.0
053,03,152755.19441117847,30366.38868432921,0.0536807631636161,0.06776078029219622,0.2623278710765264,0.2623278710765264,1.0,1.0
054,03,151497.67446633676,31244.833049138993,0.05524429643757778,0.06841403368419138,0.0973385426226499,0.0973385426226499,1.0,1.0
056,05,146108.49247518514,41005.238670187464,0.020072617991299595,0.026486545659768757,0.0,0.0,1.0,1.0
057,05,130105.06597158214,36650.83833678022,0.020273042513910003,0.028612757360753596,0.04104653512021,0.04104653512021,1.0,1.0
058,05,126686.3515625,33435.3828125,0.038520801812410355,0.05591019243001938,0.0616624685138539,0.0616624685138539,1.0,1.0
059,05,149345.31759695656,40121.81748986354,0.021299356663253617,0.02992833718490291,0.2369477472353179,0.2369477472353179,0.3836044234913204,0.6163955765086796
061,05,149345.31759695656,40121.81748986354,0.021299356663253617,0.02992833718490291,0.2369477472353179,0.2369477472353179,0.6163955765086796,0.6163955765086796
060,05,169387.09362037748,38949.67677384137,0.020615011430133418,0.028427343920976653,0.1417541013715295,0.1417541013715295,1.0,1.0
062,05,134898.99137779704,48273.05261974939,0.012946895636320028,0.01691863080337467,0.0,0.0,1.0,1.0
064,05,142807.9969822052,62899.095016721934,0.012063387922347873,0.018471783972553564,0.0829027184902269,0.0829027184902269,1.0,1.0
065,05,128632.5838215127,31775.68029596539,0.0694966926826858,0.09334961040363324,0.2083822340453277,0.2083822340453277,1.0,1.0
066,05,146090.79295902926,32427.742644797134,0.047640661364532814,0.06306254259633315,0.116817401690456,0.116817401690456,1.0,1.0
067,05,139691.8112903562,28204.37785070027,0.07585324499691093,0.09779383370751238,0.119026518508419,0.119026518508419,1.0,1.0
068,05,157926.74151954643,35562.22280013261,0.04293251504318435,0.05593074164232962,0.2562884688079828,0.2562884688079828,1.0,1.0
069,06,188069.67955284007,46972.125328066846,0.034186097970207704,0.04098649397128523,0.0892507103406442,0.0892507103406442,1.0,1.0
070,06,161262.22467685532,35322.77379319286,0.038295747680236025,0.049675737137298365,0.0854656990977966,0.0854656990977966,1.0,1.0
071,06,146031.1405495446,31441.961676292383,0.04831783836195442,0.0641129111072678,0.1265066229017255,0.1265066229017255,1.0,1.0
072,06,161460.73802820352,34699.68913100897,0.05449791962402107,0.06701889381827555,0.0491574894798101,0.0491574894798101,1.0,1.0
073,06,141716.7550335975,27678.412227599758,0.09029923280052168,0.11101036839986689,0.0,0.0,1.0,1.0
074,06,156269.38479644482,32865.996207226155,0.05534807932756288,0.07052764646962348,0.0196169829159429,0.0196169829159429,1.0,1.0
075,06,142612.99738935987,29212.320504384803,0.06007137335777408,0.0808817756438401,0.0578596070872028,0.0578596070872028,1.0,1.0
076,06,153343.4962444295,30432.705318112774,0.05803305059785214,0.07464904585907728,0.0830877617102372,0.0830877617102372,1.0,1.0
077,06,145539.78758899032,29459.743239770673,0.07024106435754418,0.0880957028537162,0.0183354440528431,0.0183354440528431,1.0,1.0
078,06,145042.59860548237,29213.87007286134,0.07965928786790932,0.1008340965752621,0.0433659264538832,0.0433659264538832,1.0,1.0
079,06,148674.4218382437,30286.76312730914,0.07405227017218075,0.09200608451598524,0.0,0.0,1.0,1.0
080,06,152585.61850254133,31463.558902792647,0.052411737247081605,0.06740104903164372,0.0570382736391754,0.0570382736391754,1.0,1.0
081,06,138395.39993638863,28171.43106977463,0.0755793593113436,0.09845052961837546,0.0484218323052887,0.0484218323052887,1.0,1.0
082,06,154956.10428884826,31387.961781802245,0.05800267714988064,0.0736527596184335,0.0,0.0,1.0,1.0
083,06,143519.644260832,34644.546112755845,0.048806821535633066,0.06329079373576171,0.0337553782994094,0.0337553782994094,1.0,1.0
084,06,137123.4710393842,26355.101970573465,0.07958673809000544,0.10132669217659976,0.0642655526702042,0.0642655526702042,1.0,1.0
085,06,150983.14012898653,31195.33466148354,0.03618373895423387,0.05134755613127652,0.1854474574819004,0.1854474574819004,1.0,1.0
086,06,182227.33275706597,45065.84800341768,0.023331130436709882,0.031174265620952258,0.0617364497871437,0.0617364497871437,1.0,1.0
087,06,122759.69319778448,21584.01747759797,0.19687970871518812,0.23846954640218268,0.2881649557636214,0.2881649557636214,1.0,1.0
088,06,156575.78125,42765.5234375,0.035436321049928665,0.047366928309202194,0.0172394021635258,0.0172394021635258,1.0,1.0
089,06,149736.8051859689,27505.52483187987,0.10471793996664458,0.12767065561267665,0.120421570616883,0.120421570616883,1.0,1.0
090,07,170655.37755842437,38904.76844294451,0.027718498047829575,0.036117268982636584,0.0,0.0,0.210312801123643,0.210312801123643
091,07,170655.37755842437,38904.76844294451,0.027718498047829575,0.036117268982636584,0.0,0.0,0.0531637466881553,0.210312801123643
092,07,170655.37755842437,38904.76844294451,0.027718498047829575,0.036117268982636584,0.0,0.0,0.1356289754124575,0.210312801123643
093,07,170655.37755842437,38904.76844294451,0.027718498047829575,0.036117268982636584,0.0,0.0,0.1042107963400592,0.210312801123643
094,07,170655.37755842437,38904.76844294451,0.027718498047829575,0.036117268982636584,0.0,0.0,0.0086752322193447,0.210312801123643
095,07,170655.37755842437,38904.76844294451,0.027718498047829575,0.036117268982636584,0.0,0.0,0.0355747811749586,0.210312801123643
096,07,170655.37755842437,38904.76844294451,0.027718498047829575,0.036117268982636584,0.0,0.0,0.1549782303623475,0.210312801123643
097,07,170655.37755842437,38904.76844294451,0.027718498047829575,0.036117268982636584,0.0,0.0,0.1313027834065076,0.210312801123643
098,07,170655.37755842437,38904.76844294451,0.027718498047829575,0.036117268982636584,0.0,0.0,0.1661526532725261,0.210312801123643
099,08,132145.02630718888,27716.402673828103,0.11378773049654758,0.13717773167581807,0.1583525078814863,0.1583525078814863,1.0,1.0
100,08,120859.15039031292,24032.757980134906,0.1547522742969062,0.18707047807805902,0.0,0.0,1.0,1.0
101,08,137312.33918638155,25458.82949869659,0.11946560920250823,0.14707582794828705,0.0268808471933471,0.0268808471933471,1.0,1.0
102,08,103325.40475243772,18246.11288918054,0.27068347434119644,0.31898147042028624,0.2580301439516863,0.2580301439516863,1.0,1.0
103,08,118233.14990262152,21748.15580328214,0.1695550586781369,0.20952009302386596,0.1409588226033012,0.1409588226033012,1.0,1.0
104,08,142191.5038791576,29537.270383432427,0.08013228149069175,0.10182527874073778,0.1377047326690615,0.1377047326690615,1.0,1.0
105,08,125415.45780876648,23970.405309644928,0.1452799657851235,0.17817292095331536,0.0118481354234204,0.0118481354234204,1.0,1.0
106,08,106591.2299008455,20029.27287273635,0.2632171390066995,0.3050223752700919,0.0726934734289755,0.0726934734289755,1.0,1.0
107,08,107772.15129590027,20332.963493880063,0.218454447569446,0.265823843703585,0.0307925081955938,0.0307925081955938,1.0,1.0
108,08,117238.3387187573,22638.043464601564,0.17142345724553953,0.20489603344547525,0.0985900693143991,0.0985900693143991,1.0,1.0
109,08,123944.2848704557,23597.586211148453,0.1576214461299049,0.19011807749187246,0.1823948303459486,0.1823948303459486,1.0,1.0
110,08,164388.0817159008,33482.84866883242,0.03794711782318632,0.050305353300490206,0.0299460200867146,0.0299460200867146,1.0,1.0
111,08,119919.55063852067,21418.063941705263,0.17844570099875773,0.21723797102880293,0.183968916527056,0.183968916527056,1.0,1.0
112,08,112303.16609443189,20859.66332488261,0.21956396175450255,0.25843164112258693,0.1737732343174242,0.1737732343174242,1.0,1.0
113,08,141599.44603482122,27271.610737049938,0.10324060383179842,0.12763120170910075,0.0649281124517046,0.0649281124517046,1.0,1.0
114,08,112962.59132696223,23447.638116312133,0.19952805002262602,0.23639435089996977,0.0,0.0,1.0,1.0
115,08,126975.6560112607,25513.07924662168,0.12021521779784484,0.14772523709547142,0.0611316728718578,0.0611316728718578,1.0,1.0
116,08,109947.18150555923,23090.361089443184,0.1900716050186691,0.22489074806562187,0.111146255477579,0.111146255477579,1.0,1.0
117,08,118710.97671213435,25387.40610268219,0.12728106294818448,0.15364843812559345,0.1837635511420821,0.1837635511420821,1.0,1.0
118,08,118170.40797135816,23843.247249409123,0.13849561141592034,0.17040669777745854,0.0532080016347612,0.0532080016347612,1.0,1.0
119,08,138439.6458620281,27654.495767976812,0.09785152400677818,0.12250789908305418,0.0195429829729285,0.0195429829729285,1.0,1.0
120,08,106804.80927239165,20956.87871241715,0.24762055764888483,0.28889199275894095,0.0643988631606776,0.0643988631606776,1.0,1.0
121,08,114580.46892325644,25295.00404645519,0.12875371477820624,0.15595991899329048,0.0714231188903506,0.0714231188903506,1.0,1.0
122,08,131801.92145900067,28360.502361289113,0.08799066521289158,0.10866902612629589,0.0503614523635824,0.0503614523635824,1.0,1.0
123,08,131918.80681434495,27688.489356384238,0.09616698386260225,0.11835908776838003,0.2125285605483625,0.2125285605483625,1.0,1.0
124,08,126971.59823728853,28448.796083420424,0.14699956185850632,0.1652510412004053,0.1306919982421148,0.1306919982421148,1.0,1.0
125,08,132687.58634497304,30801.221529578277,0.12766377632619477,0.146785670156523,0.124885402872568,0.124885402872568,1.0,1.0
126,08,133216.25984195908,28820.42554846785,0.08944686357362579,0.11271736275003366,0.0417963710808233,0.0417963710808233,1.0,1.0
127,08,133115.81040288077,31453.198397569115,0.060203766661757654,0.07627041623367488,0.074346169144419,0.074346169144419,1.0,1.0
128,08,106101.90434470483,23628.61540661692,0.16288172381717447,0.19334152791179837,0.1828656171571983,0.1828656171571983,1.0,1.0
129,08,115179.07932325851,24415.43275758289,0.14446004808202564,0.17576100358827182,0.353446057629824,0.353446057629824,1.0,1.0
130,08,155922.04490388892,34075.7900613447,0.05040758467615656,0.06225087091174059,0.1429458964607035,0.1429458964607035,1.0,1.0
131,08,118340.18589417118,26432.673711110067,0.12144751471333518,0.15304267931193374,0.1583132563677636,0.1583132563677636,1.0,1.0
132,09,141328.71242973788,27171.574440045708,0.05286530830091463,0.07443440979724535,0.1487989978678437,0.1487989978678437,1.0,1.0
133,09,157378.64940210117,27412.671491168276,0.030489131234517634,0.043783080138228285,0.5951799360704837,0.5951799360704837,1.0,1.0
134,09,103772.37849337368,18039.23555785889,0.20678358112252,0.2606429536697449,0.5607762570895006,0.5607762570895006,1.0,1.0
135,09,121826.38460491372,22408.13336504541,0.16243263432972954,0.1975899605420861,0.0517226807183168,0.0517226807183168,1.0,1.0
136,09,124240.45283857957,24954.537926841556,0.10757566283751556,0.13702516240225673,0.0406780294471899,0.0406780294471899,1.0,1.0
137,09,158281.84844128095,31500.57555588407,0.03215710528563912,0.0441222278778503,0.0153124066682217,0.0153124066682217,1.0,1.0
138,09,145858.61638048795,26732.98118523237,0.08242875799058226,0.10586087224090808,0.0125973321691558,0.0125973321691558,1.0,1.0
139,09,111293.62955890331,22133.244419446524,0.15852271147953326,0.18986576375461164,0.5711080810835378,0.5711080810835378,1.0,1.0
140,09,171018.46343495997,35852.83742782651,0.0240000129316927,0.03166840532116943,0.0972750760700157,0.0972750760700157,1.0,1.0
142,09,130628.37461588814,23146.378270683337,0.13000170579561204,0.16603346969798594,0.0463392392922071,0.0463392392922071,1.0,1.0
143,09,138148.57392969425,25642.7390571734,0.08790300950301518,0.1220498090237298,0.107228035698588,0.107228035698588,1.0,1.0
144,09,152684.54641792036,26888.09776148229,0.05840367039778139,0.07824520131510969,0.071750833350867,0.071750833350867,1.0,1.0
145,09,142625.74791964222,34602.46226218041,0.04844151587561383,0.06617037741978658,0.1187828458729115,0.1187828458729115,1.0,1.0
146,09,150243.22501134564,26588.642664879637,0.054368614739573176,0.07944753242763207,0.0764802798149387,0.0764802798149387,1.0,1.0
147,09,126641.42920078404,23267.24045622313,0.10303860899482632,0.13964954004102426,0.0257990875800708,0.0257990875800708,1.0,1.0
148,09,127629.61404410376,22479.075902526547,0.13253420316332626,0.17047810762640825,0.0,0.0,1.0,1.0
149,09,113051.1303231468,20517.48240047835,0.219264949761884,0.26617691523739606,0.0507807227794195,0.0507807227794195,1.0,1.0
150,09,128104.02907698209,24503.136911865877,0.10428538167545634,0.14263888156644514,0.0707194360654651,0.0707194360654651,1.0,1.0
151,09,111511.44791073528,20829.719062086577,0.1885051570203278,0.2362661683946588,0.0804604242846775,0.0804604242846775,1.0,1.0
152,09,111926.61263547723,21866.91182686996,0.1842055330565214,0.22661266632696245,0.0,0.0,1.0,1.0
153,09,109994.35079199106,22058.557881461755,0.20140797303366706,0.24187094742749887,0.0979036298762566,0.0979036298762566,1.0,1.0
154,09,112239.3961538709,28299.354891798175,0.15166679118052345,0.1888780082854471,0.0204998643516006,0.0204998643516006,1.0,1.0
155,09,115194.82896706225,20700.62052931286,0.20697681130617673,0.24840164346821478,0.0,0.0,1.0,1.0
156,09,120716.73484828779,27880.93469548529,0.12920828127479783,0.1623660386627454,0.1119786474458568,0.1119786474458568,1.0,1.0
157,09,159454.88736496182,32288.415359323728,0.05120067231547194,0.0664063191781383,0.0075064264645297,0.0075064264645297,1.0,1.0
158,09,131215.34209922745,25569.064255729343,0.13929207293841145,0.17327277103727476,0.0,0.0,1.0,1.0
159,09,116026.84539788478,21083.859506081306,0.16746525526587036,0.21389946681438565,0.0276992202986652,0.0276992202986652,1.0,1.0
160,09,120878.70818231005,22238.08735678602,0.17312954683307216,0.21233481285310554,0.0445020492022175,0.0445020492022175,1.0,1.0
161,09,139526.97568542615,26113.269084487696,0.06364941810304743,0.0922463108845348,0.0308764151690286,0.0308764151690286,1.0,1.0
162,09,135585.32738436313,28132.575641433996,0.06408830080595151,0.0893242365022198,0.121713587963556,0.121713587963556,1.0,1.0
163,09,125491.75705776743,28095.210604114378,0.08484238201446721,0.11532612613648113,0.3716000761144715,0.3716000761144715,1.0,1.0
164,09,153915.4255359546,33135.66167313681,0.030146926594798635,0.039486279308487235,0.018135423765065,0.018135423765065,1.0,1.0
165,09,124413.72244065559,22722.03297144027,0.12785499735282924,0.16195482297591718,0.0,0.0,1.0,1.0
166,09,136336.43969193744,28632.368680499276,0.0661096149620794,0.08740619352498442,0.0312891429229594,0.0312891429229594,1.0,1.0
167,09,119455.19453281566,23417.525005261214,0.12295151787841184,0.15488564521898435,0.0525436485762182,0.0525436485762182,1.0,1.0
168,09,132019.02428265865,24166.61738900155,0.10079835975219463,0.12248968174917568,0.1080734626968091,0.1080734626968091,1.0,1.0
169,09,111774.30713798542,20674.815870423616,0.17288184564187542,0.21366637051126397,0.0,0.0,1.0,1.0
170,09,115168.8322327281,21746.60092197869,0.1463903934008835,0.18561519206929808,0.0,0.0,1.0,1.0
171,09,106642.45833357195,20990.995227675478,0.17228177778471304,0.21099722438503019,0.0936760370385748,0.0936760370385748,1.0,1.0
172,09,119672.51779532086,22938.60455491329,0.13356874958633336,0.1719045879630431,0.0,0.0,1.0,1.0
173,09,119646.28267199812,21241.62312712679,0.17577629097089145,0.21863447582606382,0.0810365095125597,0.0810365095125597,1.0,1.0
174,09,119653.61174655492,28229.87707557726,0.0953785531937841,0.1221405543624963,0.1089139937005849,0.1089139937005849,1.0,1.0
175,09,150837.0504058432,30470.509123603373,0.06305664127462787,0.08002027721847824,0.0742087063854114,0.0742087063854114,1.0,1.0
176,09,115760.41686923298,22413.56570763242,0.1778027631089141,0.2198362463103448,0.1352678180064872,0.1352678180064872,1.0,1.0
177,09,121691.63472580352,23446.660459930397,0.15934930562153393,0.19295966347557109,0.0679347426767729,0.0679347426767729,1.0,1.0
178,09,109502.17122715875,20455.231946295196,0.18168108348877643,0.229113475278455,0.0456702169344209,0.0456702169344209,1.0,1.0
179,09,137975.6393709953,27477.104473196287,0.08213307512652172,0.1055557418850725,0.1974829428359912,0.1974829428359912,1.0,1.0
180,09,115712.30895773621,23942.198075043605,0.14180927686468298,0.1708465474389993,0.057895959780879,0.057895959780879,1.0,1.0
181,09,102816.81002803273,19295.86337448697,0.2329757129345777,0.2990811452604598,0.0,0.0,1.0,1.0
182,09,112079.07518846024,19105.065899170324,0.23724825734393062,0.2894244051867311,0.0603999014369767,0.0603999014369767,1.0,1.0
183,09,128883.38384501798,25813.853719619387,0.12168299942222628,0.14892182555575598,0.1608370476694115,0.1608370476694115,1.0,1.0
184,09,99187.67990043291,18030.36143570608,0.29606839568423865,0.35605153620522983,0.0949150854746064,0.0949150854746064,1.0,1.0
185,09,128520.14851596612,23560.62844935591,0.1504033196799804,0.18114663369877182,0.0,0.0,1.0,1.0
186,09,105789.48165397561,19578.30399256926,0.2457632383763953,0.2981489903605452,0.1736623849499342,0.1736623849499342,1.0,1.0
187,09,116216.68648782495,20118.184508180606,0.18448043178034576,0.234024362955714,0.0466562755139909,0.0466562755139909,1.0,1.0
188,09,140724.90946095824,26710.26995910336,0.09472814107672901,0.1210939408459577,0.0477234972115546,0.0477234972115546,1.0,1.0
189,09,116188.67284136201,22424.578206362614,0.1601403179498629,0.20255541230970603,0.0369764495232203,0.0369764495232203,1.0,1.0
190,09,119855.20961967098,21867.87303296343,0.17340150253661196,0.2167036738677941,0.0,0.0,1.0,1.0
191,09,148987.95061047006,24488.049841168548,0.09432481782180827,0.12235779367405142,0.2242851441658765,0.2242851441658765,1.0,1.0
192,09,114083.98315146634,18597.614107762205,0.24192342549121892,0.29603526347204895,0.148206759507059,0.148206759507059,1.0,1.0
193,09,116759.30749257052,20997.28690751988,0.1810815850477996,0.22523646795793734,0.0446747712168992,0.0446747712168992,1.0,1.0
194,09,128344.93678896817,21223.559552459694,0.14914434333504267,0.1923926788008965,0.0779560274684055,0.0779560274684055,1.0,1.0
195,09,125778.18609787323,21001.548615969325,0.19038346286044058,0.23330759273760238,0.0,0.0,1.0,1.0
196,09,137477.8847509131,24690.511639634686,0.07768146242291121,0.10665670316171183,0.2216876311569018,0.2216876311569018,1.0,1.0
197,09,137179.20291642542,24499.000736330287,0.09120806222674548,0.12232713274515364,0.1962679964509586,0.1962679964509586,1.0,1.0
198,09,121180.3749441709,19412.731450370586,0.20016666836225272,0.2535333356811352,0.1041246914549371,0.1041246914549371,1.0,1.0
199,09,119014.4177437089,20862.277513420097,0.16753221818919362,0.21022472418459415,0.0995088716707858,0.0995088716707858,1.0,1.0
200,09,135732.23984284617,27610.271159307027,0.10417417625735095,0.12687357016122094,0.3482862614604474,0.3482862614604475,1.0,1.0
201,09,121325.88054553446,22971.862948789218,0.15800297405734015,0.19676553768546381,0.0462963653586532,0.0462963653586532,1.0,1.0
202,09,114861.65392366711,21251.700064045646,0.18216955947073438,0.22678576112371104,0.0341247783711012,0.0341247783711012,1.0,1.0
203,10,101031.91015532058,19527.741511423956,0.22813129333785986,0.27595330898753617,0.0592855416936909,0.0592855416936909,1.0,1.0
204,10,106445.3006360247,20211.546749819707,0.179713756965106,0.2301119732224026,0.0,0.0,1.0,1.0
206,10,104293.3791004474,20466.61756249448,0.18262867679947042,0.22678701447862143,0.1384843935369399,0.1384843935369399,1.0,1.0
207,10,95337.55604919636,17326.43360363806,0.28722176073360906,0.3479910228686358,0.0936871110560697,0.0936871110560697,1.0,1.0
208,10,90718.80082358455,17807.79218924297,0.2907789153505147,0.34772685120003377,0.0,0.0,1.0,1.0
209,10,97935.9413952101,18541.798887374778,0.25810279859909757,0.31140232358906517,0.0,0.0,1.0,1.0
210,10,93709.89358406505,18661.53587349974,0.27152916870495525,0.32530064790760105,0.0,0.0,1.0,1.0
211,10,102781.30590500229,19715.78283955295,0.2418013451406138,0.29564422750250247,0.0,0.0,1.0,1.0
212,10,104548.77405033846,20366.64051135061,0.19797255591120133,0.24410287324787588,0.0232085077166919,0.0232085077166919,1.0,1.0
213,10,100532.2109375,20267.37109375,0.22404766082763672,0.26990431547164917,0.3842258170267123,0.3842258170267123,1.0,1.0
215,10,102932.03754393106,19686.057482090866,0.22254581050105157,0.2679085515533888,0.0312317388763669,0.0312317388763669,1.0,1.0
216,10,136951.3152003914,26548.43064223804,0.09164944540858655,0.11920921936763834,0.0889833282992246,0.0889833282992246,1.0,1.0
217,10,107718.05941287568,18011.43687919338,0.25190715934520447,0.306038006888662,0.0439544240041768,0.0439544240041768,1.0,1.0
218,10,111645.75087779577,18410.266988135343,0.23598698453624367,0.2890674031822606,0.1288317396795197,0.1288317396795197,1.0,1.0
219,10,102688.69595011098,18301.33078711269,0.24944816462664215,0.3050665918424666,0.0321685607669265,0.0321685607669265,1.0,1.0
220,10,101391.21880114952,17588.906904389343,0.277124480443805,0.3270386596878504,0.0,0.0,1.0,1.0
221,10,116373.32398165904,21714.811205849353,0.1765295418903213,0.21531862389246054,0.1681698545978606,0.1681698545978606,1.0,1.0
222,10,100938.1261052521,19375.86139689057,0.22755020345178592,0.27492798553794295,0.1860858547303285,0.1860858547303285,1.0,1.0
223,10,96993.59296802396,18242.348872138045,0.273020262901284,0.32285890441500864,0.0,0.0,1.0,1.0
224,10,112125.3257015965,20937.34079731674,0.20898988590765732,0.2527568415187909,0.110741006286803,0.110741006286803,1.0,1.0
225,10,97746.79462698771,18953.14670679347,0.23968977785353862,0.28908964361864703,0.0,0.0,1.0,1.0
226,10,103579.37133589774,20193.814146803204,0.15879184460026716,0.20616214180734954,0.0789171840471429,0.0789171840471429,1.0,1.0
227,10,95672.84666203562,16869.752909481722,0.25354441718320353,0.3099959543160077,0.0,0.0,1.0,1.0
228,10,96764.11462655215,16632.017636637043,0.2955334550843751,0.35235714855353717,0.0,0.0,1.0,1.0
229,10,105041.32895957393,17925.29182585966,0.2503239250424088,0.30334786385317986,0.0145710579304381,0.0145710579304381,1.0,1.0
230,10,132432.46226321513,23383.617685026402,0.12610745336329549,0.16124604186538902,0.020066889632107,0.020066889632107,1.0,1.0
231,10,109246.48304730323,17865.715749772033,0.2463820620648764,0.29835773113705827,0.0,0.0,1.0,1.0
232,10,110883.70230235568,19580.396970287846,0.1934959501397926,0.24146600984602717,0.0487540957695791,0.0487540957695791,1.0,1.0
233,10,122014.1328125,20029.25,0.17283058166503906,0.21460361778736115,0.2347379176770219,0.2347379176770219,1.0,1.0
234,10,116172.42047269778,20022.747756724875,0.1830096222872892,0.23109405269731984,0.0576250978925344,0.0576250978925344,1.0,1.0
235,10,111718.91941312556,18231.966264811526,0.2405529471386653,0.2926029976701479,0.095949403429961,0.095949403429961,1.0,1.0
236,10,123748.27104487241,21095.91793598839,0.1495473953649032,0.19059270554397015,0.0121715746706074,0.0121715746706074,1.0,1.0
237,10,107817.1748022086,17643.899325201066,0.23012571141649524,0.28511654444678186,0.2361500888305446,0.2361500888305446,1.0,1.0
238,10,102145.6484375,17875.00390625,0.2559007406234741,0.30686724185943604,0.3989183461429957,0.3989183461429957,1.0,1.0
239,10,114232.09592196238,18929.824655095657,0.21524431446729256,0.26692824692434314,0.0,0.0,1.0,1.0
242,11,130160.24497576457,28293.392945452433,0.057052932636352346,0.09189606140645948,0.0,0.0,1.0,1.0
243,11,136820.39486311266,32824.057813937274,0.039583156940331016,0.04948840096408036,0.0,0.0,1.0,1.0
244,11,141386.6702923195,35502.65339253879,0.02885587750850839,0.037807205069358654,0.0480295868132945,0.0480295868132945,1.0,1.0
246,12,119232.46799582301,32205.416484568377,0.03878506460217851,0.05189834545265035,0.2392668842580969,0.2392668842580969,1.0,1.0
248,12,150357.61188489746,36204.44926614646,0.0481904358926218,0.061602162613183235,0.0,0.0,1.0,1.0
250,12,136867.6420230395,31395.7393810953,0.03886714390962743,0.05510907144294989,0.0,0.0,1.0,1.0
251,12,124904.91792054912,30481.838919310885,0.05526177755516391,0.0745330586579214,0.0,0.0,1.0,1.0
253,12,119049.32109058081,30189.769785395973,0.06293082543822567,0.08596572714960635,0.0,0.0,1.0,1.0
254,12,105855.04522239907,25094.927350882987,0.12195541154645144,0.14651625312789596,0.0,0.0,1.0,1.0
259,12,113500.00099878584,26620.2366461176,0.13154473917796,0.16265657447459997,0.0,0.0,1.0,1.0
261,13,93475.2412058341,17435.21327746215,0.2924076508747522,0.3617373983206033,0.0,0.0,1.0,1.0
262,13,123003.35101358924,28831.562271337934,0.04817858864814923,0.06882532657228999,0.0792462987886943,0.0792462987886943,1.0,1.0
263,13,114715.546875,20194.875,0.17571017146110535,0.23174655437469485,0.1798746240533391,0.1798746240533391,1.0,1.0
265,13,132782.78037208173,29321.825875117393,0.03976046060224419,0.054116990179326176,0.2042361360293931,0.2042361360293931,1.0,1.0
266,13,100022.6953125,20696.970703125,0.1161024272441864,0.1681857705116272,0.5779857578840285,0.5779857578840285,1.0,1.0
270,13,140165.61922126828,32101.55425942314,0.0371929666689255,0.055580752443629776,0.1299385570824524,0.1299385570824524,1.0,1.0
271,13,105764.2714433013,22124.680943788524,0.13196250958512706,0.17629997761807983,0.0,0.0,1.0,1.0
275,14,100301.22529073911,20035.803985670715,0.13931773541574455,0.1837595030829653,0.0980401119936003,0.0980401119936003,1.0,1.0
276,14,99922.92745913313,20165.100660504504,0.12623661528251118,0.16463417855265236,0.0488327066799706,0.0488327066799706,1.0,1.0
277,14,129561.92008774543,26935.764700607364,0.07303211254133612,0.09624431576445333,0.2793062839122204,0.2793062839122204,0.637992357030228,0.637992357030228
278,14,129561.92008774543,26935.764700607364,0.07303211254133612,0.09624431576445333,0.2793062839122204,0.2793062839122204,0.3620076429697719,0.637992357030228
281,15,123552.0829281747,27251.06664470455,0.09113031279797505,0.11298768186526807,0.0,0.0,1.0,1.0
282,15,123203.70799802146,26249.70952692361,0.11268646287996414,0.13848279628899018,0.0,0.0,1.0,1.0
283,15,161091.02323700368,34242.58988861817,0.019915937683252453,0.028662396870390683,0.0189036517407243,0.0189036517407243,1.0,1.0
284,15,129543.0426896804,28073.726652451045,0.05656758235721924,0.07960170722259508,0.0,0.0,1.0,1.0
285,15,134713.53308924,28372.06521567273,0.04471266257676906,0.06020353530352141,0.0,0.0,1.0,1.0
286,15,145857.21771230295,31894.692555904057,0.028788050835993784,0.04257463161217616,1.1102230246251563e-16,1.1102230246251563e-16,1.0,1.0
294,17,99613.3150423507,18395.908354099724,0.297648138672135,0.34506771987496965,0.0,0.0,1.0,1.0
296,17,98501.299624826,16754.68951615242,0.3286039793813551,0.3918470466182564,0.0,0.0,1.0,1.0
297,17,103560.8046875,19715.671875,0.22258448600769043,0.27896618843078613,0.3246346968676988,0.3246346968676988,1.0,1.0
298,17,113085.3125,24936.947265625,0.1253068596124649,0.1570071578025818,0.6091775562716757,0.6091775562716757,1.0,1.0
300,18,112905.56599432344,25467.838689343003,0.10398259557595288,0.14111776450460414,0.2136291658324384,0.2136291658324384,1.0,1.0
301,18,93035.97099658633,20235.050287774826,0.23421011809497294,0.28127584671151945,0.2223553148978159,0.2223553148978159,1.0,1.0
302,18,97248.46375659725,20228.751557808293,0.2619283157120229,0.3032624520389581,0.4997682200750387,0.4997682200750387,1.0,1.0
303,18,106050.92814259708,23509.63664199029,0.14345985161081487,0.18445053619673593,0.2136230684139447,0.2136230684139447,1.0,1.0
304,18,117359.5546875,26614.953125,0.09977015852928162,0.12896910309791565,0.6021173838303912,0.602117383830391,1.0,1.0
305,18,107289.43632093136,23293.73616016096,0.16435065479381217,0.20569656725955007,0.2773222491029243,0.2773222491029242,1.0,1.0
306,18,118222.04113680366,27022.985310569875,0.10122154807496028,0.1277820784674878,0.109603382323334,0.109603382323334,1.0,1.0
307,18,108334.20827784725,24159.438062010206,0.13849016133589262,0.1807325677891452,0.0,0.0,1.0,1.0
308,18,110149.0068074614,24724.192188048204,0.11435081212016472,0.1389031221216747,0.2031065548306927,0.2031065548306927,1.0,1.0
309,18,120115.9507941948,26093.798591137314,0.12408147328855322,0.15389729297710225,0.4029568298311947,0.4029568298311947,1.0,1.0
310,18,124066.25842472569,27509.353567841943,0.11805867478772912,0.14495287776181157,0.2642883518647684,0.2642883518647684,1.0,1.0
311,18,142184.67760627295,35360.098929893946,0.061556014708540156,0.0832994610944105,0.2183912222060746,0.2183912222060746,1.0,1.0
312,18,123771.24607240924,29250.88779713677,0.07660414305993736,0.0973012390872817,0.1641969038787669,0.1641969038787669,1.0,1.0
313,18,127013.55177833741,31212.069942314294,0.06558107051310948,0.09404799613897244,0.1597568961283457,0.1597568961283457,1.0,1.0
314,18,108611.61884796189,22975.61248821485,0.14324232707578421,0.1802981692892511,0.1995733229467272,0.1995733229467272,1.0,1.0
315,18,125648.56964920204,26093.368896610235,0.10044707141596355,0.12049466073052112,0.0997935636672053,0.0997935636672053,1.0,1.0
316,18,89331.5,17179.134765625,0.40384614467620855,0.47596153616905207,0.3711675500215556,0.3711675500215555,1.0,1.0
319,18,116157.95814856271,26862.34082455133,0.11056963709915507,0.1393456659972525,0.2426099626627811,0.2426099626627811,1.0,1.0
320,18,95880.40625,24094.441406250004,0.09654178470373155,0.14005763828754425,0.6248408184056372,0.6248408184056371,1.0,1.0
321,18,108175.49222773626,23532.108794609867,0.11862689488809056,0.147547365750516,0.7695548969759961,0.7695548969759962,1.0,1.0
322,18,145521.5833421734,35467.19638471289,0.03808824727465677,0.05203021258449411,0.0620523793865253,0.0620523793865253,1.0,1.0
323,18,119205.14251827524,26218.308754332786,0.11323367165346108,0.14488531884656522,0.607905233893388,0.6079052338933881,1.0,1.0
325,18,109358.53832023349,24468.96634039953,0.1500906639484361,0.18779195970726914,0.1982917072115904,0.1982917072115904,1.0,1.0
326,18,105417.1133221632,23283.250020396445,0.12380047377668756,0.15875245377216649,0.136051524990685,0.136051524990685,1.0,1.0
327,19,116695.17679398273,26436.432761686647,0.08981068947567625,0.11689611534308991,0.6124925488476856,0.6124925488476856,0.4070666560794133,0.5929333439205866
328,19,116695.17679398273,26436.432761686647,0.08981068947567625,0.11689611534308991,0.6124925488476856,0.6124925488476856,0.5929333439205866,0.5929333439205866
329,19,113423.08182571956,27679.518714885642,0.11080404192536922,0.14011432316586767,0.4010689829114753,0.4010689829114754,1.0,1.0
330,19,96866.46762484127,20259.305784718872,0.2605227442475537,0.3070891604155798,0.0933555661075344,0.0933555661075344,1.0,1.0
331,19,102011.33725888844,25543.405648750882,0.12202849956937864,0.15150167186847305,0.0868829217715143,0.0868829217715143,1.0,1.0
333,19,95161.58746751648,20589.584921836547,0.22166366803222476,0.2596250129409317,0.6373578202774057,0.6373578202774057,1.0,1.0
334,19,105266.99710019436,25555.359933427106,0.18610190288862624,0.21625427087657928,0.6082216407682313,0.6082216407682313,1.0,1.0
336,19,94075.39502639118,23121.519101743772,0.1455254029297559,0.18313087814453383,0.4111280147726727,0.4111280147726728,1.0,1.0
337,19,109112.9862652229,27314.283314031683,0.06785315054367932,0.09125727434797037,0.4354130256611728,0.4354130256611729,1.0,1.0
338,19,115965.73301141821,28664.025874307103,0.0751003825948201,0.09831181751341929,0.3692277985566354,0.3692277985566354,1.0,1.0
339,19,104940.85925110456,23805.646730030585,0.19190908416758992,0.22168772813224336,0.4446764718637102,0.4446764718637102,1.0,1.0
340,19,105534.63546303866,21296.417938355098,0.25430367930601244,0.2860106642902567,0.5548733773713281,0.5548733773713281,1.0,1.0
344,19,104668.76851820578,23596.52021025279,0.14450140547272985,0.17544027474035864,0.1704073415010114,0.1704073415010114,1.0,1.0
345,19,106765.45688524215,23565.460155189525,0.16129059393470335,0.1943533292584834,0.2467885017057129,0.2467885017057129,1.0,1.0
346,20,102495.76115411226,19591.067380932393,0.21695423850294793,0.2525255599422046,0.0755274867231233,0.0755274867231233,1.0,1.0
347,20,99856.0546875,18087.29296875,0.26657935976982117,0.31786081194877625,0.2060075610763414,0.2060075610763414,1.0,1.0
348,20,111620.43360125,19709.84467515625,0.2042160202109814,0.24855739898681645,0.2035172677456352,0.2035172677456352,1.0,1.0
349,20,125053.46875,22358.767578125,0.18066355586051938,0.21937936544418335,0.4494241049109719,0.4494241049109718,1.0,1.0
350,20,113032.94196927942,20898.539216513243,0.1924980546849565,0.2319361609730889,0.0,0.0,1.0,1.0
351,20,118314.796875,22175.361328125,0.16507333517074585,0.2017667144536972,0.2474270013505331,0.2474270013505332,1.0,1.0
352,20,96012.9700240962,18584.17909631315,0.27111768616220355,0.31484032719713717,0.306502323600516,0.306502323600516,1.0,1.0
353,20,101806.4609375,21393.1640625,0.23643088340759277,0.2693943381309509,0.3210095982936367,0.3210095982936367,1.0,1.0
354,20,121680.70717613288,23415.648807804402,0.1295610651961778,0.16419545979822042,0.2258493688132612,0.2258493688132612,1.0,1.0
355,20,141180.89017987347,27271.566366808638,0.08200223931166156,0.10332921866783731,0.3436263526235101,0.3436263526235101,1.0,1.0
357,20,153401.51474027033,32453.809060393556,0.05391679270335104,0.06941651628521416,0.2412303240804304,0.2412303240804304,1.0,1.0
358,20,113314.3569499193,20536.47226784844,0.21295735364675242,0.25441461209389826,0.3338053034694229,0.3338053034694229,1.0,1.0
359,20,100140.078125,19755.525390625,0.26501035690307617,0.2985802888870239,0.4797138339311195,0.4797138339311195,1.0,1.0
360,20,140350.75,25594.990234375,0.09446404129266739,0.12263686209917067,0.4824359714791124,0.4824359714791124,1.0,1.0
361,20,125391.7421875,24684.90234375,0.11071719974279404,0.13793806731700897,0.7880894129441111,0.788089412944111,1.0,1.0
362,20,116560.16216621172,23989.603997424205,0.15794939057416202,0.18344344518088385,0.2824524828672181,0.2824524828672181,1.0,1.0
363,20,110125.55626972188,22141.505388437035,0.18459540860522555,0.2124239851801478,0.0774694373300239,0.0774694373300239,1.0,1.0
364,20,143706.94764590476,30165.526597800334,0.045574901789479004,0.06208623537434901,0.129523158108221,0.129523158108221,1.0,1.0
365,20,107873.3828125,23561.302734374996,0.1476570963859558,0.17381039261817932,0.1910097372282246,0.1910097372282246,1.0,1.0
366,20,122922.5546875,24220.173828125,0.12591652572155,0.15371660888195038,0.2123046664925247,0.2123046664925246,1.0,1.0
368,20,106975.2937786488,22668.102449937694,0.20337391047729156,0.24255696341987187,0.4216681801920801,0.4216681801920801,1.0,1.0
369,20,147558.08877694426,32538.180027886192,0.08021161921867372,0.09718899735108834,0.2710727895310458,0.2710727895310458,1.0,1.0
370,21,106166.89346859256,24894.05867615515,0.16617625230167915,0.18986243048978393,0.2065818399840118,0.2065818399840118,1.0,1.0
371,21,112398.25895901171,25678.101765749998,0.1615054136844193,0.18526992295518147,0.0607315121233751,0.0607315121233751,1.0,1.0
372,21,117293.23419986496,28172.92645964529,0.1461646705223642,0.17023184935868388,0.0352718172759524,0.0352718172759524,1.0,1.0
375,21,104380.7094465973,23985.8193160992,0.22615217921745828,0.25337380812628274,0.1569317827067995,0.1569317827067995,1.0,1.0
376,21,128232.234375,29823.2890625,0.08667489141225815,0.11227637529373169,0.3942383460517584,0.3942383460517584,1.0,1.0
377,21,114859.53047884515,25332.12131543157,0.17828062377710918,0.20766166243893885,0.0,0.0,1.0,1.0
378,21,100873.92765442713,19733.105561374934,0.3070258715052013,0.3558459883193139,0.042456332935137,0.042456332935137,1.0,1.0
379,21,96834.0126972999,19637.796339056178,0.30196184578144997,0.34587673964957544,0.0,0.0,1.0,1.0
383,21,105493.02103041255,24543.650455371906,0.2186997639680257,0.25108411921143287,0.0943100777832621,0.0943100777832621,1.0,1.0
384,21,119307.63944757193,27673.338266726587,0.19327897673971714,0.22734874904731892,0.5306904999370601,0.5306904999370601,1.0,1.0
385,21,122873.00733358429,28028.257830781513,0.13095959216225947,0.1569939184792709,0.6730793348215406,0.6730793348215406,1.0,1.0
386,21,143573.44252426497,35472.82826678237,0.0724357587201594,0.09044898960626277,0.0499190272946262,0.0499190272946262,1.0,1.0
387,21,105157.47827998712,23313.244342824193,0.18564533663597532,0.21918836983370174,0.0402936624768806,0.0402936624768806,1.0,1.0
388,21,124936.84711844899,31443.022277634293,0.10550619058288611,0.12734485601977608,0.1857276227504911,0.1857276227504911,1.0,1.0
389,21,103858.04313880549,24702.744652885747,0.1684505305792829,0.2033363617900715,0.2081623411541619,0.2081623411541618,1.0,1.0
390,21,83874.83136344842,20611.130635423513,0.19353148803462983,0.25178385620526395,0.3265955533419111,0.3265955533419111,1.0,1.0
392,21,96882.74187669938,23334.58753046194,0.19847022042506365,0.23038464759183047,0.101559840611922,0.101559840611922,1.0,1.0
393,21,105978.63134053058,25770.934458097134,0.15897156463193968,0.1843522268097293,0.1126400210759901,0.1126400210759901,1.0,1.0
395,21,99572.53084786687,23559.99847669278,0.22687473384629295,0.2549747625466285,0.1151516145163009,0.1151516145163009,1.0,1.0
396,21,113664.03714093266,26699.48273973305,0.15877962851907795,0.18254862282176984,0.2718792101574514,0.2718792101574514,1.0,1.0
397,21,108026.95394466202,25747.375903666132,0.18465323983604204,0.21041502107454896,0.2474978601997146,0.2474978601997146,1.0,1.0
398,21,119099.19214962654,29527.589934665142,0.12597016389138288,0.14785262931083132,0.1200473981845433,0.1200473981845433,1.0,1.0
399,21,96949.25526357672,24280.644523720955,0.23295308294965905,0.26301399740947645,0.1357817800032306,0.1357817800032306,1.0,1.0
400,22,120713.53138801834,27058.4741141735,0.12869808926948118,0.15206804726361245,0.0221725385900564,0.0221725385900564,1.0,1.0
401,22,124959.79816858472,27377.360113056973,0.13248194019764745,0.15483948210855641,0.0451134319387784,0.0451134319387784,1.0,1.0
402,22,108911.96942041728,24987.473824256936,0.19972772272062544,0.22955285827370525,0.2717522897147067,0.2717522897147068,1.0,1.0
403,22,111971.71670300205,25650.869918205088,0.1673067547815311,0.19409828037040483,0.0,0.0,1.0,1.0
404,22,126180.64278413117,28512.182723505266,0.12715259229807066,0.1514904868043011,0.0390687669452598,0.0390687669452598,1.0,1.0
405,22,96969.65476449995,21543.605101306213,0.25692307425309824,0.28993225229419645,0.0,0.0,1.0,1.0
406,22,125412.56183769731,27849.955847103705,0.15576574963202128,0.18266491164482423,0.1524747378175239,0.1524747378175239,1.0,1.0
407,22,96279.81184215701,21941.720981383016,0.24708501353141227,0.28214458421821537,0.0,0.0,1.0,1.0
408,22,107339.37332060147,24820.546163670948,0.16974096859639276,0.20090273761990127,0.0,0.0,1.0,1.0
409,22,129597.54301794346,29150.007102066753,0.11185059898342782,0.13495000967141302,0.0,0.0,1.0,1.0
410,22,129894.43376254597,28744.609381822247,0.11301180234044118,0.13566518086782006,0.1374438831542606,0.1374438831542606,1.0,1.0
411,22,103019.37209196476,23853.18663215396,0.19769207213977574,0.22926006748108052,0.0,0.0,1.0,1.0
412,22,106445.31170096755,24128.8076856684,0.1669798788292045,0.19873679929022797,0.0891986996883273,0.0891986996883273,1.0,1.0
413,22,119108.07962427617,29505.71207618045,0.10555332593988756,0.12907763865829297,0.0,0.0,1.0,1.0
414,22,118045.87527362767,27588.652859330425,0.13944444239379986,0.1662327723649104,0.0,0.0,1.0,1.0
416,22,116341.48003551601,29262.80525811621,0.13844198525542203,0.1654762791402781,0.0,0.0,1.0,1.0
417,22,95409.1611291174,24013.748256044135,0.21165170449360804,0.24095267400548265,0.0,0.0,1.0,1.0
418,23,99096.90979659789,24299.567341203616,0.18941734650717315,0.2292356738915477,0.0,0.0,1.0,1.0
419,23,121557.8618292522,22180.63347464446,0.14116980389832157,0.18080974872522895,0.0682031705004867,0.0682031705004867,1.0,1.0
420,23,118897.0591983956,22707.399124979984,0.1547679253838643,0.19301278888613557,0.0173056578321267,0.0173056578321267,1.0,1.0
421,23,143194.7328195386,28718.201869820594,0.07137562861874075,0.09378085959412244,0.053510306235241,0.053510306235241,1.0,1.0
422,23,113763.58203450382,22459.834874045606,0.14835756416308246,0.18412640662281154,0.0566484597377763,0.0566484597377763,1.0,1.0
423,23,123325.57139295372,26069.230171410938,0.10638522525619612,0.13474471497422238,0.1207015025911997,0.1207015025911997,1.0,1.0
424,23,106968.12123686959,24346.418563298124,0.18296468968442428,0.2150468962292021,0.0,0.0,1.0,1.0
425,23,118865.57846321489,25221.615709281727,0.1474461736767831,0.17771317369100997,0.1469840808388636,0.1469840808388636,1.0,1.0
426,23,112525.3591090895,29923.494433480973,0.12006007509018295,0.14737922303805104,0.2262017792316592,0.2262017792316591,1.0,1.0
427,23,111865.27880979223,24029.581817250062,0.14700488259891503,0.1786377255372106,0.1268757160029119,0.1268757160029119,1.0,1.0
428,23,108106.02350850184,24192.038881873334,0.16220694269328384,0.19015506610265132,0.1365056783772416,0.1365056783772416,0.55176385350073,0.55176385350073
452,23,108106.02350850184,24192.038881873334,0.16220694269328384,0.19015506610265132,0.1365056783772416,0.1365056783772416,0.4482361464992699,0.55176385350073
429,23,119303.8297689883,24628.21037516592,0.1554297373018257,0.1831840545447236,0.0285381246074137,0.0285381246074137,1.0,1.0
430,23,119267.47467627266,26996.472501073597,0.15037717400612247,0.17976017624033422,0.0110110287150851,0.0110110287150851,1.0,1.0
431,23,106321.08475814876,25900.764645420182,0.17613184959702224,0.19652094167432949,0.1567882472137791,0.1567882472137791,1.0,1.0
432,23,126954.38098864243,26116.486511494262,0.11751499922031555,0.14596592078094311,0.1027402846307548,0.1027402846307548,1.0,1.0
433,23,122246.79040520213,30453.779491785936,0.08792168667937478,0.11113592596499963,0.0258569761242632,0.0258569761242632,1.0,1.0
434,23,125092.04027387913,29393.414858673696,0.10459407350549152,0.12742449100009537,0.0317877234595379,0.0317877234595379,0.512855849440968,0.512855849440968
438,23,125092.04027387913,29393.414858673696,0.10459407350549152,0.12742449100009537,0.0317877234595379,0.0317877234595379,0.487144150559032,0.512855849440968
435,23,129775.49073506886,28936.702946233014,0.07694469675051988,0.10192157638724088,0.0097636974742464,0.0097636974742464,1.0,1.0
436,23,113938.45945139829,22784.830069801457,0.15346975910289407,0.18764434326006332,0.0,0.0,1.0,1.0
437,23,123336.43474748536,25720.436274733685,0.11872101129395117,0.14582529480919784,0.1821170137174909,0.1821170137174909,1.0,1.0
439,23,145739.92273327464,32984.81877001377,0.04950676189884874,0.06485561144805038,0.0980784764566098,0.0980784764566098,1.0,1.0
440,23,108485.4551646302,21588.29473468564,0.1825313355452002,0.2218755723477029,0.1325521321305244,0.1325521321305244,1.0,1.0
441,23,114265.94007513793,23926.90388607531,0.18216511720170014,0.21307209376895203,0.0829817365694935,0.0829817365694935,1.0,1.0
442,23,110609.52393840702,24409.118751307244,0.1621635054945715,0.19388303620834405,0.0747711217295998,0.0747711217295998,1.0,1.0
443,23,115751.161465965,23882.97966058547,0.16033867708376967,0.19185740080892857,0.0213710698490656,0.0213710698490656,1.0,1.0
444,23,145155.27335222496,32414.762374386533,0.06059997476047617,0.07895253643723456,0.0,0.0,1.0,1.0
445,23,120618.49869345117,25224.755229839902,0.11872475062399325,0.14784303443201618,0.042364627186451,0.042364627186451,1.0,1.0
446,23,108855.97995544314,23362.097249681763,0.13875848547648287,0.16831933573566896,0.1376913570074976,0.1376913570074976,1.0,1.0
447,23,129435.68061586833,28443.916394669024,0.08470882864522658,0.10518068522984195,0.0507874792577089,0.0507874792577089,1.0,1.0
448,23,114282.74991144473,25133.785060036946,0.14916326951509304,0.18374169170796553,0.0,0.0,1.0,1.0
449,23,127030.26068001801,26945.221210906133,0.098480548949058,0.12238100162030575,0.1665162339160893,0.1665162339160893,1.0,1.0
450,23,121465.71030886682,26477.752288585263,0.12009097288402046,0.14209287134719528,0.0,0.0,1.0,1.0
451,23,132824.81125402622,29574.228691127526,0.09263390127439125,0.115373474439576,0.0843785632839224,0.0843785632839224,1.0,1.0
453,23,104918.44703681965,25529.936129585294,0.16018044570907813,0.18475290895471094,0.0,0.0,1.0,1.0
454,23,118193.52685863135,28365.714531851,0.11076301914356135,0.13384527679675481,0.3050564947883462,0.3050564947883462,1.0,1.0
455,23,117681.57104931767,27061.185532324507,0.10890454154694157,0.13389517406849538,0.1771041385003058,0.1771041385003058,1.0,1.0
456,23,122911.1734695814,29240.382498624236,0.0925608122811163,0.11362829943484404,0.1961376533040453,0.1961376533040453,1.0,1.0
457,23,122063.38039458031,26898.81522608652,0.15033568089229876,0.1758647997570344,0.2145733938958237,0.2145733938958237,1.0,1.0
458,23,115586.75535867414,23966.807875527204,0.15898811174731006,0.1914457451678146,0.0,0.0,1.0,1.0
459,23,106917.20413747733,22342.993804899077,0.17432585082206853,0.2111806695398164,0.0,0.0,1.0,1.0
460,23,123067.1435913489,27853.387322926643,0.12357304135614366,0.14676559475070108,0.3070442824491986,0.3070442824491987,0.5168992634891642,0.5168992634891642
461,23,123067.1435913489,27853.387322926643,0.12357304135614366,0.14676559475070108,0.3070442824491986,0.3070442824491987,0.4831007365108358,0.5168992634891642
462,23,107100.71355128675,25540.452640709067,0.1925369754325299,0.2165744564432383,0.0,0.0,1.0,1.0
463,23,134891.34375,29439.22265625,0.1290549486875534,0.15697504580020905,0.028789255068655,0.028789255068655,1.0,1.0
464,23,132467.68062237045,29758.874765454282,0.11910629420803494,0.13832237433948774,0.0,0.0,1.0,1.0
465,23,125509.34057561186,24408.040605803624,0.16588101791900312,0.19307299829800192,0.0986789080842415,0.0986789080842415,1.0,1.0
466,23,119500.68368514418,24708.14917647531,0.1683289282045503,0.19999146575452822,1.1102230246251563e-16,1.1102230246251563e-16,1.0,1.0
467,23,105793.91813792924,22274.184030309872,0.2264881518661515,0.26494861707642237,0.0,0.0,1.0,1.0
468,24,144790.75124133815,34199.13495156945,0.05143829521246921,0.06611186853491109,0.1275408868482639,0.1275408868482639,1.0,1.0
469,24,121589.87913512194,24797.47081970956,0.14931525069365661,0.17710142257274633,0.2945398455105263,0.2945398455105262,1.0,1.0
470,24,116801.35496442286,25796.057513375978,0.1545355559495783,0.18203881038638373,0.0346305869126692,0.0346305869126692,1.0,1.0
471,24,142820.57494052913,32033.625733955552,0.07711457080982692,0.09435245253150808,0.3057861684132756,0.3057861684132755,1.0,1.0
472,24,135221.35924982314,30583.41508756161,0.1252233674103782,0.1472114078511563,0.184763004508963,0.184763004508963,1.0,1.0
473,24,157953.95440082278,35179.33243664584,0.05879622405188081,0.07382319566314488,0.0879597487292446,0.0879597487292446,1.0,1.0
474,24,146484.61385074616,33121.49397717774,0.056980971404503575,0.07352540177425795,0.0158323034606197,0.0158323034606197,1.0,1.0
475,24,121917.21640601802,27263.3361814896,0.10439627484490266,0.13147213044094375,0.0240362556246931,0.0240362556246931,1.0,1.0
476,24,144999.73478168293,31934.976938498476,0.04585937177114565,0.05871436336786435,0.0612849754973916,0.0612849754973916,1.0,1.0
477,24,130936.48866083258,29545.606272349018,0.07620039370549499,0.09601789305853722,0.07106115450562,0.07106115450562,1.0,1.0
478,24,120255.60630452019,26107.35079003952,0.07754134230397944,0.10208889580602962,0.0,0.0,1.0,1.0
479,24,121642.7085393069,25693.96530720708,0.1143925447484505,0.14219872838524827,0.0890566320834234,0.0890566320834234,1.0,1.0
480,24,121139.87896494611,25199.38992784614,0.11239106199429087,0.14239086869852088,0.0267927114720601,0.0267927114720601,1.0,1.0
481,24,137183.32874607373,33503.31841939043,0.07628959317941152,0.09393248339734174,0.190013371098299,0.190013371098299,1.0,1.0
482,24,125136.64724285393,28332.416688921756,0.1431750722426936,0.16803413864907377,0.0637272889051272,0.0637272889051272,1.0,1.0
483,24,119207.18026732662,27941.40454642348,0.1613663169569715,0.1888298084589474,0.1446976656245404,0.1446976656245404,1.0,1.0
484,24,124254.32620983929,26628.7907786865,0.15490724572058348,0.1831037948610967,0.0561245060882187,0.0561245060882187,1.0,1.0
485,24,114358.7734294371,22258.15612900996,0.28398925895388183,0.3133077979584194,0.12017742987606,0.12017742987606,1.0,1.0
486,24,158015.52229093443,40043.85814430703,0.03707308432687644,0.047744729391312225,0.0571302433812846,0.0571302433812846,1.0,1.0
487,24,119159.76562500001,26995.865234375,0.13562971353530884,0.16706135869026184,0.4368211792086889,0.4368211792086889,1.0,1.0
488,24,125918.41925610344,28596.95447986809,0.11134290162694928,0.1347751563797537,0.3860530060442815,0.3860530060442815,1.0,1.0
490,24,138469.8947677495,33963.22334931345,0.06324413252382792,0.07715890013165452,0.144878121509421,0.144878121509421,1.0,1.0
491,24,147793.41378627726,39403.1578978317,0.02360592659688901,0.03131632911459811,0.298013693133449,0.298013693133449,1.0,1.0
492,24,138166.4598474426,31015.558886613435,0.042330227185432494,0.055690357702984056,0.0417956480773271,0.0417956480773271,1.0,1.0
493,24,119276.97998459275,26842.728216016614,0.1442224194527636,0.17168593314803532,0.1658510196635927,0.1658510196635927,1.0,1.0
495,25,158334.71875,37270.875,0.023427290841937065,0.03355422988533974,0.7212514163414329,0.7212514163414327,1.0,1.0
496,26,143275.5,35897.7421875,0.03399725630879402,0.04218830540776253,0.3881191817927083,0.3881191817927083,1.0,1.0
497,27,120683.84984558623,24535.340510683192,0.18920000618965455,0.21933355020508263,0.2784219200360107,0.2784219200360107,1.0,1.0
498,27,122737.21732291824,24733.648609548392,0.16374455558944226,0.19493300335274877,0.2076436511883663,0.2076436511883663,1.0,1.0
499,27,119304.19815580582,26286.98650452707,0.1363696970792726,0.16472030938613563,0.1692970415822914,0.1692970415822914,1.0,1.0
500,27,106744.62960162632,21967.29857593722,0.2158853995842433,0.25490454140953556,0.1366450460955435,0.1366450460955435,1.0,1.0
501,27,120678.47375199727,24560.217451148397,0.1672235234219215,0.19999813928254245,0.2319639981604493,0.2319639981604493,1.0,1.0
502,27,106014.60671252036,20932.16755429538,0.2240324152519338,0.26564333014038694,0.0,0.0,1.0,1.0
503,27,117146.00225201387,25010.70309294773,0.14576592488211215,0.1776054504587981,0.1138874776219117,0.1138874776219117,1.0,1.0
504,27,119314.40708211444,26840.59777700008,0.09577432328396294,0.11963484394425698,0.2507866761162296,0.2507866761162296,1.0,1.0
505,27,145765.698456076,31978.093947968744,0.051411000646969185,0.06523973384568502,0.1733245584204401,0.1733245584204401,1.0,1.0
506,27,124480.79214861746,27889.589454263565,0.0814301750427797,0.10447948436698279,0.3177337478777407,0.3177337478777408,1.0,1.0
507,27,129269.57821207806,27353.87775618655,0.09684661956770214,0.11844169047732228,0.3006949055017041,0.3006949055017041,1.0,1.0
508,27,122844.24835644814,28717.924768030935,0.0827234770916746,0.10464884650975612,0.2973744630738861,0.2973744630738861,1.0,1.0
509,27,127432.70774723291,29203.867024882144,0.0771487916929657,0.09641771134473584,0.3403475466159731,0.3403475466159731,1.0,1.0
510,27,116347.5347331604,24996.876755415124,0.1583348025585462,0.19124024162142825,0.2261043579151154,0.2261043579151154,1.0,1.0
511,27,117427.0611606123,22447.793351801007,0.16380703759025972,0.2026251878013244,0.1618211222696625,0.1618211222696625,1.0,1.0
512,27,109799.45975456407,20720.902150877635,0.22257987330239903,0.26514451091562097,0.0,0.0,1.0,1.0
513,27,112631.1090168394,21023.17316057962,0.20862991976237216,0.25124178137373543,0.1562830156228611,0.1562830156228611,1.0,1.0
514,27,120391.08308950988,23321.3473663983,0.15006406164035013,0.18353664804758818,0.0,0.0,1.0,1.0
515,27,140125.04719059367,28451.821451893466,0.08598270535608488,0.1092173102224352,0.1513310331631866,0.1513310331631866,1.0,1.0
516,27,134065.5188016315,29632.288147106585,0.12080657134173196,0.14245489223334476,0.1325327552107456,0.1325327552107456,1.0,1.0
517,27,139695.10055656248,34751.77632389401,0.04257332542757121,0.05655958382597459,0.0585843645525996,0.0585843645525996,1.0,1.0
518,27,136865.71875,31916.080078124996,0.06377142667770387,0.08325433731079103,0.0,0.0,0.752023910551468,0.752023910551468
519,27,136865.71875,31916.080078124996,0.06377142667770387,0.08325433731079103,0.0,0.0,0.247976089448532,0.752023910551468
520,27,160570.5465079056,38735.03331442613,0.04004375745450791,0.05024755921066386,0.6161895289091368,0.6161895289091368,1.0,1.0
521,27,163046.11586106484,39206.089506624325,0.023967265892426152,0.03265526081469878,0.0853831438476473,0.0853831438476473,1.0,1.0
522,27,133174.71659974466,28276.74637522217,0.08971483074590324,0.11122445885254754,0.1379757335223868,0.1379757335223868,1.0,1.0
523,27,112840.87917470475,22514.378657409972,0.16525507912428,0.20221977285118808,0.1331970958471549,0.1331970958471549,1.0,1.0
524,27,119893.95657886521,23294.888833785702,0.1499478809705897,0.18485029082210266,0.093414189254056,0.093414189254056,1.0,1.0
525,27,110026.51772196653,21720.888265355014,0.2305217036920982,0.2645728332593858,0.065363965316644,0.065363965316644,1.0,1.0
526,27,116330.04194503409,25927.297186743417,0.12350959052807456,0.15331874066968687,0.0620860258553589,0.0620860258553589,1.0,1.0
527,27,133756.99114043935,29515.481683479888,0.08050758495993557,0.10196058789179244,0.3619529504994933,0.3619529504994933,1.0,1.0
528,27,134664.05725048893,30994.5690322085,0.06442230407884499,0.08182159552602751,0.3412557873223041,0.3412557873223041,1.0,1.0
529,27,135423.8436500547,33617.861156809784,0.04339556249423748,0.0583764786206489,0.333785021400669,0.3337850214006691,1.0,1.0
530,27,134899.7868276562,30123.534862891953,0.062280196582644914,0.07946462047351985,0.198090420476598,0.198090420476598,1.0,1.0
531,27,127593.29911306339,28003.84281702299,0.08342821871697444,0.10473973190469141,0.0359126275270831,0.0359126275270831,1.0,1.0
532,28,114157.07809003144,26801.729107395964,0.055193285449903526,0.08195706594735339,0.3277619863756956,0.3277619863756956,1.0,1.0
533,28,123396.65847488081,29638.05419967306,0.0464032994463983,0.06241191842634659,0.1262472057487572,0.1262472057487572,0.3753559799528422,0.6246440200471578
551,28,123396.65847488081,29638.05419967306,0.0464032994463983,0.06241191842634659,0.1262472057487572,0.1262472057487572,0.6246440200471578,0.6246440200471578
534,28,129456.5538284275,30943.695746391193,0.018508168614155707,0.027083099918980398,0.1197434886593603,0.1197434886593603,1.0,1.0
535,28,155469.5129750512,35501.33327163026,0.025069493195868556,0.03103327583708471,0.3352723216064385,0.3352723216064385,1.0,1.0
536,28,170677.70811008348,39989.50355412899,0.012289247898435952,0.01594929564255314,0.0,0.0,1.0,1.0
537,28,155843.28298746407,38681.301462172705,0.011059125019001383,0.016039364861748524,0.1214369757569695,0.1214369757569695,1.0,1.0
538,28,135540.89754149585,29916.450187747305,0.042571837523680864,0.05696357525873186,0.4137194499845317,0.4137194499845317,1.0,1.0
539,28,129005.63648896948,32036.02773425112,0.024745314134944855,0.0362132869229458,0.3669681980718695,0.3669681980718694,1.0,1.0
540,28,131341.92717226746,32169.084242826117,0.017711064089193738,0.02618765342670632,0.2151505593384479,0.2151505593384479,1.0,1.0
541,28,123107.20548595744,32449.456026006323,0.02418537708006834,0.034458375865287376,0.2962444599953348,0.2962444599953348,1.0,1.0
543,28,113982.92408076,29523.230942348084,0.05422039690903116,0.073839958767247,0.3175158022533617,0.3175158022533616,1.0,1.0
544,28,138206.9538379817,36370.27935939923,0.012652672600622151,0.018912654724746552,0.1511816268010267,0.1511816268010267,1.0,1.0
545,28,122686.63193810802,33781.4694592566,0.02151967475397564,0.030340248139213575,0.1057549171519637,0.1057549171519637,1.0,1.0
546,28,116598.78424381629,31749.92796877938,0.02723396830345254,0.03701551670549827,0.0169206097601687,0.0169206097601687,1.0,1.0
547,28,122941.47195603974,33357.765004607085,0.019982942185037225,0.030032229828405435,0.1080394432812992,0.1080394432812992,1.0,1.0
548,28,120466.65240389075,30908.88726875714,0.02983851332428196,0.04056505439040932,0.0037967300322253,0.0037967300322253,1.0,1.0
549,28,117975.50140274213,30544.585954016322,0.037086500255400584,0.05090198208886689,0.3071103340144632,0.3071103340144632,1.0,1.0
550,28,127793.97617862264,33454.482163604494,0.03295904819530529,0.04399183257199966,0.108654081596959,0.108654081596959,1.0,1.0
552,28,126540.51132244752,30309.856183696935,0.0525531185602548,0.07124308004900516,0.1228440962475833,0.1228440962475833,1.0,1.0
553,28,139725.8214613137,33306.924407838946,0.029385245640807564,0.03976435241591183,0.1974143251200939,0.1974143251200939,0.4819790694279619,0.5180209305720381
554,28,139725.8214613137,33306.924407838946,0.029385245640807564,0.03976435241591183,0.1974143251200939,0.1974143251200939,0.5180209305720381,0.5180209305720381
555,29,130053.10752408493,30001.26102483011,0.06649892324887734,0.08634487633772621,0.1856257662886653,0.1856257662886653,1.0,1.0
556,29,106519.93571879908,22359.2652867598,0.15830576646833788,0.20231616767008823,0.1011196863406295,0.1011196863406295,1.0,1.0
557,29,118925.35965725839,27950.562116956724,0.10004576443088772,0.12857610729355903,0.0,0.0,1.0,1.0
558,29,103826.99137485723,19306.840330735067,0.22392784764731727,0.27243595873680304,0.625903857711667,0.625903857711667,1.0,1.0
559,29,116436.6176788521,25403.3444684193,0.13328248119360026,0.16270060461625757,0.068045551322734,0.068045551322734,1.0,1.0
560,29,111879.29705322214,23108.544097041373,0.14776214480350056,0.18288664576427238,0.1435576626844212,0.1435576626844212,1.0,1.0
561,29,105044.74888078237,23351.397766768983,0.14822891179736383,0.17956988280838143,0.1293114584678981,0.1293114584678981,1.0,1.0
562,29,131867.8750715185,29328.13418088969,0.08131218515800812,0.10293321371902642,0.0161185053628306,0.0161185053628306,1.0,1.0
563,29,119122.11974681637,27775.27527924081,0.07412194569107096,0.09300279698932681,0.4635460796551633,0.4635460796551633,1.0,1.0
564,29,110296.67893620316,23703.157006663045,0.14515112513901623,0.17970851863104192,0.2341849952602102,0.2341849952602102,1.0,1.0
565,29,126735.09397658367,28335.762552023873,0.09284737007315969,0.1235934529865227,0.1732680314570454,0.1732680314570454,1.0,1.0
566,29,128875.82181161598,29743.362648124727,0.07555249610773045,0.09446190092743996,0.1707659020492635,0.1707659020492635,1.0,1.0
567,29,125518.92085630233,27581.822971829446,0.0890033490217748,0.11189203225238724,0.0285019316068108,0.0285019316068108,1.0,1.0
568,29,122223.71383696467,28199.635871205257,0.058622570112467846,0.07715526066520557,0.1029472830260674,0.1029472830260674,1.0,1.0
569,29,151154.21334594887,36299.959461686405,0.04476317276416495,0.06017477330990242,0.3550938354933702,0.3550938354933702,0.2511459259766025,0.7488540740233974
575,29,151154.21334594887,36299.959461686405,0.04476317276416495,0.06017477330990242,0.3550938354933702,0.3550938354933702,0.7488540740233974,0.7488540740233974
570,29,129289.86155571518,31888.701119556,0.03473248997240745,0.047578713913485386,0.0302035840138951,0.0302035840138951,1.0,1.0
571,29,126317.56289925172,32070.85132697587,0.05068847452352811,0.06895879412609623,0.0519481603397219,0.0519481603397219,1.0,1.0
572,29,157862.63491898222,41391.67221158946,0.012837707089304026,0.017437292825619496,0.0174195400564849,0.0174195400564849,1.0,1.0
573,29,112052.04897102091,26961.199388086017,0.08616272561516586,0.10223485966811012,0.1720964321155006,0.1720964321155006,1.0,1.0
574,29,134242.2533565929,34792.783668659555,0.023543347491621788,0.03363079823090388,0.1564299042103392,0.1564299042103392,1.0,1.0
576,29,143933.9142090055,37566.073221141,0.020029634760025353,0.029154216285914122,0.5147305773694867,0.5147305773694868,1.0,1.0
577,29,141104.4158311229,34352.161159972,0.037410625588913865,0.0504700143418602,0.0576724347666196,0.0576724347666196,1.0,1.0
578,29,111085.10402090097,26558.99997953937,0.09151313398932054,0.11822282711976756,0.0,0.0,1.0,1.0
579,29,124627.29871793717,25950.031921469723,0.07768237822519344,0.10962228143686066,0.0548296872363266,0.0548296872363266,1.0,1.0
580,29,108973.00007045134,20704.215151236407,0.19888737019738112,0.2492069607469432,0.0588008718624959,0.0588008718624959,1.0,1.0
581,29,124697.10188492408,28834.61507910144,0.043453632208571,0.05763557829050529,0.0216904512438733,0.0216904512438733,1.0,1.0
582,29,118637.18755015117,27337.291409957015,0.06653174087063696,0.08710642188469327,0.3605234793806182,0.3605234793806182,1.0,1.0
583,29,116096.73741940044,28067.990091680436,0.08337163015728082,0.10281583737429434,0.0688759563004197,0.0688759563004197,1.0,1.0
584,29,111159.63731325175,26321.25249287898,0.06221864905587127,0.08181271342612326,0.2728012877251559,0.2728012877251559,1.0,1.0
585,30,179788.3341605926,45349.21029252438,0.001766456541944236,0.0030548192828375683,0.624096243822009,0.624096243822009,1.0,1.0
586,30,166175.42747393416,38692.40488868239,0.003505046815425486,0.007099919896469441,0.635523393106182,0.635523393106182,1.0,1.0
602,33,148703.22349962595,40378.54678163245,0.013778336208799485,0.018391596262592524,0.119181187574509,0.119181187574509,1.0,1.0
604,33,159812.57928994266,43212.05924668407,0.01102797298841788,0.014637795997917553,0.1706720465690909,0.1706720465690909,1.0,1.0
605,33,125197.63468937315,29674.833475888918,0.058253613872288564,0.07508835301236791,0.1447643254619454,0.1447643254619454,1.0,1.0
606,33,120067.09859299831,28117.78003832825,0.07141690154600593,0.09144082905618182,0.1398882704138844,0.1398882704138844,1.0,1.0
607,33,124227.60937202399,30206.900677968784,0.05144998907849339,0.0671171691380941,0.0,0.0,0.5570014153377979,0.5570014153377979
622,33,124227.60937202399,30206.900677968784,0.05144998907849339,0.0671171691380941,0.0,0.0,0.4429985846622021,0.5570014153377979
608,33,126143.22856130401,34291.7879225947,0.03103970072714131,0.04097100710956479,0.1302509425170842,0.1302509425170842,0.7181961965746745,0.7181961965746745
609,33,126143.22856130401,34291.7879225947,0.03103970072714131,0.04097100710956479,0.1302509425170842,0.1302509425170842,0.2818038034253254,0.7181961965746745
610,33,127152.92708968079,37040.79096180393,0.019855675076640496,0.025630873640059323,0.0479992676877586,0.0479992676877586,1.0,1.0
611,33,111275.26305998751,30128.71292435387,0.03838917179936848,0.05299119995630031,0.0249096188497779,0.0249096188497779,1.0,1.0
612,33,114168.35510768289,30110.329525888457,0.051188488540921104,0.06580272650564306,0.1332273154794316,0.1332273154794316,1.0,1.0
613,33,127142.63702220119,34798.06215946668,0.02672017373029628,0.035361174641253434,0.0883371651742049,0.0883371651742049,1.0,1.0
614,33,134624.5236293309,36051.48337879669,0.027747742427204455,0.03787139515738947,0.0691089083752044,0.0691089083752044,1.0,1.0
615,33,135168.93590332288,36458.195631767354,0.014024123469056429,0.019655622652870186,0.061263994600723,0.061263994600723,0.0499818926687942,0.9500181073312056
623,33,135168.93590332288,36458.195631767354,0.014024123469056429,0.019655622652870186,0.061263994600723,0.061263994600723,0.9500181073312056,0.9500181073312056
616,33,105573.34602436482,26138.716408249882,0.09992853578902157,0.1292144323020507,0.0,0.0,1.0,1.0
617,33,129976.23916792373,32106.744916131833,0.05029134101064401,0.06628407848865116,0.0897073958216833,0.0897073958216833,1.0,1.0
618,33,113495.21241554471,29162.174874170538,0.07417901855004548,0.09454639389512762,0.0259500197463689,0.0259500197463689,1.0,1.0
619,33,112279.64869991175,28338.97802276579,0.07941206946799094,0.10051586253970221,0.0,0.0,1.0,1.0
620,33,121437.63362844619,31896.07799948712,0.052852646809088424,0.0694106685752524,0.1330555030251633,0.1330555030251633,1.0,1.0
621,33,124435.58075116598,30702.969457991432,0.053534752984930385,0.0694519020792903,0.1236589390366488,0.1236589390366488,1.0,1.0
624,33,106295.10321824928,29398.451314336275,0.043541525054073105,0.059196605666946185,0.0,0.0,1.0,1.0
625,33,110855.38780553873,29688.790161917488,0.04523371367823255,0.060106789420450814,0.2783766198752628,0.2783766198752628,0.704729586426299,0.704729586426299
626,33,110855.38780553873,29688.790161917488,0.04523371367823255,0.060106789420450814,0.2783766198752628,0.2783766198752628,0.2952704135737009,0.704729586426299
627,33,128223.52157524113,33601.503797319485,0.032680507759165804,0.04166971543259676,0.1527231917810406,0.1527231917810406,1.0,1.0
628,33,115140.79005603718,30146.169157555883,0.03958938722241974,0.05385212074476388,0.0438506303984465,0.0438506303984465,1.0,1.0
629,33,117158.46790677802,30083.499922083294,0.03001098373568985,0.04173442336770017,0.2095769456072923,0.2095769456072923,1.0,1.0
630,33,114681.20328618858,28431.94506624768,0.06861144272486729,0.0879117043049992,0.1709350279021279,0.1709350279021279,1.0,1.0
631,33,137485.19085450625,33908.133218197974,0.03928601959313443,0.05116303331188376,0.0703702233853063,0.0703702233853063,1.0,1.0
632,33,141950.77592842732,39910.8602606891,0.01248222447397822,0.016621630557102095,0.1341176714972834,0.1341176714972834,0.632586410167411,0.632586410167411
633,33,141950.77592842732,39910.8602606891,0.01248222447397822,0.016621630557102095,0.1341176714972834,0.1341176714972834,0.367413589832589,0.632586410167411
635,34,153964.51626854966,38482.96328652597,0.02486473001230458,0.03106399292429908,0.1215092915647837,0.1215092915647837,1.0,1.0
637,34,137599.609375,33982.47265625,0.041027940809726715,0.05100468173623085,0.1148192697396587,0.1148192697396587,1.0,1.0
640,35,146672.8125,37238.28125,0.01858271285891533,0.026377158239483833,0.2322536181943487,0.2322536181943487,1.0,1.0
